Workbook

Sheet Sheet1
A1: id | B1: rev_pro_id | C1: entity_id | D1: account_group_id | E1: account_id | F1: sub_account_id | H1: col1 | I1: col2 | J1: col3 | K1: finance_law | L1: annual_program_plan | M1: annual_percentage_law | N1: s1_total_bp | O1: s1_bp_jan | P1: s1_bp_feb | Q1: s1_bp_mar | R1: s1_total_est_imp | S1: s1_est_imp_jan | T1: s1_est_imp_feb | U1: s1_est_imp_mar | V1: s2_total_bp | W1: s2_bp_apr | X1: s2_bp_may | Y1: s2_bp_jun | Z1: s2_total_adj | AA1: s2_adj_apr | AB1: s2_adj_may | AC1: s2_adj_jun | AD1: s3_total_pb | AE1: s3_bp_jul | AF1: s3_bp_aug | AG1: s3_bp_sep | AH1: s3_total_est_imp | AI1: s3_est_imp_jul | AJ1: s3_est_imp_aug | AK1: s3_est_imp_sep | AL1: s4_total_bp | AM1: s4_bp_oct | AN1: s4_bp_nov | AO1: s4_bp_dec | AP1: s4_total_adj | AQ1: s4_adj_oct | AR1: s4_adj_nov | AS1: s4_adj_dec | AT1: remark
A2: 1 | B2: 0 | C2: 6 | J2: អគ្គនាយកដ្ឋានគយនិងរដ្ឋាករកម្ពុជា | K2: 0 | L2: 0 | M2: - | N2: 0 | O2: 0 | P2: 0 | Q2: 0 | R2: 0 | S2: 0 | T2: 0 | U2: 0 | V2: 0 | W2: 0 | X2: 0 | Y2: 0 | Z2: 0 | AA2: 0 | AB2: 0 | AC2: 0 | AD2: 0 | AE2: 0 | AF2: 0 | AG2: 0 | AH2: 0 | AI2: 0 | AJ2: 0 | AK2: 0 | AL2: 0 | AM2: 0 | AN2: 0 | AO2: 0 | AP2: 0 | AQ2: 0 | AR2: 0 | AS2: 0
A3: 2 | B3: 1 | D3: 18 | E3: 91 | F3: 482 | G3: 70 | H3: 7002 | I3: 70025 | J3: អាករលើតម្លៃបន្ថែម របបនាំចូល (សហគ្រាសប្រេងឥន្ធនៈ) | M3: - | N3: 0 | R3: 0 | V3: 0 | Z3: 0 | AD3: 0 | AH3: 0 | AL3: 0 | AP3: 0
A4: 3 | B4: 1 | D4: 18 | E4: 91 | F4: 483 | G4: 70 | H4: 7002 | I4: 70026 | J4: អាករលើតម្លៃបន្ថែម របបនាំចូល (សហគ្រាសផ្សេងៗទៀត) | M4: - | N4: 0 | R4: 0 | V4: 0 | Z4: 0 | AD4: 0 | AH4: 0 | AL4: 0 | AP4: 0
A5: 4 | B5: 1 | D5: 18 | E5: 91 | F5: 484 | G5: 70 | H5: 7002 | I5: 70027 | J5: អាករលើតម្លៃបន្ថែម របបនាំចូល (ជាបន្ទុករបស់រដ្ឋ) | M5: - | N5: 0 | R5: 0 | V5: 0 | Z5: 0 | AD5: 0 | AH5: 0 | AL5: 0 | AP5: 0
A6: 5 | B6: 1 | D6: 18 | E6: 92 | F6: 485 | G6: 70 | H6: 7003 | I6: 70032 | J6: អាករពិសេសលើទំនិញមួយចំនួន របបនាំចូល (សហគ្រាសប្រេងឥន្ធនៈ) | M6: - | N6: 0 | R6: 0 | V6: 0 | Z6: 0 | AD6: 0 | AH6: 0 | AL6: 0 | AP6: 0
A7: 6 | B7: 1 | D7: 18 | E7: 92 | F7: 486 | G7: 70 | H7: 7003 | I7: 70033 | J7: អាករពិសេសលើទំនិញមួយចំនួន របបនាំចូល (សហគ្រាសផ្សេងៗទៀត) | M7: - | N7: 0 | R7: 0 | V7: 0 | Z7: 0 | AD7: 0 | AH7: 0 | AL7: 0 | AP7: 0
A8: 7 | B8: 1 | D8: 19 | E8: 98 | F8: 487 | G8: 71 | H8: 7100 | I8: 71001 | J8: ពន្ធគយពីការនាំចូល | M8: - | N8: 0 | R8: 0 | V8: 0 | Z8: 0 | AD8: 0 | AH8: 0 | AL8: 0 | AP8: 0
A9: 8 | B9: 1 | D9: 19 | E9: 98 | F9: 488 | G9: 71 | H9: 7100 | I9: 71002 | J9: កម្រៃពីការងារគយ | M9: - | N9: 0 | R9: 0 | V9: 0 | Z9: 0 | AD9: 0 | AH9: 0 | AL9: 0 | AP9: 0
A10: 9 | B10: 1 | D10: 19 | E10: 98 | F10: 489 | G10: 71 | H10: 7100 | I10: 71003 | J10: ពន្ធគយលើផលិតផលតេលសីលា | M10: - | N10: 0 | R10: 0 | V10: 0 | Z10: 0 | AD10: 0 | AH10: 0 | AL10: 0 | AP10: 0
A11: 10 | B11: 1 | D11: 19 | E11: 98 | F11: 490 | G11: 71 | H11: 7100 | I11: 71004 | J11: អាករបន្ថែមលើផលិតផលតែលសិលាសំរាប់ថែទាំផ្លូវថ្នល់ | M11: - | N11: 0 | R11: 0 | V11: 0 | Z11: 0 | AD11: 0 | AH11: 0 | AL11: 0 | AP11: 0
A12: 11 | B12: 1 | D12: 19 | E12: 98 | F12: 491 | G12: 71 | H12: 7100 | I12: 71005 | J12: ផលពីការលក់ទំនិញរឹបអូស និងទំនិញគ្មានការទាមទារ | M12: - | N12: 0 | R12: 0 | V12: 0 | Z12: 0 | AD12: 0 | AH12: 0 | AL12: 0 | AP12: 0
A13: 12 | B13: 1 | D13: 19 | E13: 98 | F13: 492 | G13: 71 | H13: 7100 | I13: 71006 | J13: ពិន័យផ្សេងៗលើការនាំចូល | M13: - | N13: 0 | R13: 0 | V13: 0 | Z13: 0 | AD13: 0 | AH13: 0 | AL13: 0 | AP13: 0
A14: 13 | B14: 1 | D14: 19 | E14: 98 | F14: 493 | G14: 71 | H14: 7100 | I14: 71007 | J14: ពន្ធនាំចូល (ជាបន្ទុករបស់រដ្ឋ) | M14: - | N14: 0 | R14: 0 | V14: 0 | Z14: 0 | AD14: 0 | AH14: 0 | AL14: 0 | AP14: 0
... A24: 23 | B24: 1 | D24: 21 | E24: 109 | F24: 500 | G24: 73 | H24: 7308 | I24: 73087 | J24: ផលពីការត្រួតពិនិត្យគុណភាពផលិតផល និងការគោរពបទដ្ឋាន | M24: - | N24: 0 | R24: 0 | V24: 0 | Z24: 0 | AD24: 0 | AH24: 0 | AL24: 0 | AP24: 0
A25: 24 | B25: 0 | C25: 7 | F25: #N/A | J25: អគ្គនាយកដ្ឋានពន្ធដារ | K25: 0 | L25: 0 | M25: - | N25: 0 | O25: 0 | P25: 0 | Q25: 0 | R25: 0 | S25: 0 | T25: 0 | U25: 0 | V25: 0 | W25: 0 | X25: 0 | Y25: 0 | Z25: 0 | AA25: 0 | AB25: 0 | AC25: 0 | AD25: 0 | AE25: 0 | AF25: 0 | AG25: 0 | AH25: 0 | AI25: 0 | AJ25: 0 | AK25: 0 | AL25: 0 | AM25: 0 | AN25: 0 | AO25: 0 | AP25: 0 | AQ25: 0 | AR25: 0 | AS25: 0
A26: 25 | B26: 24 | D26: 18 | E26: 90 | F26: 457 | G26: 70 | H26: 7001 | I26: 70011 | J26: ពន្ធលើប្រាក់ចំណូល (រូបវន្តបុគ្គល) | L26: 0 | M26: - | N26: 0 | R26: 0 | V26: 0 | Z26: 0 | AD26: 0 | AH26: 0 | AL26: 0 | AP26: 0
A27: 26 | B27: 24 | D27: 18 | E27: 90 | F27: 458 | G27: 70 | H27: 7001 | I27: 70012 | J27: ពន្ធលើប្រាក់ចំណូល (នីតិបុគ្គល) | L27: 0 | M27: - | N27: 0 | R27: 0 | V27: 0 | Z27: 0 | AD27: 0 | AH27: 0 | AL27: 0 | AP27: 0
A28: 27 | B28: 24 | D28: 18 | E28: 90 | F28: 459 | G28: 70 | H28: 7001 | I28: 70013 | J28: ពន្ធលើប្រាក់បៀវត្ស | L28: 0 | M28: - | N28: 0 | R28: 0 | V28: 0 | Z28: 0 | AD28: 0 | AH28: 0 | AL28: 0 | AP28: 0
A29: 28 | B29: 24 | D29: 18 | E29: 90 | F29: 460 | G29: 70 | H29: 7001 | I29: 70014 | J29: ពន្ធលើឈ្នួលចលននិងអចលនទ្រព្យ (រូបវន្តបុគ្គល) | L29: 0 | M29: - | N29: 0 | R29: 0 | V29: 0 | Z29: 0 | AD29: 0 | AH29: 0 | AL29: 0 | AP29: 0
A30: 29 | B30: 24 | D30: 18 | E30: 90 | F30: 461 | G30: 70 | H30: 7001 | I30: 70015 | J30: ពន្ធលើឈ្នួលចលននិងអចលនទ្រព្យ (នីតិបុគ្គល) | L30: 0 | M30: - | N30: 0 | R30: 0 | V30: 0 | Z30: 0 | AD30: 0 | AH30: 0 | AL30: 0 | AP30: 0
A31: 30 | B31: 24 | D31: 18 | E31: 91 | F31: 462 | G31: 70 | H31: 7002 | I31: 70022 | J31: អាករលើតម្លៃបន្ថែម | L31: 0 | M31: - | N31: 0 | R31: 0 | V31: 0 | Z31: 0 | AD31: 0 | AH31: 0 | AL31: 0 | AP31: 0
A32: 31 | B32: 24 | D32: 18 | E32: 92 | F32: 463 | G32: 70 | H32: 7003 | I32: 70031 | J32: អាករពិសេសលើទំនិញមួយចំនួន | L32: 0 | M32: - | N32: 0 | R32: 0 | V32: 0 | Z32: 0 | AD32: 0 | AH32: 0 | AL32: 0 | AP32: 0
A33: 32 | B33: 24 | D33: 18 | E33: 92 | F33: 464 | G33: 70 | H33: 7003 | I33: 70034 | J33: អាករពិសេសលើសេវាមួយចំនួន | L33: 0 | M33: - | N33: 0 | R33: 0 | V33: 0 | Z33: 0 | AD33: 0 | AH33: 0 | AL33: 0 | AP33: 0
A34: 33 | B34: 24 | D34: 18 | E34: 97 | F34: 465 | G34: 70 | H34: 7008 | I34: 70081 | J34: ពន្ធតែមប្រិ៍ | L34: 0 | M34: - | N34: 0 | R34: 0 | V34: 0 | Z34: 0 | AD34: 0 | AH34: 0 | AL34: 0 | AP34: 0
A35: 34 | B35: 24 | D35: 18 | E35: 97 | F35: 466 | G35: 70 | H35: 7008 | I35: 70082 | J35: ប្រាក់ទោសទណ្ឌសារពើពន្ធ | L35: 0 | M35: - | N35: 0 | R35: 0 | V35: 0 | Z35: 0 | AD35: 0 | AH35: 0 | AL35: 0 | AP35: 0
A36: 35 | B36: 24 | D36: 21 | E36: 103 | F36: 467 | G36: 73 | H36: 7301 | I36: 73012 | J36: លក់ឯកសារ លតាប័ត្រ និង លិខិតបោះពុម្ភផ្សេងៗ | L36: 0 | M36: - | N36: 0 | R36: 0 | V36: 0 | Z36: 0 | AD36: 0 | AH36: 0 | AL36: 0 | AP36: 0
A37: 36 | B37: 24 | D37: 21 | E37: 104 | F37: 468 | G37: 73 | H37: 7302 | I37: 73023 | J37: ផលពីការបង្កើតសហគ្រាស | L37: 0 | M37: - | N37: 0 | R37: 0 | V37: 0 | Z37: 0 | AD37: 0 | AH37: 0 | AL37: 0 | AP37: 0
... A40: 39 | B40: 24 | D40: 21 | E40: 91 | F40: 471 | G40: 73 | H40: 7002 | I40: 70021 | J40: អាករលើផលរបរ | L40: 0 | M40: - | N40: 0 | R40: 0 | V40: 0 | Z40: 0 | AD40: 0 | AH40: 0 | AL40: 0 | AP40: 0
A41: 40 | B41: 0 | C41: 24 | F41: #N/A | J41: និយ័តករធានារ៉ាប់រងកម្ពុជា | K41: 0 | L41: 0 | M41: - | N41: 0 | O41: 0 | P41: 0 | Q41: 0 | R41: 0 | S41: 0 | T41: 0 | U41: 0 | V41: 0 | W41: 0 | X41: 0 | Y41: 0 | Z41: 0 | AA41: 0 | AB41: 0 | AC41: 0 | AD41: 0 | AE41: 0 | AF41: 0 | AG41: 0 | AH41: 0 | AI41: 0 | AJ41: 0 | AK41: 0 | AL41: 0 | AM41: 0 | AN41: 0 | AO41: 0 | AP41: 0 | AQ41: 0 | AR41: 0 | AS41: 0
A42: 41 | B42: 40 | D42: 21 | E42: 104 | F42: 472 | G42: 73 | H42: 7302 | I42: 73048 | J42: ផលពីសេវាផ្សេងៗទៀត | M42: - | N42: 0 | R42: 0 | V42: 0 | Z42: 0 | AD42: 0 | AH42: 0 | AL42: 0 | AP42: 0
A43: 42 | B43: 40 | D43: 21 | E43: 105 | F43: 473 | G43: 73 | H43: 7304 | I43: 73066 | J43: ចំណូលពីអាជ្ញាប័ណ្ណក្នុងស្រុក | M43: - | N43: 0 | R43: 0 | V43: 0 | Z43: 0 | AD43: 0 | AH43: 0 | AL43: 0 | AP43: 0
A44: 43 | B44: 0 | C44: 25 | F44: #N/A | J44: និយ័តករបរធនបាលកិច្ច | K44: 0 | L44: 0 | M44: - | N44: 0 | O44: 0 | P44: 0 | Q44: 0 | R44: 0 | S44: 0 | T44: 0 | U44: 0 | V44: 0 | W44: 0 | X44: 0 | Y44: 0 | Z44: 0 | AA44: 0 | AB44: 0 | AC44: 0 | AD44: 0 | AE44: 0 | AF44: 0 | AG44: 0 | AH44: 0 | AI44: 0 | AJ44: 0 | AK44: 0 | AL44: 0 | AM44: 0 | AN44: 0 | AO44: 0 | AP44: 0 | AQ44: 0 | AR44: 0 | AS44: 0
A45: 44 | B45: 43 | D45: 21 | E45: 104 | F45: 468 | G45: 73 | H45: 7302 | I45: 73023 | J45: ផលពីការបង្កើតសហគ្រាស | M45: - | N45: 0 | R45: 0 | V45: 0 | Z45: 0 | AD45: 0 | AH45: 0 | AL45: 0 | AP45: 0
A46: 45 | B46: 0 | C46: 26 | F46: #N/A | J46: និយ័តករអាជីវកម្មអចលនវត្ថុនិងបញ្ចាំ | K46: 0 | L46: 0 | M46: - | N46: 0 | O46: 0 | P46: 0 | Q46: 0 | R46: 0 | S46: 0 | T46: 0 | U46: 0 | V46: 0 | W46: 0 | X46: 0 | Y46: 0 | Z46: 0 | AA46: 0 | AB46: 0 | AC46: 0 | AD46: 0 | AE46: 0 | AF46: 0 | AG46: 0 | AH46: 0 | AI46: 0 | AJ46: 0 | AK46: 0 | AL46: 0 | AM46: 0 | AN46: 0 | AO46: 0 | AP46: 0 | AQ46: 0 | AR46: 0 | AS46: 0
A47: 46 | B47: 45 | D47: 21 | E47: 104 | F47: 468 | G47: 73 | H47: 7302 | I47: 73023 | J47: ផលពីការបង្កើតសហគ្រាស | L47: 0 | M47: - | N47: 0 | R47: 0 | V47: 0 | Z47: 0 | AD47: 0 | AH47: 0 | AL47: 0 | AP47: 0
A48: 47 | B48: 45 | D48: 21 | E48: 105 | F48: 472 | G48: 73 | H48: 7304 | I48: 73048 | J48: ផលពីសេវាផ្សេងៗទៀត | L48: 0 | M48: - | N48: 0 | R48: 0 | V48: 0 | Z48: 0 | AD48: 0 | AH48: 0 | AL48: 0 | AP48: 0
A49: 48 | B49: 45 | D49: 21 | E49: 107 | F49: 473 | G49: 73 | H49: 7306 | I49: 73066 | J49: ចំណូលពីអាជ្ញាប័ណ្ណក្នុងស្រុក | L49: 0 | M49: - | N49: 0 | R49: 0 | V49: 0 | Z49: 0 | AD49: 0 | AH49: 0 | AL49: 0 | AP49: 0
A50: 49 | B50: 0 | C50: 27 | F50: #N/A | J50: អគ្គលេខាធិការដ្ឋានគណៈកម្មការគ្រប់គ្រងល្បែងពាណិជ្ជកម្មកម្ពុជា | K50: 0 | L50: 0 | M50: - | N50: 0 | O50: 0 | P50: 0 | Q50: 0 | R50: 0 | S50: 0 | T50: 0 | U50: 0 | V50: 0 | W50: 0 | X50: 0 | Y50: 0 | Z50: 0 | AA50: 0 | AB50: 0 | AC50: 0 | AD50: 0 | AE50: 0 | AF50: 0 | AG50: 0 | AH50: 0 | AI50: 0 | AJ50: 0 | AK50: 0 | AL50: 0 | AM50: 0 | AN50: 0 | AO50: 0 | AP50: 0 | AQ50: 0 | AR50: 0 | AS50: 0
A51: 50 | B51: 49 | D51: 21 | E51: 107 | F51: 474 | G51: 73 | H51: 7306 | I51: 73061 | J51: ចំណូលពីកាតព្វកិច្ចកាស៊ីណូ | L51: 0 | M51: - | N51: 0 | R51: 0 | V51: 0 | Z51: 0 | AD51: 0 | AH51: 0 | AL51: 0 | AP51: 0
A52: 51 | B52: 49 | D52: 21 | E52: 107 | F52: 475 | G52: 73 | H52: 7306 | I52: 73062 | J52: ចំណូលពីកាតព្វកិច្ចឆ្នោត | L52: 0 | M52: - | N52: 0 | R52: 0 | V52: 0 | Z52: 0 | AD52: 0 | AH52: 0 | AL52: 0 | AP52: 0
A53: 52 | F53: #N/A | G53: ទីស្ដីការក្រសួង (បូកបញ្ចូលប្រតិបត្តិការឆ្លងកាត់រតនាគាជាតិ) | K53: 0 | L53: 0 | M53: - | N53: 0 | O53: 0 | P53: 0 | Q53: 0 | R53: 0 | S53: 0 | T53: 0 | U53: 0 | V53: 0 | W53: 0 | X53: 0 | Y53: 0 | Z53: 0 | AA53: 0 | AB53: 0 | AC53: 0 | AD53: 0 | AE53: 0 | AF53: 0 | AG53: 0 | AH53: 0 | AI53: 0 | AJ53: 0 | AK53: 0 | AL53: 0 | AM53: 0 | AN53: 0 | AO53: 0 | AP53: 0 | AQ53: 0 | AR53: 0 | AS53: 0
A54: 53 | F54: #N/A | G54: ទីស្ដីការក្រសួង (មិនបញ្ចូលប្រតិបត្តិការមិនឆ្លងកាត់រតនាគារជាតិ) | K54: 0 | L54: 0 | M54: - | N54: 0 | O54: 0 | P54: 0 | Q54: 0 | R54: 0 | S54: 0 | T54: 0 | U54: 0 | V54: 0 | W54: 0 | X54: 0 | Y54: 0 | Z54: 0 | AA54: 0 | AB54: 0 | AC54: 0 | AD54: 0 | AE54: 0 | AF54: 0 | AG54: 0 | AH54: 0 | AI54: 0 | AJ54: 0 | AK54: 0 | AL54: 0 | AM54: 0 | AN54: 0 | AO54: 0 | AP54: 0 | AQ54: 0 | AR54: 0 | AS54: 0
A55: 54 | B55: 0 | C55: 16 | F55: #N/A | J55: និយ័តករគណនេយ្យនិងសវនកម្ម | K55: 0 | L55: 0 | M55: - | N55: 0 | O55: 0 | P55: 0 | Q55: 0 | R55: 0 | S55: 0 | T55: 0 | U55: 0 | V55: 0 | W55: 0 | X55: 0 | Y55: 0 | Z55: 0 | AA55: 0 | AB55: 0 | AC55: 0 | AD55: 0 | AE55: 0 | AF55: 0 | AG55: 0 | AH55: 0 | AI55: 0 | AJ55: 0 | AK55: 0 | AL55: 0 | AM55: 0 | AN55: 0 | AO55: 0 | AP55: 0 | AQ55: 0 | AR55: 0 | AS55: 0
A56: 55 | B56: 54 | D56: 21 | E56: 102 | F56: 476 | G56: 73 | H56: 7300 | I56: 73001 | J56: ផលទុនអាកាសចរស៊ីវិល | L56: 0 | M56: - | N56: 0 | R56: 0 | V56: 0 | Z56: 0 | AD56: 0 | AH56: 0 | AL56: 0 | AP56: 0
A57: 56 | B57: 54 | D57: 21 | E57: 104 | F57: 468 | G57: 73 | H57: 7302 | I57: 73023 | J57: ផលពីការបង្កើតសហគ្រាស | L57: 0 | M57: - | N57: 0 | R57: 0 | V57: 0 | Z57: 0 | AD57: 0 | AH57: 0 | AL57: 0 | AP57: 0
A58: 57 | B58: 54 | D58: 21 | E58: 107 | F58: 473 | G58: 73 | H58: 7306 | I58: 73066 | J58: ចំណូលពីអាជ្ញាប័ណ្ណក្នុងស្រុក | L58: 0 | M58: - | N58: 0 | R58: 0 | V58: 0 | Z58: 0 | AD58: 0 | AH58: 0 | AL58: 0 | AP58: 0
A59: 58 | B59: 0 | C59: 13 | F59: #N/A | J59: អគ្គនាយកដ្ឋានសហប្រតិបត្តិការអន្តរជាតិនិងគ្រប់គ្រងបំណុល | K59: 0 | L59: 0 | M59: - | N59: 0 | O59: 0 | P59: 0 | Q59: 0 | R59: 0 | S59: 0 | T59: 0 | U59: 0 | V59: 0 | W59: 0 | X59: 0 | Y59: 0 | Z59: 0 | AA59: 0 | AB59: 0 | AC59: 0 | AD59: 0 | AE59: 0 | AF59: 0 | AG59: 0 | AH59: 0 | AI59: 0 | AJ59: 0 | AK59: 0 | AL59: 0 | AM59: 0 | AN59: 0 | AO59: 0 | AP59: 0 | AQ59: 0 | AR59: 0 | AS59: 0
A60: 59 | B60: 58 | D60: 24 | E60: 127 | F60: 477 | G60: 76 | H60: 7601 | I60: 76011 | J60: ការប្រាក់លើការឱ្យខ្ចី | L60: 0 | M60: - | N60: 0 | R60: 0 | V60: 0 | Z60: 0 | AD60: 0 | AH60: 0 | AL60: 0 | AP60: 0
A61: 60 | F61: #N/A | J61: ប្រតិបត្ដិការឆ្លងកាត់អគ្គនាយកដ្ឋានរតនាគារជាតិ | K61: 0 | L61: 0 | M61: - | N61: 0 | O61: 0 | P61: 0 | Q61: 0 | R61: 0 | S61: 0 | T61: 0 | U61: 0 | V61: 0 | W61: 0 | X61: 0 | Y61: 0 | Z61: 0 | AA61: 0 | AB61: 0 | AC61: 0 | AD61: 0 | AE61: 0 | AF61: 0 | AG61: 0 | AH61: 0 | AI61: 0 | AJ61: 0 | AK61: 0 | AL61: 0 | AM61: 0 | AN61: 0 | AO61: 0 | AP61: 0 | AQ61: 0 | AR61: 0 | AS61: 0
A62: 61 | B62: 58 | D62: 6 | E62: 19 | F62: 208 | G62: 27 | H62: 2701 | I62: 27011 | J62: ការឱ្យខ្ចី ទៅសហគ្រាសសាធារណៈ | L62: 0 | M62: - | N62: 0 | R62: 0 | V62: 0 | Z62: 0 | AD62: 0 | AH62: 0 | AL62: 0 | AP62: 0
A63: 62 | B63: 58 | D63: 23 | E63: 124 | F63: 478 | G63: 75 | H63: 7514 | I63: 75141 | J63: ឧបត្ថម្ភកធនពីក្រៅប្រទេស-ទ្វេភាគី សម្រាប់ចំណាយវិនិយោគ | L63: 0 | M63: - | N63: 0 | R63: 0 | V63: 0 | Z63: 0 | AD63: 0 | AH63: 0 | AL63: 0 | AP63: 0
A64: 63 | B64: 58 | D64: 23 | E64: 124 | F64: 479 | G64: 75 | H64: 7514 | I64: 75142 | J64: ឧបត្ថម្ភធនពីក្រៅប្រទេស-ពហុភាគី សម្រាប់ចំណាយវិនិយោគ | L64: 0 | M64: - | N64: 0 | R64: 0 | V64: 0 | Z64: 0 | AD64: 0 | AH64: 0 | AL64: 0 | AP64: 0
A65: 64 | B65: 58 | D65: 7 | E65: 22 | F65: 217 | G65: 50 | H65: 5002 | I65: 50021 | J65: ការខ្ចីក្រៅប្រទេស-ពហុភាគី | L65: 0 | M65: - | N65: 0 | R65: 0 | V65: 0 | Z65: 0 | AD65: 0 | AH65: 0 | AL65: 0 | AP65: 0
A66: 65 | B66: 58 | D66: 7 | E66: 22 | F66: 218 | G66: 50 | H66: 5002 | I66: 50022 | J66: ការខ្ចីក្រៅប្រទេស-ទ្វេភាគី | L66: 0 | M66: - | N66: 0 | R66: 0 | V66: 0 | Z66: 0 | AD66: 0 | AH66: 0 | AL66: 0 | AP66: 0
A67: 66 | B67: 58 | D67: 7 | F67: 219 | G67: 50 | H67: 5004 | I67: 50041 | J67: សញ្ញាប័ណ្ណ | L67: 0 | M67: - | N67: 0 | R67: 0 | V67: 0 | Z67: 0 | AD67: 0 | AH67: 0 | AL67: 0 | AP67: 0
A68: 67 | F68: #N/A | J68: ប្រតិបត្ដិការមិនឆ្លងកាត់អគ្គនាយកដ្ឋានរតនាគារជាតិ | K68: 0 | L68: 0 | M68: - | N68: 0 | O68: 0 | P68: 0 | Q68: 0 | R68: 0 | S68: 0 | T68: 0 | U68: 0 | V68: 0 | W68: 0 | X68: 0 | Y68: 0 | Z68: 0 | AA68: 0 | AB68: 0 | AC68: 0 | AD68: 0 | AE68: 0 | AF68: 0 | AG68: 0 | AH68: 0 | AI68: 0 | AJ68: 0 | AK68: 0 | AL68: 0 | AM68: 0 | AN68: 0 | AO68: 0 | AP68: 0 | AQ68: 0 | AR68: 0 | AS68: 0
A69: 68 | B69: 58 | D69: 23 | E69: 124 | F69: 478 | G69: 75 | H69: 7514 | I69: 75141 | J69: ឧបត្ថម្ភកធនពីក្រៅប្រទេស-ទ្វេភាគី សម្រាប់ចំណាយវិនិយោគ | L69: 0 | M69: - | N69: 0 | R69: 0 | V69: 0 | Z69: 0 | AD69: 0 | AH69: 0 | AL69: 0 | AP69: 0
A70: 69 | B70: 58 | D70: 23 | E70: 124 | F70: 479 | G70: 75 | H70: 7514 | I70: 75142 | J70: ឧបត្ថម្ភកធនពីក្រៅប្រទេស-ពហុភាគី សម្រាប់ចំណាយវិនិយោគ | L70: 0 | M70: - | N70: 0 | R70: 0 | V70: 0 | Z70: 0 | AD70: 0 | AH70: 0 | AL70: 0 | AP70: 0
A71: 70 | B71: 58 | D71: 7 | E71: 22 | F71: 217 | G71: 50 | H71: 5002 | I71: 50021 | J71: ការខ្ចីក្រៅប្រទេស-ពហុភាគី | L71: 0 | M71: - | N71: 0 | R71: 0 | V71: 0 | Z71: 0 | AD71: 0 | AH71: 0 | AL71: 0 | AP71: 0
A72: 71 | B72: 58 | D72: 7 | E72: 22 | F72: 218 | G72: 50 | H72: 5002 | I72: 50022 | J72: ការខ្ចីក្រៅប្រទេស-ទ្វេភាគី | L72: 0 | M72: - | N72: 0 | R72: 0 | V72: 0 | Z72: 0 | AD72: 0 | AH72: 0 | AL72: 0 | AP72: 0
A73: 72 | B73: 0 | C73: 28 | F73: #N/A | J73: ២. មន្ទីរសេដ្ឋកិច្ចនិងហិរញ្ញវត្ថុរាជធានី-ខេត្ដ | K73: 0 | L73: 0 | M73: - | N73: 0 | O73: 0 | P73: 0 | Q73: 0 | R73: 0 | S73: 0 | T73: 0 | U73: 0 | V73: 0 | W73: 0 | X73: 0 | Y73: 0 | Z73: 0 | AA73: 0 | AB73: 0 | AC73: 0 | AD73: 0 | AE73: 0 | AF73: 0 | AG73: 0 | AH73: 0 | AI73: 0 | AJ73: 0 | AK73: 0 | AL73: 0 | AM73: 0 | AN73: 0 | AO73: 0 | AP73: 0 | AQ73: 0 | AR73: 0 | AS73: 0
A74: 73 | B74: 72 | D74: 21 | E74: 104 | F74: 468 | G74: 73 | H74: 7302 | I74: 73023 | J74: ផលពីការបង្កើតសហគ្រាស | L74: 0 | M74: - | N74: 0 | R74: 0 | S74: 0 | T74: 0 | U74: 0 | V74: 0 | Z74: 0 | AA74: 0 | AB74: 0 | AC74: 0 | AD74: 0 | AH74: 0 | AI74: 0 | AJ74: 0 | AK74: 0 | AL74: 0 | AP74: 0 | AQ74: 0 | AR74: 0 | AS74: 0
A75: 74 | B75: 72 | D75: 21 | E75: 107 | F75: 473 | G75: 73 | H75: 7306 | I75: 73066 | J75: ចំណូលពីអាជ្ញាប័ណ្ណក្នុងស្រុក | L75: 0 | M75: - | N75: 0 | R75: 0 | S75: 0 | T75: 0 | U75: 0 | V75: 0 | Z75: 0 | AA75: 0 | AB75: 0 | AC75: 0 | AD75: 0 | AH75: 0 | AI75: 0 | AJ75: 0 | AK75: 0 | AL75: 0 | AP75: 0 | AQ75: 0 | AR75: 0 | AS75: 0
A76: 75 | B76: 72 | D76: 21 | E76: 108 | F76: 480 | G76: 73 | H76: 7307 | I76: 73071 | J76: ការជួលដីទំនេរ | L76: 0 | M76: - | N76: 0 | R76: 0 | S76: 0 | T76: 0 | U76: 0 | V76: 0 | Z76: 0 | AA76: 0 | AB76: 0 | AC76: 0 | AD76: 0 | AH76: 0 | AI76: 0 | AJ76: 0 | AK76: 0 | AL76: 0 | AP76: 0 | AQ76: 0 | AR76: 0 | AS76: 0
A77: 76 | B77: 72 | D77: 21 | E77: 108 | F77: 481 | G77: 73 | H77: 7307 | I77: 73072 | J77: ការជួលដីមានអគារ | L77: 0 | M77: - | N77: 0 | R77: 0 | S77: 0 | T77: 0 | U77: 0 | V77: 0 | Z77: 0 | AA77: 0 | AB77: 0 | AC77: 0 | AD77: 0 | AH77: 0 | AI77: 0 | AJ77: 0 | AK77: 0 | AL77: 0 | AP77: 0 | AQ77: 0 | AR77: 0 | AS77: 0

Sheet by Min.
AB2: ព្រះរាជាណាចក្រកម្ពុជា | AN2: ព្រះរាជាណាចក្រកម្ពុជា
G3: ក្រសួងសេដ្ឋកិច្ច​និងហិរញ្ញវត្ថុ | AB3: ជាតិ សាសនា ព្រះមហាក្សត្រ | AN3: ជាតិ សាសនា ព្រះមហាក្សត្រ
G4: អគ្គលេខាធិការដ្ឋាន | Y4: ​
G7: គម្រោងកម្មវិធីចំណូល​ថវិកាថ្នាក់ជាតិ-ប្រចាំឆ្នាំ២០២២
G8: របស់ក្រសួងសេដ្ឋកិច្ចនិងហិរញ្ញវត្ថុ
A9: id | B9: rev_pro_id | C9: entity_id | D9: account_group_id | E9: account_id | F9: sub_account_id | K9: finance_law | L9: annual_program_plan | M9: annual_percentage_law | N9: s1_total_bp | O9: s1_bp_jan | P9: s1_bp_feb | Q9: s1_bp_mar | R9: s1_total_est_imp | S9: s1_est_imp_jan | T9: s1_est_imp_feb | U9: s1_est_imp_mar | V9: s2_total_bp | W9: s2_bp_apr | X9: s2_bp_may | Y9: s2_bp_jun | Z9: s2_total_adj | AA9: s2_adj_apr | AB9: s2_adj_may | AC9: s2_adj_jun | AD9: s3_total_pb | AE9: s3_bp_jul | AF9: s3_bp_aug | AG9: s3_bp_sep | AH9: s3_total_est_imp | AI9: s3_est_imp_jul | AJ9: s3_est_imp_aug | AK9: s3_est_imp_sep | AL9: s4_total_bp | AM9: s4_bp_oct | AN9: s4_bp_nov | AO9: s4_bp_dec | AP9: s4_total_adj | AQ9: s4_adj_oct | AR9: s4_adj_nov | AS9: s4_adj_dec | AT9: remark | AU9: ឯកតា៖ ពាន់រៀល
G10: ជំពូក | H10: គណនី | I10: អនុគណនី | J10: ក្រសួង-ស្ថាប័ន | K10: ច្បាប់ ហិរញ្ញវត្ថុ | L10: សរុបគម្រោង កម្មវិធីប្រចាំឆ្នំា | N10: ត្រីមាសទី១ | V10: ត្រីមាសទី២ | AD10: ត្រីមាសទី៣ | AL10: ត្រីមាសទី៤ | AT10: ផ្សេងៗ
N11: គ្រោងដើមឆ្នាំ | R11: ប៉ាន់ស្មានអនុវត្ត | V11: គ្រោងដើមឆ្នាំ | Z11: ស្នើសុំកែតម្រូវ | AD11: គ្រោងដើមឆ្នាំ | AH11: ប៉ាន់ស្មានអនុវត្ត | AL11: គ្រោង​ដើមឆ្នាំ | AP11: ស្នើសុំ​កែតម្រូវ
L12: ទឹកប្រាក់ | M12: %ច្បាប់ | N12: សរុប | O12: ខែ១ | P12: ខែ​២ | Q12: ខែ​៣ | R12: សរុប | S12: អនុ.ខែ១ | T12: អនុ.ខែ​២ | U12: អនុ.ខែ​៣ | V12: សរុប | W12: ខែ៤ | X12: ខែ​៥ | Y12: ខែ​៦ | Z12: សរុប | AA12: ខែ៤ | AB12: ខែ​៥ | AC12: ខែ​៦ | AD12: សរុប | AE12: ខែ៧ | AF12: ខែ​៨ | AG12: ខែ​៩ | AH12: សរុប | AI12: អនុ.ខែ៧ | AJ12: អនុ.ខែ​៨ | AK12: ប៉ាន់អនុ.ខែ​៩ | AL12: សរុប | AM12: ខែ១០ | AN12: ខែ​១១ | AO12: ខែ​១២ | AP12: សរុប | AQ12: ខែ១០ | AR12: ខែ​១១ | AS12: ខែ​១២
J13: ក្រសួងសេដ្ឋកិច្ច និងហិរញ្ញវត្ថុ | K13: =K14+K87 -> 0 | L13: =L14+L87 -> 0 | M13: =IFERROR(L13/K13, "-") -> - | N13: =N14+N87 -> 0 | O13: =O14+O87 -> 0 | P13: =P14+P87 -> 0 | Q13: =Q14+Q87 -> 0 | R13: =R14+R87 -> 0 | S13: =S14+S87 -> 0 | T13: =T14+T87 -> 0 | U13: =U14+U87 -> 0 | ... AS13: =AS14+AS87 -> 0 | AU13: =IF(SUM(K13:L13)<>0, "OK", "-") -> -
G14: ១.សរុបរួមថ្នាក់កណ្តាល (បូកបញ្ចូលចំណូលមិនឆ្លងកាត់រតនាគារជាតិ) | K14: =K16+K39+K55+K58+K60+K64+K67 -> 0 | L14: =L16+L39+L55+L58+L60+L64+L67 -> 0 | M14: =IFERROR(L14/K14, "-") -> - | N14: =N16+N39+N55+N58+N60+N64+N67 -> 0 | O14: =O16+O39+O55+O58+O60+O64+O67 -> 0 | P14: =P16+P39+P55+P58+P60+P64+P67 -> 0 | Q14: =Q16+Q39+Q55+Q58+Q60+Q64+Q67 -> 0 | R14: =R16+R39+R55+R58+R60+R64+R67 -> 0 | S14: =S16+S39+S55+S58+S60+S64+S67 -> 0 | T14: =T16+T39+T55+T58+T60+T64+T67 -> 0 | U14: =U16+U39+U55+U58+U60+U64+U67 -> 0 | ... AS14: =AS16+AS39+AS55+AS58+AS60+AS64+AS67 -> 0 | AU14: =IF(SUM(K14:L14)<>0, "OK", "-") -> -
G15: ១.សរុបរួមថ្នាក់កណ្តាល (មិនបូកបញ្ចូលចំណូលមិនឆ្លងកាត់រតនាគារជាតិ) | K15: =K16+K39+K55+K58+K60+K64+K68 -> 0 | L15: =L16+L39+L55+L58+L60+L64+L68 -> 0 | M15: =IFERROR(L15/K15, "-") -> - | N15: =N16+N39+N55+N58+N60+N64+N68 -> 0 | O15: =O16+O39+O55+O58+O60+O64+O68 -> 0 | P15: =P16+P39+P55+P58+P60+P64+P68 -> 0 | Q15: =Q16+Q39+Q55+Q58+Q60+Q64+Q68 -> 0 | R15: =R16+R39+R55+R58+R60+R64+R68 -> 0 | S15: =S16+S39+S55+S58+S60+S64+S68 -> 0 | T15: =T16+T39+T55+T58+T60+T64+T68 -> 0 | U15: =U16+U39+U55+U58+U60+U64+U68 -> 0 | ... AS15: =AS16+AS39+AS55+AS58+AS60+AS64+AS68 -> 0 | AU15: =IF(SUM(K15:L15)<>0, "OK", "-") -> -
A16: 1 | C16: =IFERROR(INDEX([1]Entity!$A$2:$A$503,MATCH($J16,[1]Entity!$E$2:$E$503,0)),"") -> 6 | J16: អគ្គនាយកដ្ឋានគយនិងរដ្ឋាករកម្ពុជា | K16: =SUM(K17:K38) -> 0 | L16: =SUM(L17:L38) -> 0 | M16: =IFERROR(L16/K16, "-") -> - | N16: =SUM(N17:N38) -> 0 | O16: =SUM(O17:O38) -> 0 | P16: =SUM(P17:P38) -> 0 | Q16: =SUM(Q17:Q38) -> 0 | R16: =SUM(R17:R38) -> 0 | S16: =SUM(S17:S38) -> 0 | T16: =SUM(T17:T38) -> 0 | U16: =SUM(U17:U38) -> 0 | ... AS16: =SUM(AS17:AS38) -> 0 | AU16: =IF(SUM(K16:L16)<>0, "OK", "-") -> -
A17: 2 | B17: 1 | C17: =IFERROR(INDEX([1]Entity!$A$2:$A$503,MATCH($J17,[1]Entity!$E$2:$E$503,0)),"") | D17: =IFERROR(INDEX('[2]Account Group'!$A:$A,MATCH(G17,'[2]Account Group'!$B:$B,0)),"") -> 18 | E17: =IFERROR(INDEX([3]Account!$A:$A,MATCH(H17,[3]Account!$D:$D,0)),"") -> 91 | F17: =INDEX('[4]Sub Account'!$A:$A,MATCH(I17,'[4]Sub Account'!$D:$D,0)) -> 482 | G17: 70 | H17: 7002 | I17: 70025 | J17: អាករលើតម្លៃបន្ថែម របបនាំចូល (សហគ្រាសប្រេងឥន្ធនៈ) | M17: =IFERROR(L17/K17, "-") -> - | N17: =SUM(O17:Q17) -> 0 | R17: =SUM(S17:U17) -> 0 | V17: =SUM(W17:Y17) -> 0 | Z17: =SUM(AA17:AC17) -> 0 | AD17: =SUM(AE17:AG17) -> 0 | AH17: =SUM(AI17:AK17) -> 0 | AL17: =SUM(AM17:AO17) -> 0 | AP17: =SUM(AQ17:AS17) -> 0 | AU17: =IF(SUM(K17:L17)<>0, "OK", "-") -> -
A18: 3 | B18: 1 | C18: =IFERROR(INDEX([1]Entity!$A$2:$A$503,MATCH($J18,[1]Entity!$E$2:$E$503,0)),"") | D18: =IFERROR(INDEX('[2]Account Group'!$A:$A,MATCH(G18,'[2]Account Group'!$B:$B,0)),"") -> 18 | E18: =IFERROR(INDEX([3]Account!$A:$A,MATCH(H18,[3]Account!$D:$D,0)),"") -> 91 | F18: =INDEX('[4]Sub Account'!$A:$A,MATCH(I18,'[4]Sub Account'!$D:$D,0)) -> 483 | G18: 70 | H18: 7002 | I18: 70026 | J18: អាករលើតម្លៃបន្ថែម របបនាំចូល (សហគ្រាសផ្សេងៗទៀត) | M18: =IFERROR(L18/K18, "-") -> - | N18: =SUM(O18:Q18) -> 0 | R18: =SUM(S18:U18) -> 0 | V18: =SUM(W18:Y18) -> 0 | Z18: =SUM(AA18:AC18) -> 0 | AD18: =SUM(AE18:AG18) -> 0 | AH18: =SUM(AI18:AK18) -> 0 | AL18: =SUM(AM18:AO18) -> 0 | AP18: =SUM(AQ18:AS18) -> 0 | AU18: =IF(SUM(K18:L18)<>0, "OK", "-") -> -
A19: 4 | B19: 1 | C19: =IFERROR(INDEX([1]Entity!$A$2:$A$503,MATCH($J19,[1]Entity!$E$2:$E$503,0)),"") | D19: =IFERROR(INDEX('[2]Account Group'!$A:$A,MATCH(G19,'[2]Account Group'!$B:$B,0)),"") -> 18 | E19: =IFERROR(INDEX([3]Account!$A:$A,MATCH(H19,[3]Account!$D:$D,0)),"") -> 91 | F19: =INDEX('[4]Sub Account'!$A:$A,MATCH(I19,'[4]Sub Account'!$D:$D,0)) -> 484 | G19: 70 | H19: 7002 | I19: 70027 | J19: អាករលើតម្លៃបន្ថែម របបនាំចូល (ជាបន្ទុករបស់រដ្ឋ) | M19: =IFERROR(L19/K19, "-") -> - | N19: =SUM(O19:Q19) -> 0 | R19: =SUM(S19:U19) -> 0 | V19: =SUM(W19:Y19) -> 0 | Z19: =SUM(AA19:AC19) -> 0 | AD19: =SUM(AE19:AG19) -> 0 | AH19: =SUM(AI19:AK19) -> 0 | AL19: =SUM(AM19:AO19) -> 0 | AP19: =SUM(AQ19:AS19) -> 0 | AU19: =IF(SUM(K19:L19)<>0, "OK", "-") -> -
A20: 5 | B20: 1 | C20: =IFERROR(INDEX([1]Entity!$A$2:$A$503,MATCH($J20,[1]Entity!$E$2:$E$503,0)),"") | D20: =IFERROR(INDEX('[2]Account Group'!$A:$A,MATCH(G20,'[2]Account Group'!$B:$B,0)),"") -> 18 | E20: =IFERROR(INDEX([3]Account!$A:$A,MATCH(H20,[3]Account!$D:$D,0)),"") -> 92 | F20: =INDEX('[4]Sub Account'!$A:$A,MATCH(I20,'[4]Sub Account'!$D:$D,0)) -> 485 | G20: 70 | H20: 7003 | I20: 70032 | J20: អាករពិសេសលើទំនិញមួយចំនួន របបនាំចូល (សហគ្រាសប្រេងឥន្ធនៈ) | M20: =IFERROR(L20/K20, "-") -> - | N20: =SUM(O20:Q20) -> 0 | R20: =SUM(S20:U20) -> 0 | V20: =SUM(W20:Y20) -> 0 | Z20: =SUM(AA20:AC20) -> 0 | AD20: =SUM(AE20:AG20) -> 0 | AH20: =SUM(AI20:AK20) -> 0 | AL20: =SUM(AM20:AO20) -> 0 | AP20: =SUM(AQ20:AS20) -> 0 | AU20: =IF(SUM(K20:L20)<>0, "OK", "-") -> -
A21: 6 | B21: 1 | C21: =IFERROR(INDEX([1]Entity!$A$2:$A$503,MATCH($J21,[1]Entity!$E$2:$E$503,0)),"") | D21: =IFERROR(INDEX('[2]Account Group'!$A:$A,MATCH(G21,'[2]Account Group'!$B:$B,0)),"") -> 18 | E21: =IFERROR(INDEX([3]Account!$A:$A,MATCH(H21,[3]Account!$D:$D,0)),"") -> 92 | F21: =INDEX('[4]Sub Account'!$A:$A,MATCH(I21,'[4]Sub Account'!$D:$D,0)) -> 486 | G21: 70 | H21: 7003 | I21: 70033 | J21: អាករពិសេសលើទំនិញមួយចំនួន របបនាំចូល (សហគ្រាសផ្សេងៗទៀត) | M21: =IFERROR(L21/K21, "-") -> - | N21: =SUM(O21:Q21) -> 0 | R21: =SUM(S21:U21) -> 0 | V21: =SUM(W21:Y21) -> 0 | Z21: =SUM(AA21:AC21) -> 0 | AD21: =SUM(AE21:AG21) -> 0 | AH21: =SUM(AI21:AK21) -> 0 | AL21: =SUM(AM21:AO21) -> 0 | AP21: =SUM(AQ21:AS21) -> 0 | AU21: =IF(SUM(K21:L21)<>0, "OK", "-") -> -
A22: 7 | B22: 1 | C22: =IFERROR(INDEX([1]Entity!$A$2:$A$503,MATCH($J22,[1]Entity!$E$2:$E$503,0)),"") | D22: =IFERROR(INDEX('[2]Account Group'!$A:$A,MATCH(G22,'[2]Account Group'!$B:$B,0)),"") -> 19 | E22: =IFERROR(INDEX([3]Account!$A:$A,MATCH(H22,[3]Account!$D:$D,0)),"") -> 98 | F22: =INDEX('[4]Sub Account'!$A:$A,MATCH(I22,'[4]Sub Account'!$D:$D,0)) -> 487 | G22: 71 | H22: 7100 | I22: 71001 | J22: ពន្ធគយពីការនាំចូល | M22: =IFERROR(L22/K22, "-") -> - | N22: =SUM(O22:Q22) -> 0 | R22: =SUM(S22:U22) -> 0 | V22: =SUM(W22:Y22) -> 0 | Z22: =SUM(AA22:AC22) -> 0 | AD22: =SUM(AE22:AG22) -> 0 | AH22: =SUM(AI22:AK22) -> 0 | AL22: =SUM(AM22:AO22) -> 0 | AP22: =SUM(AQ22:AS22) -> 0 | AU22: =IF(SUM(K22:L22)<>0, "OK", "-") -> -
A23: 8 | B23: 1 | C23: =IFERROR(INDEX([1]Entity!$A$2:$A$503,MATCH($J23,[1]Entity!$E$2:$E$503,0)),"") | D23: =IFERROR(INDEX('[2]Account Group'!$A:$A,MATCH(G23,'[2]Account Group'!$B:$B,0)),"") -> 19 | E23: =IFERROR(INDEX([3]Account!$A:$A,MATCH(H23,[3]Account!$D:$D,0)),"") -> 98 | F23: =INDEX('[4]Sub Account'!$A:$A,MATCH(I23,'[4]Sub Account'!$D:$D,0)) -> 488 | G23: 71 | H23: 7100 | I23: 71002 | J23: កម្រៃពីការងារគយ | M23: =IFERROR(L23/K23, "-") -> - | N23: =SUM(O23:Q23) -> 0 | R23: =SUM(S23:U23) -> 0 | V23: =SUM(W23:Y23) -> 0 | Z23: =SUM(AA23:AC23) -> 0 | AD23: =SUM(AE23:AG23) -> 0 | AH23: =SUM(AI23:AK23) -> 0 | AL23: =SUM(AM23:AO23) -> 0 | AP23: =SUM(AQ23:AS23) -> 0 | AU23: =IF(SUM(K23:L23)<>0, "OK", "-") -> -
A24: 9 | B24: 1 | C24: =IFERROR(INDEX([1]Entity!$A$2:$A$503,MATCH($J24,[1]Entity!$E$2:$E$503,0)),"") | D24: =IFERROR(INDEX('[2]Account Group'!$A:$A,MATCH(G24,'[2]Account Group'!$B:$B,0)),"") -> 19 | E24: =IFERROR(INDEX([3]Account!$A:$A,MATCH(H24,[3]Account!$D:$D,0)),"") -> 98 | F24: =INDEX('[4]Sub Account'!$A:$A,MATCH(I24,'[4]Sub Account'!$D:$D,0)) -> 489 | G24: 71 | H24: 7100 | I24: 71003 | J24: ពន្ធគយលើផលិតផលតេលសីលា | M24: =IFERROR(L24/K24, "-") -> - | N24: =SUM(O24:Q24) -> 0 | R24: =SUM(S24:U24) -> 0 | V24: =SUM(W24:Y24) -> 0 | Z24: =SUM(AA24:AC24) -> 0 | AD24: =SUM(AE24:AG24) -> 0 | AH24: =SUM(AI24:AK24) -> 0 | AL24: =SUM(AM24:AO24) -> 0 | AP24: =SUM(AQ24:AS24) -> 0 | AU24: =IF(SUM(K24:L24)<>0, "OK", "-") -> -
A25: 10 | B25: 1 | C25: =IFERROR(INDEX([1]Entity!$A$2:$A$503,MATCH($J25,[1]Entity!$E$2:$E$503,0)),"") | D25: =IFERROR(INDEX('[2]Account Group'!$A:$A,MATCH(G25,'[2]Account Group'!$B:$B,0)),"") -> 19 | E25: =IFERROR(INDEX([3]Account!$A:$A,MATCH(H25,[3]Account!$D:$D,0)),"") -> 98 | F25: =INDEX('[4]Sub Account'!$A:$A,MATCH(I25,'[4]Sub Account'!$D:$D,0)) -> 490 | G25: 71 | H25: 7100 | I25: 71004 | J25: អាករបន្ថែមលើផលិតផលតែលសិលាសំរាប់ថែទាំផ្លូវថ្នល់ | M25: =IFERROR(L25/K25, "-") -> - | N25: =SUM(O25:Q25) -> 0 | R25: =SUM(S25:U25) -> 0 | V25: =SUM(W25:Y25) -> 0 | Z25: =SUM(AA25:AC25) -> 0 | AD25: =SUM(AE25:AG25) -> 0 | AH25: =SUM(AI25:AK25) -> 0 | AL25: =SUM(AM25:AO25) -> 0 | AP25: =SUM(AQ25:AS25) -> 0 | AU25: =IF(SUM(K25:L25)<>0, "OK", "-") -> -
A26: 11 | B26: 1 | C26: =IFERROR(INDEX([1]Entity!$A$2:$A$503,MATCH($J26,[1]Entity!$E$2:$E$503,0)),"") | D26: =IFERROR(INDEX('[2]Account Group'!$A:$A,MATCH(G26,'[2]Account Group'!$B:$B,0)),"") -> 19 | E26: =IFERROR(INDEX([3]Account!$A:$A,MATCH(H26,[3]Account!$D:$D,0)),"") -> 98 | F26: =INDEX('[4]Sub Account'!$A:$A,MATCH(I26,'[4]Sub Account'!$D:$D,0)) -> 491 | G26: 71 | H26: 7100 | I26: 71005 | J26: ផលពីការលក់ទំនិញរឹបអូស និងទំនិញគ្មានការទាមទារ | M26: =IFERROR(L26/K26, "-") -> - | N26: =SUM(O26:Q26) -> 0 | R26: =SUM(S26:U26) -> 0 | V26: =SUM(W26:Y26) -> 0 | Z26: =SUM(AA26:AC26) -> 0 | AD26: =SUM(AE26:AG26) -> 0 | AH26: =SUM(AI26:AK26) -> 0 | AL26: =SUM(AM26:AO26) -> 0 | AP26: =SUM(AQ26:AS26) -> 0 | AU26: =IF(SUM(K26:L26)<>0, "OK", "-") -> -
A27: 12 | B27: 1 | C27: =IFERROR(INDEX([1]Entity!$A$2:$A$503,MATCH($J27,[1]Entity!$E$2:$E$503,0)),"") | D27: =IFERROR(INDEX('[2]Account Group'!$A:$A,MATCH(G27,'[2]Account Group'!$B:$B,0)),"") -> 19 | E27: =IFERROR(INDEX([3]Account!$A:$A,MATCH(H27,[3]Account!$D:$D,0)),"") -> 98 | F27: =INDEX('[4]Sub Account'!$A:$A,MATCH(I27,'[4]Sub Account'!$D:$D,0)) -> 492 | G27: 71 | H27: 7100 | I27: 71006 | J27: ពិន័យផ្សេងៗលើការនាំចូល | M27: =IFERROR(L27/K27, "-") -> - | N27: =SUM(O27:Q27) -> 0 | R27: =SUM(S27:U27) -> 0 | V27: =SUM(W27:Y27) -> 0 | Z27: =SUM(AA27:AC27) -> 0 | AD27: =SUM(AE27:AG27) -> 0 | AH27: =SUM(AI27:AK27) -> 0 | AL27: =SUM(AM27:AO27) -> 0 | AP27: =SUM(AQ27:AS27) -> 0 | AU27: =IF(SUM(K27:L27)<>0, "OK", "-") -> -
A28: 13 | B28: 1 | C28: =IFERROR(INDEX([1]Entity!$A$2:$A$503,MATCH($J28,[1]Entity!$E$2:$E$503,0)),"") | D28: =IFERROR(INDEX('[2]Account Group'!$A:$A,MATCH(G28,'[2]Account Group'!$B:$B,0)),"") -> 19 | E28: =IFERROR(INDEX([3]Account!$A:$A,MATCH(H28,[3]Account!$D:$D,0)),"") -> 98 | F28: =INDEX('[4]Sub Account'!$A:$A,MATCH(I28,'[4]Sub Account'!$D:$D,0)) -> 493 | G28: 71 | H28: 7100 | I28: 71007 | J28: ពន្ធនាំចូល (ជាបន្ទុករបស់រដ្ឋ) | M28: =IFERROR(L28/K28, "-") -> - | N28: =SUM(O28:Q28) -> 0 | R28: =SUM(S28:U28) -> 0 | V28: =SUM(W28:Y28) -> 0 | Z28: =SUM(AA28:AC28) -> 0 | AD28: =SUM(AE28:AG28) -> 0 | AH28: =SUM(AI28:AK28) -> 0 | AL28: =SUM(AM28:AO28) -> 0 | AP28: =SUM(AQ28:AS28) -> 0 | AU28: =IF(SUM(K28:L28)<>0, "OK", "-") -> -
... A38: 23 | B38: 1 | C38: =IFERROR(INDEX([1]Entity!$A$2:$A$503,MATCH($J38,[1]Entity!$E$2:$E$503,0)),"") | D38: =IFERROR(INDEX('[2]Account Group'!$A:$A,MATCH(G38,'[2]Account Group'!$B:$B,0)),"") -> 21 | E38: =IFERROR(INDEX([3]Account!$A:$A,MATCH(H38,[3]Account!$D:$D,0)),"") -> 109 | F38: =INDEX('[4]Sub Account'!$A:$A,MATCH(I38,'[4]Sub Account'!$D:$D,0)) -> 500 | G38: 73 | H38: 7308 | I38: 73087 | J38: ផលពីការត្រួតពិនិត្យគុណភាពផលិតផល និងការគោរពបទដ្ឋាន | M38: =IFERROR(L38/K38, "-") -> - | N38: =SUM(O38:Q38) -> 0 | R38: =SUM(S38:U38) -> 0 | V38: =SUM(W38:Y38) -> 0 | Z38: =SUM(AA38:AC38) -> 0 | AD38: =SUM(AE38:AG38) -> 0 | AH38: =SUM(AI38:AK38) -> 0 | AL38: =SUM(AM38:AO38) -> 0 | AP38: =SUM(AQ38:AS38) -> 0 | AU38: =IF(SUM(K38:L38)<>0, "OK", "-") -> -
A39: 24 | C39: =IFERROR(INDEX([1]Entity!$A$2:$A$503,MATCH(TRIM($J39),[1]Entity!$E$2:$E$503,0)),"") -> 7 | D39: =IFERROR(INDEX('[2]Account Group'!$A:$A,MATCH(G39,'[2]Account Group'!$B:$B,0)),"") | E39: =IFERROR(INDEX([3]Account!$A:$A,MATCH(H39,[3]Account!$D:$D,0)),"") | F39: =INDEX('[4]Sub Account'!$A:$A,MATCH(I39,'[4]Sub Account'!$D:$D,0)) -> #N/A | J39: អគ្គនាយកដ្ឋានពន្ធដារ | K39: =SUM(K40:K54) -> 0 | L39: =SUM(L40:L54) -> 0 | M39: =IFERROR(L39/K39, "-") -> - | N39: =SUM(N40:N54) -> 0 | O39: =SUM(O40:O54) -> 0 | P39: =SUM(P40:P54) -> 0 | Q39: =SUM(Q40:Q54) -> 0 | R39: =SUM(R40:R54) -> 0 | S39: =SUM(S40:S54) -> 0 | T39: =SUM(T40:T54) -> 0 | U39: =SUM(U40:U54) -> 0 | ... AS39: =SUM(AS40:AS54) -> 0 | AU39: =IF(SUM(K39:L39)<>0, "OK", "-") -> -
A40: 25 | B40: 24 | D40: =IFERROR(INDEX('[2]Account Group'!$A:$A,MATCH(G40,'[2]Account Group'!$B:$B,0)),"") -> 18 | E40: =IFERROR(INDEX([3]Account!$A:$A,MATCH(H40,[3]Account!$D:$D,0)),"") -> 90 | F40: =INDEX('[4]Sub Account'!$A:$A,MATCH(I40,'[4]Sub Account'!$D:$D,0)) -> 457 | G40: 70 | H40: 7001 | I40: 70011 | J40: ពន្ធលើប្រាក់ចំណូល (រូបវន្តបុគ្គល) | L40: =N40+V40+AD40+AL40 -> 0 | M40: =IFERROR(L40/K40, "-") -> - | N40: =SUM(O40:Q40) -> 0 | R40: =SUM(S40:U40) -> 0 | V40: =SUM(W40:Y40) -> 0 | Z40: =SUM(AA40:AC40) -> 0 | AD40: =SUM(AE40:AG40) -> 0 | AH40: =SUM(AI40:AK40) -> 0 | AL40: =SUM(AM40:AO40) -> 0 | AP40: =SUM(AQ40:AS40) -> 0 | AU40: =IF(SUM(K40:L40)<>0, "OK", "-") -> -
A41: 26 | B41: 24 | D41: =IFERROR(INDEX('[2]Account Group'!$A:$A,MATCH(G41,'[2]Account Group'!$B:$B,0)),"") -> 18 | E41: =IFERROR(INDEX([3]Account!$A:$A,MATCH(H41,[3]Account!$D:$D,0)),"") -> 90 | F41: =INDEX('[4]Sub Account'!$A:$A,MATCH(I41,'[4]Sub Account'!$D:$D,0)) -> 458 | G41: 70 | H41: 7001 | I41: 70012 | J41: ពន្ធលើប្រាក់ចំណូល (នីតិបុគ្គល) | L41: =N41+V41+AD41+AL41 -> 0 | M41: =IFERROR(L41/K41, "-") -> - | N41: =SUM(O41:Q41) -> 0 | R41: =SUM(S41:U41) -> 0 | V41: =SUM(W41:Y41) -> 0 | Z41: =SUM(AA41:AC41) -> 0 | AD41: =SUM(AE41:AG41) -> 0 | AH41: =SUM(AI41:AK41) -> 0 | AL41: =SUM(AM41:AO41) -> 0 | AP41: =SUM(AQ41:AS41) -> 0 | AU41: =IF(SUM(K41:L41)<>0, "OK", "-") -> -
A42: 27 | B42: 24 | D42: =IFERROR(INDEX('[2]Account Group'!$A:$A,MATCH(G42,'[2]Account Group'!$B:$B,0)),"") -> 18 | E42: =IFERROR(INDEX([3]Account!$A:$A,MATCH(H42,[3]Account!$D:$D,0)),"") -> 90 | F42: =INDEX('[4]Sub Account'!$A:$A,MATCH(I42,'[4]Sub Account'!$D:$D,0)) -> 459 | G42: 70 | H42: 7001 | I42: 70013 | J42: ពន្ធលើប្រាក់បៀវត្ស | L42: =N42+V42+AD42+AL42 -> 0 | M42: =IFERROR(L42/K42, "-") -> - | N42: =SUM(O42:Q42) -> 0 | R42: =SUM(S42:U42) -> 0 | V42: =SUM(W42:Y42) -> 0 | Z42: =SUM(AA42:AC42) -> 0 | AD42: =SUM(AE42:AG42) -> 0 | AH42: =SUM(AI42:AK42) -> 0 | AL42: =SUM(AM42:AO42) -> 0 | AP42: =SUM(AQ42:AS42) -> 0 | AU42: =IF(SUM(K42:L42)<>0, "OK", "-") -> -
A43: 28 | B43: 24 | D43: =IFERROR(INDEX('[2]Account Group'!$A:$A,MATCH(G43,'[2]Account Group'!$B:$B,0)),"") -> 18 | E43: =IFERROR(INDEX([3]Account!$A:$A,MATCH(H43,[3]Account!$D:$D,0)),"") -> 90 | F43: =INDEX('[4]Sub Account'!$A:$A,MATCH(I43,'[4]Sub Account'!$D:$D,0)) -> 460 | G43: 70 | H43: 7001 | I43: 70014 | J43: ពន្ធលើឈ្នួលចលននិងអចលនទ្រព្យ (រូបវន្តបុគ្គល) | L43: =N43+V43+AD43+AL43 -> 0 | M43: =IFERROR(L43/K43, "-") -> - | N43: =SUM(O43:Q43) -> 0 | R43: =SUM(S43:U43) -> 0 | V43: =SUM(W43:Y43) -> 0 | Z43: =SUM(AA43:AC43) -> 0 | AD43: =SUM(AE43:AG43) -> 0 | AH43: =SUM(AI43:AK43) -> 0 | AL43: =SUM(AM43:AO43) -> 0 | AP43: =SUM(AQ43:AS43) -> 0 | AU43: =IF(SUM(K43:L43)<>0, "OK", "-") -> -
A44: 29 | B44: 24 | D44: =IFERROR(INDEX('[2]Account Group'!$A:$A,MATCH(G44,'[2]Account Group'!$B:$B,0)),"") -> 18 | E44: =IFERROR(INDEX([3]Account!$A:$A,MATCH(H44,[3]Account!$D:$D,0)),"") -> 90 | F44: =INDEX('[4]Sub Account'!$A:$A,MATCH(I44,'[4]Sub Account'!$D:$D,0)) -> 461 | G44: 70 | H44: 7001 | I44: 70015 | J44: ពន្ធលើឈ្នួលចលននិងអចលនទ្រព្យ (នីតិបុគ្គល) | L44: =N44+V44+AD44+AL44 -> 0 | M44: =IFERROR(L44/K44, "-") -> - | N44: =SUM(O44:Q44) -> 0 | R44: =SUM(S44:U44) -> 0 | V44: =SUM(W44:Y44) -> 0 | Z44: =SUM(AA44:AC44) -> 0 | AD44: =SUM(AE44:AG44) -> 0 | AH44: =SUM(AI44:AK44) -> 0 | AL44: =SUM(AM44:AO44) -> 0 | AP44: =SUM(AQ44:AS44) -> 0 | AU44: =IF(SUM(K44:L44)<>0, "OK", "-") -> -
A45: 30 | B45: 24 | D45: =IFERROR(INDEX('[2]Account Group'!$A:$A,MATCH(G45,'[2]Account Group'!$B:$B,0)),"") -> 18 | E45: =IFERROR(INDEX([3]Account!$A:$A,MATCH(H45,[3]Account!$D:$D,0)),"") -> 91 | F45: =INDEX('[4]Sub Account'!$A:$A,MATCH(I45,'[4]Sub Account'!$D:$D,0)) -> 462 | G45: 70 | H45: 7002 | I45: 70022 | J45: អាករលើតម្លៃបន្ថែម | L45: =N45+V45+AD45+AL45 -> 0 | M45: =IFERROR(L45/K45, "-") -> - | N45: =SUM(O45:Q45) -> 0 | R45: =SUM(S45:U45) -> 0 | V45: =SUM(W45:Y45) -> 0 | Z45: =SUM(AA45:AC45) -> 0 | AD45: =SUM(AE45:AG45) -> 0 | AH45: =SUM(AI45:AK45) -> 0 | AL45: =SUM(AM45:AO45) -> 0 | AP45: =SUM(AQ45:AS45) -> 0 | AU45: =IF(SUM(K45:L45)<>0, "OK", "-") -> -
A46: 31 | B46: 24 | D46: =IFERROR(INDEX('[2]Account Group'!$A:$A,MATCH(G46,'[2]Account Group'!$B:$B,0)),"") -> 18 | E46: =IFERROR(INDEX([3]Account!$A:$A,MATCH(H46,[3]Account!$D:$D,0)),"") -> 92 | F46: =INDEX('[4]Sub Account'!$A:$A,MATCH(I46,'[4]Sub Account'!$D:$D,0)) -> 463 | G46: 70 | H46: 7003 | I46: 70031 | J46: អាករពិសេសលើទំនិញមួយចំនួន | L46: =N46+V46+AD46+AL46 -> 0 | M46: =IFERROR(L46/K46, "-") -> - | N46: =SUM(O46:Q46) -> 0 | R46: =SUM(S46:U46) -> 0 | V46: =SUM(W46:Y46) -> 0 | Z46: =SUM(AA46:AC46) -> 0 | AD46: =SUM(AE46:AG46) -> 0 | AH46: =SUM(AI46:AK46) -> 0 | AL46: =SUM(AM46:AO46) -> 0 | AP46: =SUM(AQ46:AS46) -> 0 | AU46: =IF(SUM(K46:L46)<>0, "OK", "-") -> -
A47: 32 | B47: 24 | D47: =IFERROR(INDEX('[2]Account Group'!$A:$A,MATCH(G47,'[2]Account Group'!$B:$B,0)),"") -> 18 | E47: =IFERROR(INDEX([3]Account!$A:$A,MATCH(H47,[3]Account!$D:$D,0)),"") -> 92 | F47: =INDEX('[4]Sub Account'!$A:$A,MATCH(I47,'[4]Sub Account'!$D:$D,0)) -> 464 | G47: 70 | H47: 7003 | I47: 70034 | J47: អាករពិសេសលើសេវាមួយចំនួន | L47: =N47+V47+AD47+AL47 -> 0 | M47: =IFERROR(L47/K47, "-") -> - | N47: =SUM(O47:Q47) -> 0 | R47: =SUM(S47:U47) -> 0 | V47: =SUM(W47:Y47) -> 0 | Z47: =SUM(AA47:AC47) -> 0 | AD47: =SUM(AE47:AG47) -> 0 | AH47: =SUM(AI47:AK47) -> 0 | AL47: =SUM(AM47:AO47) -> 0 | AP47: =SUM(AQ47:AS47) -> 0 | AU47: =IF(SUM(K47:L47)<>0, "OK", "-") -> -
A48: 33 | B48: 24 | D48: =IFERROR(INDEX('[2]Account Group'!$A:$A,MATCH(G48,'[2]Account Group'!$B:$B,0)),"") -> 18 | E48: =IFERROR(INDEX([3]Account!$A:$A,MATCH(H48,[3]Account!$D:$D,0)),"") -> 97 | F48: =INDEX('[4]Sub Account'!$A:$A,MATCH(I48,'[4]Sub Account'!$D:$D,0)) -> 465 | G48: 70 | H48: 7008 | I48: 70081 | J48: ពន្ធតែមប្រិ៍ | L48: =N48+V48+AD48+AL48 -> 0 | M48: =IFERROR(L48/K48, "-") -> - | N48: =SUM(O48:Q48) -> 0 | R48: =SUM(S48:U48) -> 0 | V48: =SUM(W48:Y48) -> 0 | Z48: =SUM(AA48:AC48) -> 0 | AD48: =SUM(AE48:AG48) -> 0 | AH48: =SUM(AI48:AK48) -> 0 | AL48: =SUM(AM48:AO48) -> 0 | AP48: =SUM(AQ48:AS48) -> 0 | AU48: =IF(SUM(K48:L48)<>0, "OK", "-") -> -
A49: 34 | B49: 24 | D49: =IFERROR(INDEX('[2]Account Group'!$A:$A,MATCH(G49,'[2]Account Group'!$B:$B,0)),"") -> 18 | E49: =IFERROR(INDEX([3]Account!$A:$A,MATCH(H49,[3]Account!$D:$D,0)),"") -> 97 | F49: =INDEX('[4]Sub Account'!$A:$A,MATCH(I49,'[4]Sub Account'!$D:$D,0)) -> 466 | G49: 70 | H49: 7008 | I49: 70082 | J49: ប្រាក់ទោសទណ្ឌសារពើពន្ធ | L49: =N49+V49+AD49+AL49 -> 0 | M49: =IFERROR(L49/K49, "-") -> - | N49: =SUM(O49:Q49) -> 0 | R49: =SUM(S49:U49) -> 0 | V49: =SUM(W49:Y49) -> 0 | Z49: =SUM(AA49:AC49) -> 0 | AD49: =SUM(AE49:AG49) -> 0 | AH49: =SUM(AI49:AK49) -> 0 | AL49: =SUM(AM49:AO49) -> 0 | AP49: =SUM(AQ49:AS49) -> 0 | AU49: =IF(SUM(K49:L49)<>0, "OK", "-") -> -
A50: 35 | B50: 24 | D50: =IFERROR(INDEX('[2]Account Group'!$A:$A,MATCH(G50,'[2]Account Group'!$B:$B,0)),"") -> 21 | E50: =IFERROR(INDEX([3]Account!$A:$A,MATCH(H50,[3]Account!$D:$D,0)),"") -> 103 | F50: =INDEX('[4]Sub Account'!$A:$A,MATCH(I50,'[4]Sub Account'!$D:$D,0)) -> 467 | G50: 73 | H50: 7301 | I50: 73012 | J50: លក់ឯកសារ លតាប័ត្រ និង លិខិតបោះពុម្ភផ្សេងៗ | L50: =N50+V50+AD50+AL50 -> 0 | M50: =IFERROR(L50/K50, "-") -> - | N50: =SUM(O50:Q50) -> 0 | R50: =SUM(S50:U50) -> 0 | V50: =SUM(W50:Y50) -> 0 | Z50: =SUM(AA50:AC50) -> 0 | AD50: =SUM(AE50:AG50) -> 0 | AH50: =SUM(AI50:AK50) -> 0 | AL50: =SUM(AM50:AO50) -> 0 | AP50: =SUM(AQ50:AS50) -> 0 | AU50: =IF(SUM(K50:L50)<>0, "OK", "-") -> -
A51: 36 | B51: 24 | D51: =IFERROR(INDEX('[2]Account Group'!$A:$A,MATCH(G51,'[2]Account Group'!$B:$B,0)),"") -> 21 | E51: =IFERROR(INDEX([3]Account!$A:$A,MATCH(H51,[3]Account!$D:$D,0)),"") -> 104 | F51: =INDEX('[4]Sub Account'!$A:$A,MATCH(I51,'[4]Sub Account'!$D:$D,0)) -> 468 | G51: 73 | H51: 7302 | I51: 73023 | J51: ផលពីការបង្កើតសហគ្រាស | L51: =N51+V51+AD51+AL51 -> 0 | M51: =IFERROR(L51/K51, "-") -> - | N51: =SUM(O51:Q51) -> 0 | R51: =SUM(S51:U51) -> 0 | V51: =SUM(W51:Y51) -> 0 | Z51: =SUM(AA51:AC51) -> 0 | AD51: =SUM(AE51:AG51) -> 0 | AH51: =SUM(AI51:AK51) -> 0 | AL51: =SUM(AM51:AO51) -> 0 | AP51: =SUM(AQ51:AS51) -> 0 | AU51: =IF(SUM(K51:L51)<>0, "OK", "-") -> -
... A54: 39 | B54: 24 | D54: =IFERROR(INDEX('[2]Account Group'!$A:$A,MATCH(G54,'[2]Account Group'!$B:$B,0)),"") -> 21 | E54: =IFERROR(INDEX([3]Account!$A:$A,MATCH(H54,[3]Account!$D:$D,0)),"") -> 91 | F54: =INDEX('[4]Sub Account'!$A:$A,MATCH(I54,'[4]Sub Account'!$D:$D,0)) -> 471 | G54: 73 | H54: 7002 | I54: 70021 | J54: អាករលើផលរបរ | L54: =N54+V54+AD54+AL54 -> 0 | M54: =IFERROR(L54/K54, "-") -> - | N54: =SUM(O54:Q54) -> 0 | R54: =SUM(S54:U54) -> 0 | V54: =SUM(W54:Y54) -> 0 | Z54: =SUM(AA54:AC54) -> 0 | AD54: =SUM(AE54:AG54) -> 0 | AH54: =SUM(AI54:AK54) -> 0 | AL54: =SUM(AM54:AO54) -> 0 | AP54: =SUM(AQ54:AS54) -> 0 | AU54: =IF(SUM(K54:L54)<>0, "OK", "-") -> -
A55: 40 | C55: =IFERROR(INDEX([1]Entity!$A$2:$A$503,MATCH(TRIM($J55),[1]Entity!$E$2:$E$503,0)),"") -> 24 | D55: =IFERROR(INDEX('[2]Account Group'!$A:$A,MATCH(G55,'[2]Account Group'!$B:$B,0)),"") | E55: =IFERROR(INDEX([3]Account!$A:$A,MATCH(H55,[3]Account!$D:$D,0)),"") | F55: =INDEX('[4]Sub Account'!$A:$A,MATCH(I55,'[4]Sub Account'!$D:$D,0)) -> #N/A | J55: និយ័តករធានារ៉ាប់រងកម្ពុជា | K55: =SUM(K56:K57) -> 0 | L55: =SUM(L56:L57) -> 0 | M55: =IFERROR(L55/K55, "-") -> - | N55: =SUM(N56:N57) -> 0 | O55: =SUM(O56:O57) -> 0 | P55: =SUM(P56:P57) -> 0 | Q55: =SUM(Q56:Q57) -> 0 | R55: =SUM(R56:R57) -> 0 | S55: =SUM(S56:S57) -> 0 | T55: =SUM(T56:T57) -> 0 | U55: =SUM(U56:U57) -> 0 | ... AS55: =SUM(AS56:AS57) -> 0 | AU55: =IF(SUM(K55:L55)<>0, "OK", "-") -> -
A56: 41 | B56: 40 | D56: =IFERROR(INDEX('[2]Account Group'!$A:$A,MATCH(G56,'[2]Account Group'!$B:$B,0)),"") -> 21 | E56: =IFERROR(INDEX([3]Account!$A:$A,MATCH(H56,[3]Account!$D:$D,0)),"") -> 104 | F56: =INDEX('[4]Sub Account'!$A:$A,MATCH(I56,'[4]Sub Account'!$D:$D,0)) -> 472 | G56: 73 | H56: 7302 | I56: 73048 | J56: ផលពីសេវាផ្សេងៗទៀត | M56: =IFERROR(L56/K56, "-") -> - | N56: =SUM(O56:Q56) -> 0 | R56: =SUM(S56:U56) -> 0 | V56: =SUM(W56:Y56) -> 0 | Z56: =SUM(AA56:AC56) -> 0 | AD56: =SUM(AE56:AG56) -> 0 | AH56: =SUM(AI56:AK56) -> 0 | AL56: =SUM(AM56:AO56) -> 0 | AP56: =SUM(AQ56:AS56) -> 0 | AU56: =IF(SUM(K56:L56)<>0, "OK", "-") -> -
A57: 42 | B57: 40 | D57: =IFERROR(INDEX('[2]Account Group'!$A:$A,MATCH(G57,'[2]Account Group'!$B:$B,0)),"") -> 21 | E57: =IFERROR(INDEX([3]Account!$A:$A,MATCH(H57,[3]Account!$D:$D,0)),"") -> 105 | F57: =INDEX('[4]Sub Account'!$A:$A,MATCH(I57,'[4]Sub Account'!$D:$D,0)) -> 473 | G57: 73 | H57: 7304 | I57: 73066 | J57: ចំណូលពីអាជ្ញាប័ណ្ណក្នុងស្រុក | M57: =IFERROR(L57/K57, "-") -> - | N57: =SUM(O57:Q57) -> 0 | R57: =SUM(S57:U57) -> 0 | V57: =SUM(W57:Y57) -> 0 | Z57: =SUM(AA57:AC57) -> 0 | AD57: =SUM(AE57:AG57) -> 0 | AH57: =SUM(AI57:AK57) -> 0 | AL57: =SUM(AM57:AO57) -> 0 | AP57: =SUM(AQ57:AS57) -> 0 | AU57: =IF(SUM(K57:L57)<>0, "OK", "-") -> -
A58: 43 | C58: =IFERROR(INDEX([1]Entity!$A$2:$A$503,MATCH(TRIM($J58),[1]Entity!$E$2:$E$503,0)),"") -> 25 | D58: =IFERROR(INDEX('[2]Account Group'!$A:$A,MATCH(G58,'[2]Account Group'!$B:$B,0)),"") | E58: =IFERROR(INDEX([3]Account!$A:$A,MATCH(H58,[3]Account!$D:$D,0)),"") | F58: =INDEX('[4]Sub Account'!$A:$A,MATCH(I58,'[4]Sub Account'!$D:$D,0)) -> #N/A | J58: និយ័តករបរធនបាលកិច្ច | K58: =K59 -> 0 | L58: =L59 -> 0 | M58: =IFERROR(L58/K58, "-") -> - | N58: =N59 -> 0 | O58: =O59 -> 0 | P58: =P59 -> 0 | Q58: =Q59 -> 0 | R58: =R59 -> 0 | S58: =S59 -> 0 | T58: =T59 -> 0 | U58: =U59 -> 0 | ... AS58: =AS59 -> 0 | AU58: =IF(SUM(K58:L58)<>0, "OK", "-") -> -
A59: 44 | B59: 43 | D59: =IFERROR(INDEX('[2]Account Group'!$A:$A,MATCH(G59,'[2]Account Group'!$B:$B,0)),"") -> 21 | E59: =IFERROR(INDEX([3]Account!$A:$A,MATCH(H59,[3]Account!$D:$D,0)),"") -> 104 | F59: =INDEX('[4]Sub Account'!$A:$A,MATCH(I59,'[4]Sub Account'!$D:$D,0)) -> 468 | G59: 73 | H59: 7302 | I59: 73023 | J59: ផលពីការបង្កើតសហគ្រាស | M59: =IFERROR(L59/K59, "-") -> - | N59: =SUM(O59:Q59) -> 0 | R59: =SUM(S59:U59) -> 0 | V59: =SUM(W59:Y59) -> 0 | Z59: =SUM(AA59:AC59) -> 0 | AD59: =SUM(AE59:AG59) -> 0 | AH59: =SUM(AI59:AK59) -> 0 | AL59: =SUM(AM59:AO59) -> 0 | AP59: =SUM(AQ59:AS59) -> 0 | AU59: =IF(SUM(K59:L59)<>0, "OK", "-") -> -
A60: 45 | C60: =IFERROR(INDEX([1]Entity!$A$2:$A$503,MATCH(TRIM($J60),[1]Entity!$E$2:$E$503,0)),"") -> 26 | D60: =IFERROR(INDEX('[2]Account Group'!$A:$A,MATCH(G60,'[2]Account Group'!$B:$B,0)),"") | E60: =IFERROR(INDEX([3]Account!$A:$A,MATCH(H60,[3]Account!$D:$D,0)),"") | F60: =INDEX('[4]Sub Account'!$A:$A,MATCH(I60,'[4]Sub Account'!$D:$D,0)) -> #N/A | J60: និយ័តករអាជីវកម្មអចលនវត្ថុនិងបញ្ចាំ | K60: =SUM(K61:K63) -> 0 | L60: =SUM(L61:L63) -> 0 | M60: =IFERROR(L60/K60, "-") -> - | N60: =SUM(N61:N63) -> 0 | O60: =SUM(O61:O63) -> 0 | P60: =SUM(P61:P63) -> 0 | Q60: =SUM(Q61:Q63) -> 0 | R60: =SUM(R61:R63) -> 0 | S60: =SUM(S61:S63) -> 0 | T60: =SUM(T61:T63) -> 0 | U60: =SUM(U61:U63) -> 0 | ... AS60: =SUM(AS61:AS63) -> 0 | AU60: =IF(SUM(K60:L60)<>0, "OK", "-") -> -
A61: 46 | B61: 45 | D61: =IFERROR(INDEX('[2]Account Group'!$A:$A,MATCH(G61,'[2]Account Group'!$B:$B,0)),"") -> 21 | E61: =IFERROR(INDEX([3]Account!$A:$A,MATCH(H61,[3]Account!$D:$D,0)),"") -> 104 | F61: =INDEX('[4]Sub Account'!$A:$A,MATCH(I61,'[4]Sub Account'!$D:$D,0)) -> 468 | G61: 73 | H61: 7302 | I61: 73023 | J61: ផលពីការបង្កើតសហគ្រាស | L61: =N61+V61+AD61+AL61 -> 0 | M61: =IFERROR(L61/K61, "-") -> - | N61: =SUM(O61:Q61) -> 0 | R61: =SUM(S61:U61) -> 0 | V61: =SUM(W61:Y61) -> 0 | Z61: =SUM(AA61:AC61) -> 0 | AD61: =SUM(AE61:AG61) -> 0 | AH61: =SUM(AI61:AK61) -> 0 | AL61: =SUM(AM61:AO61) -> 0 | AP61: =SUM(AQ61:AS61) -> 0 | AU61: =IF(SUM(K61:L61)<>0, "OK", "-") -> -
A62: 47 | B62: 45 | D62: =IFERROR(INDEX('[2]Account Group'!$A:$A,MATCH(G62,'[2]Account Group'!$B:$B,0)),"") -> 21 | E62: =IFERROR(INDEX([3]Account!$A:$A,MATCH(H62,[3]Account!$D:$D,0)),"") -> 105 | F62: =INDEX('[4]Sub Account'!$A:$A,MATCH(I62,'[4]Sub Account'!$D:$D,0)) -> 472 | G62: 73 | H62: 7304 | I62: 73048 | J62: ផលពីសេវាផ្សេងៗទៀត | L62: =N62+V62+AD62+AL62 -> 0 | M62: =IFERROR(L62/K62, "-") -> - | N62: =SUM(O62:Q62) -> 0 | R62: =SUM(S62:U62) -> 0 | V62: =SUM(W62:Y62) -> 0 | Z62: =SUM(AA62:AC62) -> 0 | AD62: =SUM(AE62:AG62) -> 0 | AH62: =SUM(AI62:AK62) -> 0 | AL62: =SUM(AM62:AO62) -> 0 | AP62: =SUM(AQ62:AS62) -> 0 | AU62: =IF(SUM(K62:L62)<>0, "OK", "-") -> -
A63: 48 | B63: 45 | D63: =IFERROR(INDEX('[2]Account Group'!$A:$A,MATCH(G63,'[2]Account Group'!$B:$B,0)),"") -> 21 | E63: =IFERROR(INDEX([3]Account!$A:$A,MATCH(H63,[3]Account!$D:$D,0)),"") -> 107 | F63: =INDEX('[4]Sub Account'!$A:$A,MATCH(I63,'[4]Sub Account'!$D:$D,0)) -> 473 | G63: 73 | H63: 7306 | I63: 73066 | J63: ចំណូលពីអាជ្ញាប័ណ្ណក្នុងស្រុក | L63: =N63+V63+AD63+AL63 -> 0 | M63: =IFERROR(L63/K63, "-") -> - | N63: =SUM(O63:Q63) -> 0 | R63: =SUM(S63:U63) -> 0 | V63: =SUM(W63:Y63) -> 0 | Z63: =SUM(AA63:AC63) -> 0 | AD63: =SUM(AE63:AG63) -> 0 | AH63: =SUM(AI63:AK63) -> 0 | AL63: =SUM(AM63:AO63) -> 0 | AP63: =SUM(AQ63:AS63) -> 0 | AU63: =IF(SUM(K63:L63)<>0, "OK", "-") -> -
A64: 49 | C64: =IFERROR(INDEX([1]Entity!$A$2:$A$503,MATCH(TRIM($J64),[1]Entity!$E$2:$E$503,0)),"") -> 27 | D64: =IFERROR(INDEX('[2]Account Group'!$A:$A,MATCH(G64,'[2]Account Group'!$B:$B,0)),"") | E64: =IFERROR(INDEX([3]Account!$A:$A,MATCH(H64,[3]Account!$D:$D,0)),"") | F64: =INDEX('[4]Sub Account'!$A:$A,MATCH(I64,'[4]Sub Account'!$D:$D,0)) -> #N/A | J64: អគ្គលេខាធិការដ្ឋានគណៈកម្មការគ្រប់គ្រងល្បែងពាណិជ្ជកម្មកម្ពុជា | K64: =SUM(K65:K66) -> 0 | L64: =SUM(L65:L66) -> 0 | M64: =IFERROR(L64/K64, "-") -> - | N64: =SUM(N65:N66) -> 0 | O64: =SUM(O65:O66) -> 0 | P64: =SUM(P65:P66) -> 0 | Q64: =SUM(Q65:Q66) -> 0 | R64: =SUM(R65:R66) -> 0 | S64: =SUM(S65:S66) -> 0 | T64: =SUM(T65:T66) -> 0 | U64: =SUM(U65:U66) -> 0 | ... AS64: =SUM(AS65:AS66) -> 0 | AU64: =IF(SUM(K64:L64)<>0, "OK", "-") -> -
A65: 50 | B65: 49 | D65: =IFERROR(INDEX('[2]Account Group'!$A:$A,MATCH(G65,'[2]Account Group'!$B:$B,0)),"") -> 21 | E65: =IFERROR(INDEX([3]Account!$A:$A,MATCH(H65,[3]Account!$D:$D,0)),"") -> 107 | F65: =INDEX('[4]Sub Account'!$A:$A,MATCH(I65,'[4]Sub Account'!$D:$D,0)) -> 474 | G65: 73 | H65: 7306 | I65: 73061 | J65: ចំណូលពីកាតព្វកិច្ចកាស៊ីណូ | L65: =N65+V65+AD65+AL65 -> 0 | M65: =IFERROR(L65/K65, "-") -> - | N65: =SUM(O65:Q65) -> 0 | R65: =SUM(S65:U65) -> 0 | V65: =SUM(W65:Y65) -> 0 | Z65: =SUM(AA65:AC65) -> 0 | AD65: =SUM(AE65:AG65) -> 0 | AH65: =SUM(AI65:AK65) -> 0 | AL65: =SUM(AM65:AO65) -> 0 | AP65: =SUM(AQ65:AS65) -> 0 | AU65: =IF(SUM(K65:L65)<>0, "OK", "-") -> -
A66: 51 | B66: 49 | D66: =IFERROR(INDEX('[2]Account Group'!$A:$A,MATCH(G66,'[2]Account Group'!$B:$B,0)),"") -> 21 | E66: =IFERROR(INDEX([3]Account!$A:$A,MATCH(H66,[3]Account!$D:$D,0)),"") -> 107 | F66: =INDEX('[4]Sub Account'!$A:$A,MATCH(I66,'[4]Sub Account'!$D:$D,0)) -> 475 | G66: 73 | H66: 7306 | I66: 73062 | J66: ចំណូលពីកាតព្វកិច្ចឆ្នោត | L66: =N66+V66+AD66+AL66 -> 0 | M66: =IFERROR(L66/K66, "-") -> - | N66: =SUM(O66:Q66) -> 0 | R66: =SUM(S66:U66) -> 0 | V66: =SUM(W66:Y66) -> 0 | Z66: =SUM(AA66:AC66) -> 0 | AD66: =SUM(AE66:AG66) -> 0 | AH66: =SUM(AI66:AK66) -> 0 | AL66: =SUM(AM66:AO66) -> 0 | AP66: =SUM(AQ66:AS66) -> 0 | AU66: =IF(SUM(K66:L66)<>0, "OK", "-") -> -
A67: 52 | D67: =IFERROR(INDEX('[2]Account Group'!$A:$A,MATCH(G67,'[2]Account Group'!$B:$B,0)),"") | E67: =IFERROR(INDEX([3]Account!$A:$A,MATCH(H67,[3]Account!$D:$D,0)),"") | F67: =INDEX('[4]Sub Account'!$A:$A,MATCH(I67,'[4]Sub Account'!$D:$D,0)) -> #N/A | G67: ទីស្ដីការក្រសួង (បូកបញ្ចូលប្រតិបត្តិការឆ្លងកាត់រតនាគាជាតិ) | K67: =K69+K73 -> 0 | L67: =L69+L73 -> 0 | M67: =IFERROR(L67/K67, "-") -> - | N67: =N69+N73 -> 0 | O67: =O69+O73 -> 0 | P67: =P69+P73 -> 0 | Q67: =Q69+Q73 -> 0 | R67: =R69+R73 -> 0 | S67: =S69+S73 -> 0 | T67: =T69+T73 -> 0 | U67: =U69+U73 -> 0 | ... AS67: =AS69+AS73 -> 0 | AU67: =IF(SUM(K67:L67)<>0, "OK", "-") -> -
A68: 53 | D68: =IFERROR(INDEX('[2]Account Group'!$A:$A,MATCH(G68,'[2]Account Group'!$B:$B,0)),"") | E68: =IFERROR(INDEX([3]Account!$A:$A,MATCH(H68,[3]Account!$D:$D,0)),"") | F68: =INDEX('[4]Sub Account'!$A:$A,MATCH(I68,'[4]Sub Account'!$D:$D,0)) -> #N/A | G68: ទីស្ដីការក្រសួង (មិនបញ្ចូលប្រតិបត្តិការមិនឆ្លងកាត់រតនាគារជាតិ) | K68: =K69+K74+K75 -> 0 | L68: =L69+L74+L75 -> 0 | M68: =IFERROR(L68/K68, "-") -> - | N68: =N69+N74+N75 -> 0 | O68: =O69+O74+O75 -> 0 | P68: =P69+P74+P75 -> 0 | Q68: =Q69+Q74+Q75 -> 0 | R68: =R69+R74+R75 -> 0 | S68: =S69+S74+S75 -> 0 | T68: =T69+T74+T75 -> 0 | U68: =U69+U74+U75 -> 0 | ... AS68: =AS69+AS74+AS75 -> 0 | AU68: =IF(SUM(K68:L68)<>0, "OK", "-") -> -
A69: 54 | C69: =IFERROR(INDEX([1]Entity!$A$2:$A$503,MATCH(TRIM($J69),[1]Entity!$E$2:$E$503,0)),"") -> 16 | D69: =IFERROR(INDEX('[2]Account Group'!$A:$A,MATCH(G69,'[2]Account Group'!$B:$B,0)),"") | E69: =IFERROR(INDEX([3]Account!$A:$A,MATCH(H69,[3]Account!$D:$D,0)),"") | F69: =INDEX('[4]Sub Account'!$A:$A,MATCH(I69,'[4]Sub Account'!$D:$D,0)) -> #N/A | J69: និយ័តករគណនេយ្យនិងសវនកម្ម | K69: =SUM(K70:K72) -> 0 | L69: =SUM(L70:L72) -> 0 | M69: =IFERROR(L69/K69, "-") -> - | N69: =SUM(N70:N72) -> 0 | O69: =SUM(O70:O72) -> 0 | P69: =SUM(P70:P72) -> 0 | Q69: =SUM(Q70:Q72) -> 0 | R69: =SUM(R70:R72) -> 0 | S69: =SUM(S70:S72) -> 0 | T69: =SUM(T70:T72) -> 0 | U69: =SUM(U70:U72) -> 0 | ... AS69: =SUM(AS70:AS72) -> 0 | AU69: =IF(SUM(K69:L69)<>0, "OK", "-") -> -
A70: 55 | B70: 54 | D70: =IFERROR(INDEX('[2]Account Group'!$A:$A,MATCH(G70,'[2]Account Group'!$B:$B,0)),"") -> 21 | E70: =IFERROR(INDEX([3]Account!$A:$A,MATCH(H70,[3]Account!$D:$D,0)),"") -> 102 | F70: =INDEX('[4]Sub Account'!$A:$A,MATCH(I70,'[4]Sub Account'!$D:$D,0)) -> 476 | G70: 73 | H70: 7300 | I70: 73001 | J70: ផលទុនអាកាសចរស៊ីវិល | L70: =N70+V70+AD70+AL70 -> 0 | M70: =IFERROR(L70/K70, "-") -> - | N70: =SUM(O70:Q70) -> 0 | R70: =SUM(S70:U70) -> 0 | V70: =SUM(W70:Y70) -> 0 | Z70: =SUM(AA70:AC70) -> 0 | AD70: =SUM(AE70:AG70) -> 0 | AH70: =SUM(AI70:AK70) -> 0 | AL70: =SUM(AM70:AO70) -> 0 | AP70: =SUM(AQ70:AS70) -> 0 | AU70: =IF(SUM(K70:L70)<>0, "OK", "-") -> -
A71: 56 | B71: 54 | D71: =IFERROR(INDEX('[2]Account Group'!$A:$A,MATCH(G71,'[2]Account Group'!$B:$B,0)),"") -> 21 | E71: =IFERROR(INDEX([3]Account!$A:$A,MATCH(H71,[3]Account!$D:$D,0)),"") -> 104 | F71: =INDEX('[4]Sub Account'!$A:$A,MATCH(I71,'[4]Sub Account'!$D:$D,0)) -> 468 | G71: 73 | H71: 7302 | I71: 73023 | J71: ផលពីការបង្កើតសហគ្រាស | L71: =N71+V71+AD71+AL71 -> 0 | M71: =IFERROR(L71/K71, "-") -> - | N71: =SUM(O71:Q71) -> 0 | R71: =SUM(S71:U71) -> 0 | V71: =SUM(W71:Y71) -> 0 | Z71: =SUM(AA71:AC71) -> 0 | AD71: =SUM(AE71:AG71) -> 0 | AH71: =SUM(AI71:AK71) -> 0 | AL71: =SUM(AM71:AO71) -> 0 | AP71: =SUM(AQ71:AS71) -> 0 | AU71: =IF(SUM(K71:L71)<>0, "OK", "-") -> -
A72: 57 | B72: 54 | D72: =IFERROR(INDEX('[2]Account Group'!$A:$A,MATCH(G72,'[2]Account Group'!$B:$B,0)),"") -> 21 | E72: =IFERROR(INDEX([3]Account!$A:$A,MATCH(H72,[3]Account!$D:$D,0)),"") -> 107 | F72: =INDEX('[4]Sub Account'!$A:$A,MATCH(I72,'[4]Sub Account'!$D:$D,0)) -> 473 | G72: 73 | H72: 7306 | I72: 73066 | J72: ចំណូលពីអាជ្ញាប័ណ្ណក្នុងស្រុក | L72: =N72+V72+AD72+AL72 -> 0 | M72: =IFERROR(L72/K72, "-") -> - | N72: =SUM(O72:Q72) -> 0 | R72: =SUM(S72:U72) -> 0 | V72: =SUM(W72:Y72) -> 0 | Z72: =SUM(AA72:AC72) -> 0 | AD72: =SUM(AE72:AG72) -> 0 | AH72: =SUM(AI72:AK72) -> 0 | AL72: =SUM(AM72:AO72) -> 0 | AP72: =SUM(AQ72:AS72) -> 0 | AU72: =IF(SUM(K72:L72)<>0, "OK", "-") -> -
A73: 58 | C73: =IFERROR(INDEX([1]Entity!$A$2:$A$503,MATCH($J73,[1]Entity!$E$2:$E$503,0)),"") -> 13 | D73: =IFERROR(INDEX('[2]Account Group'!$A:$A,MATCH(G73,'[2]Account Group'!$B:$B,0)),"") | E73: =IFERROR(INDEX([3]Account!$A:$A,MATCH(H73,[3]Account!$D:$D,0)),"") | F73: =INDEX('[4]Sub Account'!$A:$A,MATCH(I73,'[4]Sub Account'!$D:$D,0)) -> #N/A | J73: អគ្គនាយកដ្ឋានសហប្រតិបត្តិការអន្តរជាតិនិងគ្រប់គ្រងបំណុល | K73: =K74+K75+K82 -> 0 | L73: =L74+L75+L82 -> 0 | M73: =IFERROR(L73/K73, "-") -> - | N73: =N74+N75+N82 -> 0 | O73: =O74+O75+O82 -> 0 | P73: =P74+P75+P82 -> 0 | Q73: =Q74+Q75+Q82 -> 0 | R73: =R74+R75+R82 -> 0 | S73: =S74+S75+S82 -> 0 | T73: =T74+T75+T82 -> 0 | U73: =U74+U75+U82 -> 0 | ... AS73: =AS74+AS75+AS82 -> 0 | AU73: =IF(SUM(K73:L73)<>0, "OK", "-") -> -
A74: 59 | B74: 58 | D74: =IFERROR(INDEX('[2]Account Group'!$A:$A,MATCH(G74,'[2]Account Group'!$B:$B,0)),"") -> 24 | E74: =IFERROR(INDEX([3]Account!$A:$A,MATCH(H74,[3]Account!$D:$D,0)),"") -> 127 | F74: =INDEX('[4]Sub Account'!$A:$A,MATCH(I74,'[4]Sub Account'!$D:$D,0)) -> 477 | G74: 76 | H74: 7601 | I74: 76011 | J74: ការប្រាក់លើការឱ្យខ្ចី | L74: =N74+V74+AD74+AL74 -> 0 | M74: =IFERROR(L74/K74, "-") -> - | N74: =SUM(O74:Q74) -> 0 | R74: =SUM(S74:U74) -> 0 | V74: =SUM(W74:Y74) -> 0 | Z74: =SUM(AA74:AC74) -> 0 | AD74: =SUM(AE74:AG74) -> 0 | AH74: =SUM(AI74:AK74) -> 0 | AL74: =SUM(AM74:AO74) -> 0 | AP74: =SUM(AQ74:AS74) -> 0 | AU74: =IF(SUM(K74:L74)<>0, "OK", "-") -> -
A75: 60 | C75: =IFERROR(INDEX([1]Entity!$A$2:$A$503,MATCH($J75,[1]Entity!$E$2:$E$503,0)),"") | D75: =IFERROR(INDEX('[2]Account Group'!$A:$A,MATCH(G75,'[2]Account Group'!$B:$B,0)),"") | E75: =IFERROR(INDEX([3]Account!$A:$A,MATCH(H75,[3]Account!$D:$D,0)),"") | F75: =INDEX('[4]Sub Account'!$A:$A,MATCH(I75,'[4]Sub Account'!$D:$D,0)) -> #N/A | J75: ប្រតិបត្ដិការឆ្លងកាត់អគ្គនាយកដ្ឋានរតនាគារជាតិ | K75: =SUM(K76:K81) -> 0 | L75: =SUM(L76:L81) -> 0 | M75: =IFERROR(L75/K75, "-") -> - | N75: =SUM(N76:N81) -> 0 | O75: =SUM(O76:O81) -> 0 | P75: =SUM(P76:P81) -> 0 | Q75: =SUM(Q76:Q81) -> 0 | R75: =SUM(R76:R81) -> 0 | S75: =SUM(S76:S81) -> 0 | T75: =SUM(T76:T81) -> 0 | U75: =SUM(U76:U81) -> 0 | ... AS75: =SUM(AS76:AS81) -> 0 | AU75: =IF(SUM(K75:L75)<>0, "OK", "-") -> -
A76: 61 | B76: 58 | D76: =IFERROR(INDEX('[2]Account Group'!$A:$A,MATCH(G76,'[2]Account Group'!$B:$B,0)),"") -> 6 | E76: =IFERROR(INDEX([3]Account!$A:$A,MATCH(H76,[3]Account!$D:$D,0)),"") -> 19 | F76: =INDEX('[4]Sub Account'!$A:$A,MATCH(I76,'[4]Sub Account'!$D:$D,0)) -> 208 | G76: 27 | H76: 2701 | I76: 27011 | J76: ការឱ្យខ្ចី ទៅសហគ្រាសសាធារណៈ | L76: =N76+V76+AD76+AL76 -> 0 | M76: =IFERROR(L76/K76, "-") -> - | N76: =SUM(O76:Q76) -> 0 | R76: =SUM(S76:U76) -> 0 | V76: =SUM(W76:Y76) -> 0 | Z76: =SUM(AA76:AC76) -> 0 | AD76: =SUM(AE76:AG76) -> 0 | AH76: =SUM(AI76:AK76) -> 0 | AL76: =SUM(AM76:AO76) -> 0 | AP76: =SUM(AQ76:AS76) -> 0 | AU76: =IF(SUM(K76:L76)<>0, "OK", "-") -> -
A77: 62 | B77: 58 | D77: =IFERROR(INDEX('[2]Account Group'!$A:$A,MATCH(G77,'[2]Account Group'!$B:$B,0)),"") -> 23 | E77: =IFERROR(INDEX([3]Account!$A:$A,MATCH(H77,[3]Account!$D:$D,0)),"") -> 124 | F77: =INDEX('[4]Sub Account'!$A:$A,MATCH(I77,'[4]Sub Account'!$D:$D,0)) -> 478 | G77: 75 | H77: 7514 | I77: 75141 | J77: ឧបត្ថម្ភកធនពីក្រៅប្រទេស-ទ្វេភាគី សម្រាប់ចំណាយវិនិយោគ | L77: =N77+V77+AD77+AL77 -> 0 | M77: =IFERROR(L77/K77, "-") -> - | N77: =SUM(O77:Q77) -> 0 | R77: =SUM(S77:U77) -> 0 | V77: =SUM(W77:Y77) -> 0 | Z77: =SUM(AA77:AC77) -> 0 | AD77: =SUM(AE77:AG77) -> 0 | AH77: =SUM(AI77:AK77) -> 0 | AL77: =SUM(AM77:AO77) -> 0 | AP77: =SUM(AQ77:AS77) -> 0 | AU77: =IF(SUM(K77:L77)<>0, "OK", "-") -> -
A78: 63 | B78: 58 | D78: =IFERROR(INDEX('[2]Account Group'!$A:$A,MATCH(G78,'[2]Account Group'!$B:$B,0)),"") -> 23 | E78: =IFERROR(INDEX([3]Account!$A:$A,MATCH(H78,[3]Account!$D:$D,0)),"") -> 124 | F78: =INDEX('[4]Sub Account'!$A:$A,MATCH(I78,'[4]Sub Account'!$D:$D,0)) -> 479 | G78: 75 | H78: 7514 | I78: 75142 | J78: ឧបត្ថម្ភធនពីក្រៅប្រទេស-ពហុភាគី សម្រាប់ចំណាយវិនិយោគ | L78: =N78+V78+AD78+AL78 -> 0 | M78: =IFERROR(L78/K78, "-") -> - | N78: =SUM(O78:Q78) -> 0 | R78: =SUM(S78:U78) -> 0 | V78: =SUM(W78:Y78) -> 0 | Z78: =SUM(AA78:AC78) -> 0 | AD78: =SUM(AE78:AG78) -> 0 | AH78: =SUM(AI78:AK78) -> 0 | AL78: =SUM(AM78:AO78) -> 0 | AP78: =SUM(AQ78:AS78) -> 0 | AU78: =IF(SUM(K78:L78)<>0, "OK", "-") -> -
A79: 64 | B79: 58 | D79: =IFERROR(INDEX('[2]Account Group'!$A:$A,MATCH(G79,'[2]Account Group'!$B:$B,0)),"") -> 7 | E79: =IFERROR(INDEX([3]Account!$A:$A,MATCH(H79,[3]Account!$D:$D,0)),"") -> 22 | F79: =INDEX('[4]Sub Account'!$A:$A,MATCH(I79,'[4]Sub Account'!$D:$D,0)) -> 217 | G79: 50 | H79: 5002 | I79: 50021 | J79: ការខ្ចីក្រៅប្រទេស-ពហុភាគី | L79: =N79+V79+AD79+AL79 -> 0 | M79: =IFERROR(L79/K79, "-") -> - | N79: =SUM(O79:Q79) -> 0 | R79: =SUM(S79:U79) -> 0 | V79: =SUM(W79:Y79) -> 0 | Z79: =SUM(AA79:AC79) -> 0 | AD79: =SUM(AE79:AG79) -> 0 | AH79: =SUM(AI79:AK79) -> 0 | AL79: =SUM(AM79:AO79) -> 0 | AP79: =SUM(AQ79:AS79) -> 0 | AU79: =IF(SUM(K79:L79)<>0, "OK", "-") -> -
A80: 65 | B80: 58 | D80: =IFERROR(INDEX('[2]Account Group'!$A:$A,MATCH(G80,'[2]Account Group'!$B:$B,0)),"") -> 7 | E80: =IFERROR(INDEX([3]Account!$A:$A,MATCH(H80,[3]Account!$D:$D,0)),"") -> 22 | F80: =INDEX('[4]Sub Account'!$A:$A,MATCH(I80,'[4]Sub Account'!$D:$D,0)) -> 218 | G80: 50 | H80: 5002 | I80: 50022 | J80: ការខ្ចីក្រៅប្រទេស-ទ្វេភាគី | L80: =N80+V80+AD80+AL80 -> 0 | M80: =IFERROR(L80/K80, "-") -> - | N80: =SUM(O80:Q80) -> 0 | R80: =SUM(S80:U80) -> 0 | V80: =SUM(W80:Y80) -> 0 | Z80: =SUM(AA80:AC80) -> 0 | AD80: =SUM(AE80:AG80) -> 0 | AH80: =SUM(AI80:AK80) -> 0 | AL80: =SUM(AM80:AO80) -> 0 | AP80: =SUM(AQ80:AS80) -> 0 | AU80: =IF(SUM(K80:L80)<>0, "OK", "-") -> -
A81: 66 | B81: 58 | D81: =IFERROR(INDEX('[2]Account Group'!$A:$A,MATCH(G81,'[2]Account Group'!$B:$B,0)),"") -> 7 | E81: =IFERROR(INDEX([3]Account!$A:$A,MATCH(H81,[3]Account!$D:$D,0)),"") | F81: =INDEX('[4]Sub Account'!$A:$A,MATCH(I81,'[4]Sub Account'!$D:$D,0)) -> 219 | G81: 50 | H81: 5004 | I81: 50041 | J81: សញ្ញាប័ណ្ណ | L81: =N81+V81+AD81+AL81 -> 0 | M81: =IFERROR(L81/K81, "-") -> - | N81: =SUM(O81:Q81) -> 0 | R81: =SUM(S81:U81) -> 0 | V81: =SUM(W81:Y81) -> 0 | Z81: =SUM(AA81:AC81) -> 0 | AD81: =SUM(AE81:AG81) -> 0 | AH81: =SUM(AI81:AK81) -> 0 | AL81: =SUM(AM81:AO81) -> 0 | AP81: =SUM(AQ81:AS81) -> 0 | AU81: =IF(SUM(K81:L81)<>0, "OK", "-") -> -
A82: 67 | C82: =IFERROR(INDEX([1]Entity!$A$2:$A$503,MATCH($J82,[1]Entity!$E$2:$E$503,0)),"") | D82: =IFERROR(INDEX('[2]Account Group'!$A:$A,MATCH(G82,'[2]Account Group'!$B:$B,0)),"") | E82: =IFERROR(INDEX([3]Account!$A:$A,MATCH(H82,[3]Account!$D:$D,0)),"") | F82: =INDEX('[4]Sub Account'!$A:$A,MATCH(I82,'[4]Sub Account'!$D:$D,0)) -> #N/A | J82: ប្រតិបត្ដិការមិនឆ្លងកាត់អគ្គនាយកដ្ឋានរតនាគារជាតិ | K82: =SUM(K83:K86) -> 0 | L82: =SUM(L83:L86) -> 0 | M82: =IFERROR(L82/K82, "-") -> - | N82: =SUM(N83:N86) -> 0 | O82: =SUM(O83:O86) -> 0 | P82: =SUM(P83:P86) -> 0 | Q82: =SUM(Q83:Q86) -> 0 | R82: =SUM(R83:R86) -> 0 | S82: =SUM(S83:S86) -> 0 | T82: =SUM(T83:T86) -> 0 | U82: =SUM(U83:U86) -> 0 | ... AS82: =SUM(AS83:AS86) -> 0 | AU82: =IF(SUM(K82:L82)<>0, "OK", "-") -> -
A83: 68 | B83: 58 | D83: =IFERROR(INDEX('[2]Account Group'!$A:$A,MATCH(G83,'[2]Account Group'!$B:$B,0)),"") -> 23 | E83: =IFERROR(INDEX([3]Account!$A:$A,MATCH(H83,[3]Account!$D:$D,0)),"") -> 124 | F83: =INDEX('[4]Sub Account'!$A:$A,MATCH(I83,'[4]Sub Account'!$D:$D,0)) -> 478 | G83: 75 | H83: 7514 | I83: 75141 | J83: ឧបត្ថម្ភកធនពីក្រៅប្រទេស-ទ្វេភាគី សម្រាប់ចំណាយវិនិយោគ | L83: =N83+V83+AD83+AL83 -> 0 | M83: =IFERROR(L83/K83, "-") -> - | N83: =SUM(O83:Q83) -> 0 | R83: =SUM(S83:U83) -> 0 | V83: =SUM(W83:Y83) -> 0 | Z83: =SUM(AA83:AC83) -> 0 | AD83: =SUM(AE83:AG83) -> 0 | AH83: =SUM(AI83:AK83) -> 0 | AL83: =SUM(AM83:AO83) -> 0 | AP83: =SUM(AQ83:AS83) -> 0 | AU83: =IF(SUM(K83:L83)<>0, "OK", "-") -> -
A84: 69 | B84: 58 | D84: =IFERROR(INDEX('[2]Account Group'!$A:$A,MATCH(G84,'[2]Account Group'!$B:$B,0)),"") -> 23 | E84: =IFERROR(INDEX([3]Account!$A:$A,MATCH(H84,[3]Account!$D:$D,0)),"") -> 124 | F84: =INDEX('[4]Sub Account'!$A:$A,MATCH(I84,'[4]Sub Account'!$D:$D,0)) -> 479 | G84: 75 | H84: 7514 | I84: 75142 | J84: ឧបត្ថម្ភកធនពីក្រៅប្រទេស-ពហុភាគី សម្រាប់ចំណាយវិនិយោគ | L84: =N84+V84+AD84+AL84 -> 0 | M84: =IFERROR(L84/K84, "-") -> - | N84: =SUM(O84:Q84) -> 0 | R84: =SUM(S84:U84) -> 0 | V84: =SUM(W84:Y84) -> 0 | Z84: =SUM(AA84:AC84) -> 0 | AD84: =SUM(AE84:AG84) -> 0 | AH84: =SUM(AI84:AK84) -> 0 | AL84: =SUM(AM84:AO84) -> 0 | AP84: =SUM(AQ84:AS84) -> 0 | AU84: =IF(SUM(K84:L84)<>0, "OK", "-") -> -
A85: 70 | B85: 58 | D85: =IFERROR(INDEX('[2]Account Group'!$A:$A,MATCH(G85,'[2]Account Group'!$B:$B,0)),"") -> 7 | E85: =IFERROR(INDEX([3]Account!$A:$A,MATCH(H85,[3]Account!$D:$D,0)),"") -> 22 | F85: =INDEX('[4]Sub Account'!$A:$A,MATCH(I85,'[4]Sub Account'!$D:$D,0)) -> 217 | G85: 50 | H85: 5002 | I85: 50021 | J85: ការខ្ចីក្រៅប្រទេស-ពហុភាគី | L85: =N85+V85+AD85+AL85 -> 0 | M85: =IFERROR(L85/K85, "-") -> - | N85: =SUM(O85:Q85) -> 0 | R85: =SUM(S85:U85) -> 0 | V85: =SUM(W85:Y85) -> 0 | Z85: =SUM(AA85:AC85) -> 0 | AD85: =SUM(AE85:AG85) -> 0 | AH85: =SUM(AI85:AK85) -> 0 | AL85: =SUM(AM85:AO85) -> 0 | AP85: =SUM(AQ85:AS85) -> 0 | AU85: =IF(SUM(K85:L85)<>0, "OK", "-") -> -
A86: 71 | B86: 58 | D86: =IFERROR(INDEX('[2]Account Group'!$A:$A,MATCH(G86,'[2]Account Group'!$B:$B,0)),"") -> 7 | E86: =IFERROR(INDEX([3]Account!$A:$A,MATCH(H86,[3]Account!$D:$D,0)),"") -> 22 | F86: =INDEX('[4]Sub Account'!$A:$A,MATCH(I86,'[4]Sub Account'!$D:$D,0)) -> 218 | G86: 50 | H86: 5002 | I86: 50022 | J86: ការខ្ចីក្រៅប្រទេស-ទ្វេភាគី | L86: =N86+V86+AD86+AL86 -> 0 | M86: =IFERROR(L86/K86, "-") -> - | N86: =SUM(O86:Q86) -> 0 | R86: =SUM(S86:U86) -> 0 | V86: =SUM(W86:Y86) -> 0 | Z86: =SUM(AA86:AC86) -> 0 | AD86: =SUM(AE86:AG86) -> 0 | AH86: =SUM(AI86:AK86) -> 0 | AL86: =SUM(AM86:AO86) -> 0 | AP86: =SUM(AQ86:AS86) -> 0 | AU86: =IF(SUM(K86:L86)<>0, "OK", "-") -> -
A87: 72 | C87: 28 | D87: =IFERROR(INDEX('[2]Account Group'!$A:$A,MATCH(G87,'[2]Account Group'!$B:$B,0)),"") | E87: =IFERROR(INDEX([3]Account!$A:$A,MATCH(H87,[3]Account!$D:$D,0)),"") | F87: =INDEX('[4]Sub Account'!$A:$A,MATCH(I87,'[4]Sub Account'!$D:$D,0)) -> #N/A | J87: ២. មន្ទីរសេដ្ឋកិច្ចនិងហិរញ្ញវត្ថុរាជធានី-ខេត្ដ | K87: =SUM(K88:K91) -> 0 | L87: =SUM(L88:L91) -> 0 | M87: =IFERROR(L87/K87, "-") -> - | N87: =SUM(N88:N91) -> 0 | O87: =SUM(O88:O91) -> 0 | P87: =SUM(P88:P91) -> 0 | Q87: =SUM(Q88:Q91) -> 0 | R87: =SUM(R88:R91) -> 0 | S87: =SUM(S88:S91) -> 0 | T87: =SUM(T88:T91) -> 0 | U87: =SUM(U88:U91) -> 0 | ... AS87: =SUM(AS88:AS91) -> 0 | AU87: =IF(SUM(K87:L87)<>0, "OK", "-") -> -
A88: 73 | B88: 72 | D88: =IFERROR(INDEX('[2]Account Group'!$A:$A,MATCH(G88,'[2]Account Group'!$B:$B,0)),"") -> 21 | E88: =IFERROR(INDEX([3]Account!$A:$A,MATCH(H88,[3]Account!$D:$D,0)),"") -> 104 | F88: =INDEX('[4]Sub Account'!$A:$A,MATCH(I88,'[4]Sub Account'!$D:$D,0)) -> 468 | G88: 73 | H88: 7302 | I88: 73023 | J88: ផលពីការបង្កើតសហគ្រាស | L88: =N88+V88+AD88+AL88 -> 0 | M88: =IFERROR(L88/K88, "-") -> - | N88: =SUM(O88:Q88) -> 0 | R88: =SUM(S88:U88) -> 0 | S88: ='By Pro.'!M13 -> 0 | T88: ='By Pro.'!N13 -> 0 | U88: ='By Pro.'!O13 -> 0 | V88: =SUM(W88:Y88) -> 0 | Z88: =SUM(AA88:AC88) -> 0 | AA88: ='By Pro.'!U13 -> 0 | AB88: ='By Pro.'!V13 -> 0 | AC88: ='By Pro.'!W13 -> 0 | AD88: =SUM(AE88:AG88) -> 0 | AH88: =SUM(AI88:AK88) -> 0 | AI88: ='By Pro.'!AC13 -> 0 | AJ88: ='By Pro.'!AD13 -> 0 | AK88: ='By Pro.'!AE13 -> 0 | AL88: =SUM(AM88:AO88) -> 0 | AP88: =SUM(AQ88:AS88) -> 0 | AQ88: ='By Pro.'!AK13 -> 0 | AR88: ='By Pro.'!AL13 -> 0 | AS88: ='By Pro.'!AM13 -> 0 | AU88: =IF(SUM(K88:L88)<>0, "OK", "-") -> -
A89: 74 | B89: 72 | D89: =IFERROR(INDEX('[2]Account Group'!$A:$A,MATCH(G89,'[2]Account Group'!$B:$B,0)),"") -> 21 | E89: =IFERROR(INDEX([3]Account!$A:$A,MATCH(H89,[3]Account!$D:$D,0)),"") -> 107 | F89: =INDEX('[4]Sub Account'!$A:$A,MATCH(I89,'[4]Sub Account'!$D:$D,0)) -> 473 | G89: 73 | H89: 7306 | I89: 73066 | J89: ចំណូលពីអាជ្ញាប័ណ្ណក្នុងស្រុក | L89: =N89+V89+AD89+AL89 -> 0 | M89: =IFERROR(L89/K89, "-") -> - | N89: =SUM(O89:Q89) -> 0 | R89: =SUM(S89:U89) -> 0 | S89: ='By Pro.'!M14 -> 0 | T89: ='By Pro.'!N14 -> 0 | U89: ='By Pro.'!O14 -> 0 | V89: =SUM(W89:Y89) -> 0 | Z89: =SUM(AA89:AC89) -> 0 | AA89: ='By Pro.'!U14 -> 0 | AB89: ='By Pro.'!V14 -> 0 | AC89: ='By Pro.'!W14 -> 0 | AD89: =SUM(AE89:AG89) -> 0 | AH89: =SUM(AI89:AK89) -> 0 | AI89: ='By Pro.'!AC14 -> 0 | AJ89: ='By Pro.'!AD14 -> 0 | AK89: ='By Pro.'!AE14 -> 0 | AL89: =SUM(AM89:AO89) -> 0 | AP89: =SUM(AQ89:AS89) -> 0 | AQ89: ='By Pro.'!AK14 -> 0 | AR89: ='By Pro.'!AL14 -> 0 | AS89: ='By Pro.'!AM14 -> 0 | AU89: =IF(SUM(K89:L89)<>0, "OK", "-") -> -
A90: 75 | B90: 72 | D90: =IFERROR(INDEX('[2]Account Group'!$A:$A,MATCH(G90,'[2]Account Group'!$B:$B,0)),"") -> 21 | E90: =IFERROR(INDEX([3]Account!$A:$A,MATCH(H90,[3]Account!$D:$D,0)),"") -> 108 | F90: =INDEX('[4]Sub Account'!$A:$A,MATCH(I90,'[4]Sub Account'!$D:$D,0)) -> 480 | G90: 73 | H90: 7307 | I90: 73071 | J90: ការជួលដីទំនេរ | L90: =N90+V90+AD90+AL90 -> 0 | M90: =IFERROR(L90/K90, "-") -> - | N90: =SUM(O90:Q90) -> 0 | R90: =SUM(S90:U90) -> 0 | S90: ='By Pro.'!M15 -> 0 | T90: ='By Pro.'!N15 -> 0 | U90: ='By Pro.'!O15 -> 0 | V90: =SUM(W90:Y90) -> 0 | Z90: =SUM(AA90:AC90) -> 0 | AA90: ='By Pro.'!U15 -> 0 | AB90: ='By Pro.'!V15 -> 0 | AC90: ='By Pro.'!W15 -> 0 | AD90: =SUM(AE90:AG90) -> 0 | AH90: =SUM(AI90:AK90) -> 0 | AI90: ='By Pro.'!AC15 -> 0 | AJ90: ='By Pro.'!AD15 -> 0 | AK90: ='By Pro.'!AE15 -> 0 | AL90: =SUM(AM90:AO90) -> 0 | AP90: =SUM(AQ90:AS90) -> 0 | AQ90: ='By Pro.'!AK15 -> 0 | AR90: ='By Pro.'!AL15 -> 0 | AS90: ='By Pro.'!AM15 -> 0 | AU90: =IF(SUM(K90:L90)<>0, "OK", "-") -> -
A91: 76 | B91: 72 | D91: =IFERROR(INDEX('[2]Account Group'!$A:$A,MATCH(G91,'[2]Account Group'!$B:$B,0)),"") -> 21 | E91: =IFERROR(INDEX([3]Account!$A:$A,MATCH(H91,[3]Account!$D:$D,0)),"") -> 108 | F91: =INDEX('[4]Sub Account'!$A:$A,MATCH(I91,'[4]Sub Account'!$D:$D,0)) -> 481 | G91: 73 | H91: 7307 | I91: 73072 | J91: ការជួលដីមានអគារ | L91: =N91+V91+AD91+AL91 -> 0 | M91: =IFERROR(L91/K91, "-") -> - | N91: =SUM(O91:Q91) -> 0 | R91: =SUM(S91:U91) -> 0 | S91: ='By Pro.'!M16 -> 0 | T91: ='By Pro.'!N16 -> 0 | U91: ='By Pro.'!O16 -> 0 | V91: =SUM(W91:Y91) -> 0 | Z91: =SUM(AA91:AC91) -> 0 | AA91: ='By Pro.'!U16 -> 0 | AB91: ='By Pro.'!V16 -> 0 | AC91: ='By Pro.'!W16 -> 0 | AD91: =SUM(AE91:AG91) -> 0 | AH91: =SUM(AI91:AK91) -> 0 | AI91: ='By Pro.'!AC16 -> 0 | AJ91: ='By Pro.'!AD16 -> 0 | AK91: ='By Pro.'!AE16 -> 0 | AL91: =SUM(AM91:AO91) -> 0 | AP91: =SUM(AQ91:AS91) -> 0 | AQ91: ='By Pro.'!AK16 -> 0 | AR91: ='By Pro.'!AL16 -> 0 | AS91: ='By Pro.'!AM16 -> 0 | AU91: =IF(SUM(K91:L91)<>0, "OK", "-") -> -

Sheet By Pro.
V1: ព្រះរាជាណាចក្រកម្ពុជា | AH1: ព្រះរាជាណាចក្រកម្ពុជា
A2: ក្រសួងសេដ្ឋកិច្ច​និងហិរញ្ញវត្ថុ | V2: ជាតិ សាសនា ព្រះមហាក្សត្រ | AH2: ជាតិ សាសនា ព្រះមហាក្សត្រ
A3: អគ្គលេខាធិការដ្ឋាន
A6: គម្រោងកម្មវិធីចំណូល​ថវិកាថ្នាក់ជាតិ-ប្រចាំឆ្នាំ​២០២២
A7: របស់មន្ទីរសេដ្ឋកិច្ចនិងហិរញ្ញវត្ថុរាជធានី ខេត្ត
AN8: ឯកតា៖ ពាន់រៀល
A9: ជំពូក | B9: គណនី | C9: អនុគណនី | D9: ក្រសួង-ស្ថាប័ន | E9: ច្បាប់ ហិរញ្ញវត្ថុ | F9: សរុបគម្រោង កម្មវិធីប្រចាំឆ្នំា | H9: ត្រីមាសទី១ | P9: ត្រីមាសទី២ | X9: ត្រីមាសទី៣ | AF9: ត្រីមាសទី៤ | AN9: ផ្សេងៗ
H10: គ្រោងដើមឆ្នាំ | L10: ប៉ាន់ស្មានអនុវត្ត | P10: គ្រោងដើមឆ្នាំ | T10: ស្នើសុំកែតម្រូវ | X10: គ្រោងដើមឆ្នាំ | AB10: ប៉ាន់ស្មានអនុវត្ត | AF10: គ្រោង​ដើមឆ្នាំ | AJ10: ស្នើសុំ​កែតម្រូវ
F11: ទឹកប្រាក់ | G11: %ច្បាប់ | H11: សរុប | I11: ខែ១ | J11: ខែ​២ | K11: ខែ​៣ | L11: សរុប | M11: អនុ.ខែ១ | N11: អនុ.ខែ​២ | O11: ប៉ាន់អនុ.ខែ​៣ | P11: សរុប | Q11: ខែ៤ | R11: ខែ​៥ | S11: ខែ​៦ | T11: សរុប | U11: ខែ៤ | V11: ខែ​៥ | W11: ខែ​៦ | X11: សរុប | Y11: ខែ៧ | Z11: ខែ​៨ | AA11: ខែ​៩ | AB11: សរុប | AC11: អនុ.ខែ៧ | AD11: អនុ.ខែ​៨ | AE11: ប៉ាន់អនុ.ខែ​៩ | AF11: សរុប | AG11: ខែ១០ | AH11: ខែ​១១ | AI11: ខែ​១២ | AJ11: សរុប | AK11: ខែ១០ | AL11: ខែ​១១ | AM11: ខែ​១២
D12: មន្ទីរសេដ្ឋកិច្ចនិងហិរញ្ញវត្ថុ | E12: =SUM(E13:E16) -> 0 | F12: =SUM(F13:F16) -> 0 | G12: =IFERROR(F12/E12, "-") -> - | H12: =SUM(H13:H16) -> 0 | I12: =SUM(I13:I16) -> 0 | J12: =SUM(J13:J16) -> 0 | K12: =SUM(K13:K16) -> 0 | L12: =SUM(L13:L16) -> 0 | M12: =SUM(M13:M16) -> 0 | N12: =SUM(N13:N16) -> 0 | O12: =SUM(O13:O16) -> 0 | ... AM12: =SUM(AM13:AM16) -> 0 | AO12: =IF(SUM(E12:F12)<>0, "OK", "-") -> -
A13: 73 | B13: 7302 | C13: 73023 | D13: ផលពីការបង្កើតសហគ្រាស | F13: =H13+P13+X13+AF13 -> 0 | G13: =IFERROR(F13/E13, "-") -> - | H13: =SUM(I13:K13) -> 0 | L13: =SUM(M13:O13) -> 0 | P13: =SUM(Q13:S13) -> 0 | T13: =SUM(U13:W13) -> 0 | X13: =SUM(Y13:AA13) -> 0 | AB13: =SUM(AC13:AE13) -> 0 | AF13: =SUM(AG13:AI13) -> 0 | AJ13: =SUM(AK13:AM13) -> 0 | AO13: =IF(SUM(E13:F13)<>0, "OK", "-") -> -
A14: 73 | B14: 7306 | C14: 73066 | D14: ចំណូលពីអាជ្ញាប័ណ្ណក្នុងស្រុក | F14: =H14+P14+X14+AF14 -> 0 | G14: =IFERROR(F14/E14, "-") -> - | H14: =SUM(I14:K14) -> 0 | L14: =SUM(M14:O14) -> 0 | P14: =SUM(Q14:S14) -> 0 | T14: =SUM(U14:W14) -> 0 | X14: =SUM(Y14:AA14) -> 0 | AB14: =SUM(AC14:AE14) -> 0 | AF14: =SUM(AG14:AI14) -> 0 | AJ14: =SUM(AK14:AM14) -> 0 | AO14: =IF(SUM(E14:F14)<>0, "OK", "-") -> -
A15: 73 | B15: 7307 | C15: 73071 | D15: ការជួលដីទំនេរ | F15: =H15+P15+X15+AF15 -> 0 | G15: =IFERROR(F15/E15, "-") -> - | H15: =SUM(I15:K15) -> 0 | L15: =SUM(M15:O15) -> 0 | P15: =SUM(Q15:S15) -> 0 | T15: =SUM(U15:W15) -> 0 | X15: =SUM(Y15:AA15) -> 0 | AB15: =SUM(AC15:AE15) -> 0 | AF15: =SUM(AG15:AI15) -> 0 | AJ15: =SUM(AK15:AM15) -> 0 | AO15: =IF(SUM(E15:F15)<>0, "OK", "-") -> -
A16: 73 | B16: 7307 | C16: 73072 | D16: ការជួលដីមានអគារ | F16: =H16+P16+X16+AF16 -> 0 | G16: =IFERROR(F16/E16, "-") -> - | H16: =SUM(I16:K16) -> 0 | L16: =SUM(M16:O16) -> 0 | P16: =SUM(Q16:S16) -> 0 | T16: =SUM(U16:W16) -> 0 | X16: =SUM(Y16:AA16) -> 0 | AB16: =SUM(AC16:AE16) -> 0 | AF16: =SUM(AG16:AI16) -> 0 | AJ16: =SUM(AK16:AM16) -> 0 | AO16: =IF(SUM(E16:F16)<>0, "OK", "-") -> -
D17: មន្ទីរសេដ្ឋកិច្ចនិងហិរញ្ញវត្ថុខេត្តបន្ទាយមានជ័យ | E17: =SUM(E18:E21) -> 5000 | F17: =SUM(F18:F21) -> 5000 | G17: =IFERROR(F17/E17, "-") -> 1 | H17: =SUM(H18:H21) -> 1500 | I17: =SUM(I18:I21) -> 0 | J17: =SUM(J18:J21) -> 0 | K17: =SUM(K18:K21) -> 1500 | L17: =SUM(L18:L21) -> 0 | M17: =SUM(M18:M21) -> 0 | N17: =SUM(N18:N21) -> 0 | O17: =SUM(O18:O21) -> 0 | ... AM17: =SUM(AM18:AM21) -> 0 | AO17: =IF(SUM(E17:F17)<>0, "OK", "-") -> OK
A18: 73 | B18: 7302 | C18: 73023 | D18: ផលពីការបង្កើតសហគ្រាស | E18: ='[5]01.BMC'!E13 -> 5000 | F18: =H18+P18+X18+AF18 -> 5000 | G18: =IFERROR(F18/E18, "-") -> 1 | H18: =SUM(I18:K18) -> 1500 | I18: ='[5]01.BMC'!I13 -> 0 | J18: ='[5]01.BMC'!J13 -> 0 | K18: ='[5]01.BMC'!K13 -> 1500 | L18: =SUM(M18:O18) -> 0 | M18: ='[5]01.BMC'!M13 -> 0 | N18: ='[5]01.BMC'!N13 -> 0 | O18: ='[5]01.BMC'!O13 -> 0 | P18: =SUM(Q18:S18) -> 1500 | Q18: ='[5]01.BMC'!Q13 -> 0 | R18: ='[5]01.BMC'!R13 -> 0 | S18: ='[5]01.BMC'!S13 -> 1500 | T18: =SUM(U18:W18) -> 0 | U18: ='[5]01.BMC'!U13 -> 0 | V18: ='[5]01.BMC'!V13 -> 0 | W18: ='[5]01.BMC'!W13 -> 0 | X18: =SUM(Y18:AA18) -> 1000 | Y18: ='[5]01.BMC'!Y13 -> 0 | Z18: ='[5]01.BMC'!Z13 -> 0 | AA18: ='[5]01.BMC'!AA13 -> 1000 | AB18: =SUM(AC18:AE18) -> 0 | AF18: =SUM(AG18:AI18) -> 1000 | AG18: ='[5]01.BMC'!AG13 -> 0 | AH18: ='[5]01.BMC'!AH13 -> 1000 | AI18: ='[5]01.BMC'!AI13 -> 0 | AJ18: =SUM(AK18:AM18) -> 0 | AO18: =IF(SUM(E18:F18)<>0, "OK", "-") -> OK
A19: 73 | B19: 7306 | C19: 73066 | D19: ចំណូលពីអាជ្ញាប័ណ្ណក្នុងស្រុក | E19: ='[5]01.BMC'!E14 -> 0 | F19: =H19+P19+X19+AF19 -> 0 | G19: =IFERROR(F19/E19, "-") -> - | H19: =SUM(I19:K19) -> 0 | I19: ='[5]01.BMC'!I14 -> 0 | J19: ='[5]01.BMC'!J14 -> 0 | K19: ='[5]01.BMC'!K14 -> 0 | L19: =SUM(M19:O19) -> 0 | M19: ='[5]01.BMC'!M14 -> 0 | N19: ='[5]01.BMC'!N14 -> 0 | O19: ='[5]01.BMC'!O14 -> 0 | P19: =SUM(Q19:S19) -> 0 | Q19: ='[5]01.BMC'!Q14 -> 0 | R19: ='[5]01.BMC'!R14 -> 0 | S19: ='[5]01.BMC'!S14 -> 0 | T19: =SUM(U19:W19) -> 0 | U19: ='[5]01.BMC'!U14 -> 0 | V19: ='[5]01.BMC'!V14 -> 0 | W19: ='[5]01.BMC'!W14 -> 0 | X19: =SUM(Y19:AA19) -> 0 | Y19: ='[5]01.BMC'!Y14 -> 0 | Z19: ='[5]01.BMC'!Z14 -> 0 | AA19: ='[5]01.BMC'!AA14 -> 0 | AB19: =SUM(AC19:AE19) -> 0 | AF19: =SUM(AG19:AI19) -> 0 | AG19: ='[5]01.BMC'!AG14 -> 0 | AH19: ='[5]01.BMC'!AH14 -> 0 | AI19: ='[5]01.BMC'!AI14 -> 0 | AJ19: =SUM(AK19:AM19) -> 0 | AO19: =IF(SUM(E19:F19)<>0, "OK", "-") -> -
A20: 73 | B20: 7307 | C20: 73071 | D20: ការជួលដីទំនេរ | E20: =E147 -> 0 | F20: =H20+P20+X20+AF20 -> 0 | G20: =IFERROR(F20/E20, "-") -> - | H20: =SUM(I20:K20) -> 0 | I20: =I147 -> 0 | J20: =J147 -> 0 | K20: =K147 -> 0 | L20: =SUM(M20:O20) -> 0 | M20: =M147 -> 0 | N20: =N147 -> 0 | O20: =O147 -> 0 | P20: =SUM(Q20:S20) -> 0 | Q20: =Q147 -> 0 | R20: =R147 -> 0 | S20: =S147 -> 0 | T20: =SUM(U20:W20) -> 0 | U20: =U147 -> 0 | V20: =V147 -> 0 | W20: =W147 -> 0 | X20: =SUM(Y20:AA20) -> 0 | Y20: =Y147 -> 0 | Z20: =Z147 -> 0 | AA20: =AA147 -> 0 | AB20: =SUM(AC20:AE20) -> 0 | AC20: =AC147 -> 0 | AD20: =AD147 -> 0 | AE20: =AE147 -> 0 | AF20: =SUM(AG20:AI20) -> 0 | AG20: =AG147 -> 0 | AH20: =AH147 -> 0 | AI20: =AI147 -> 0 | AJ20: =SUM(AK20:AM20) -> 0 | AK20: =AK147 -> 0 | AL20: =AL147 -> 0 | AM20: =AM147 -> 0 | AO20: =IF(SUM(E20:F20)<>0, "OK", "-") -> -
A21: 73 | B21: 7307 | C21: 73072 | D21: ការជួលដីមានអគារ | E21: =E143+E148 -> 0 | F21: =H21+P21+X21+AF21 -> 0 | G21: =IFERROR(F21/E21, "-") -> - | H21: =SUM(I21:K21) -> 0 | I21: =I143+I148 -> 0 | J21: =J143+J148 -> 0 | K21: =K143+K148 -> 0 | L21: =SUM(M21:O21) -> 0 | M21: =M143+M148 -> 0 | N21: =N143+N148 -> 0 | O21: =O143+O148 -> 0 | P21: =SUM(Q21:S21) -> 0 | Q21: =Q143+Q148 -> 0 | R21: =R143+R148 -> 0 | S21: =S143+S148 -> 0 | T21: =SUM(U21:W21) -> 0 | U21: =U143+U148 -> 0 | V21: =V143+V148 -> 0 | W21: =W143+W148 -> 0 | X21: =SUM(Y21:AA21) -> 0 | Y21: =Y143+Y148 -> 0 | Z21: =Z143+Z148 -> 0 | AA21: =AA143+AA148 -> 0 | AB21: =SUM(AC21:AE21) -> 0 | AC21: =AC143+AC148 -> 0 | AD21: =AD143+AD148 -> 0 | AE21: =AE143+AE148 -> 0 | AF21: =SUM(AG21:AI21) -> 0 | AG21: =AG143+AG148 -> 0 | AH21: =AH143+AH148 -> 0 | AI21: =AI143+AI148 -> 0 | AJ21: =SUM(AK21:AM21) -> 0 | AK21: =AK143+AK148 -> 0 | AL21: =AL143+AL148 -> 0 | AM21: =AM143+AM148 -> 0 | AO21: =IF(SUM(E21:F21)<>0, "OK", "-") -> -
D22: មន្ទីរសេដ្ឋកិច្ចនិងហិរញ្ញវត្ថុខេត្តបាត់ដំបង | E22: =SUM(E23:E26) -> 0 | F22: =SUM(F23:F26) -> 7000 | G22: =IFERROR(F22/E22, "-") -> - | H22: =SUM(H23:H26) -> 3000 | I22: =SUM(I23:I26) -> 0 | J22: =SUM(J23:J26) -> 0 | K22: =SUM(K23:K26) -> 3000 | L22: =SUM(L23:L26) -> 0 | M22: =SUM(M23:M26) -> 0 | N22: =SUM(N23:N26) -> 0 | O22: =SUM(O23:O26) -> 0 | ... AM22: =SUM(AM23:AM26) -> 0 | AO22: =IF(SUM(E22:F22)<>0, "OK", "-") -> OK
A23: 73 | B23: 7302 | C23: 73023 | D23: ផលពីការបង្កើតសហគ្រាស | E23: ='[5]01.BMC'!E18 -> 0 | F23: =H23+P23+X23+AF23 -> 7000 | G23: =IFERROR(F23/E23, "-") -> - | H23: =SUM(I23:K23) -> 3000 | I23: ='[5]02.BTB'!I13 -> 0 | J23: ='[5]02.BTB'!J13 -> 0 | K23: ='[5]02.BTB'!K13 -> 3000 | L23: =SUM(M23:O23) -> 0 | M23: ='[5]02.BTB'!M13 -> 0 | N23: ='[5]02.BTB'!N13 -> 0 | O23: ='[5]02.BTB'!O13 -> 0 | P23: =SUM(Q23:S23) -> 2000 | Q23: ='[5]02.BTB'!Q13 -> 0 | R23: ='[5]02.BTB'!R13 -> 0 | S23: ='[5]02.BTB'!S13 -> 2000 | T23: =SUM(U23:W23) -> 0 | U23: ='[5]02.BTB'!U13 -> 0 | V23: ='[5]02.BTB'!V13 -> 0 | W23: ='[5]02.BTB'!W13 -> 0 | X23: =SUM(Y23:AA23) -> 1000 | Y23: ='[5]02.BTB'!Y13 -> 0 | Z23: ='[5]02.BTB'!Z13 -> 0 | AA23: ='[5]02.BTB'!AA13 -> 1000 | AB23: =SUM(AC23:AE23) -> 0 | AC23: ='[5]02.BTB'!AC13 -> 0 | AD23: ='[5]02.BTB'!AD13 -> 0 | AE23: ='[5]02.BTB'!AE13 -> 0 | AF23: =SUM(AG23:AI23) -> 1000 | AG23: ='[5]02.BTB'!AG13 -> 0 | AH23: ='[5]02.BTB'!AH13 -> 0 | AI23: ='[5]02.BTB'!AI13 -> 1000 | AJ23: =SUM(AK23:AM23) -> 0 | AK23: ='[5]02.BTB'!AK13 -> 0 | AL23: ='[5]02.BTB'!AL13 -> 0 | AM23: ='[5]02.BTB'!AM13 -> 0 | AO23: =IF(SUM(E23:F23)<>0, "OK", "-") -> OK
A24: 73 | B24: 7306 | C24: 73066 | D24: ចំណូលពីអាជ្ញាប័ណ្ណក្នុងស្រុក | E24: ='[5]01.BMC'!E19 -> 0 | F24: =H24+P24+X24+AF24 -> 0 | G24: =IFERROR(F24/E24, "-") -> - | H24: =SUM(I24:K24) -> 0 | I24: ='[5]02.BTB'!I14 -> 0 | J24: ='[5]02.BTB'!J14 -> 0 | K24: ='[5]02.BTB'!K14 -> 0 | L24: =SUM(M24:O24) -> 0 | M24: ='[5]02.BTB'!M14 -> 0 | N24: ='[5]02.BTB'!N14 -> 0 | O24: ='[5]02.BTB'!O14 -> 0 | P24: =SUM(Q24:S24) -> 0 | Q24: ='[5]02.BTB'!Q14 -> 0 | R24: ='[5]02.BTB'!R14 -> 0 | S24: ='[5]02.BTB'!S14 -> 0 | T24: =SUM(U24:W24) -> 0 | U24: ='[5]02.BTB'!U14 -> 0 | V24: ='[5]02.BTB'!V14 -> 0 | W24: ='[5]02.BTB'!W14 -> 0 | X24: =SUM(Y24:AA24) -> 0 | Y24: ='[5]02.BTB'!Y14 -> 0 | Z24: ='[5]02.BTB'!Z14 -> 0 | AA24: ='[5]02.BTB'!AA14 -> 0 | AB24: =SUM(AC24:AE24) -> 0 | AC24: ='[5]02.BTB'!AC14 -> 0 | AD24: ='[5]02.BTB'!AD14 -> 0 | AE24: ='[5]02.BTB'!AE14 -> 0 | AF24: =SUM(AG24:AI24) -> 0 | AG24: ='[5]02.BTB'!AG14 -> 0 | AH24: ='[5]02.BTB'!AH14 -> 0 | AI24: ='[5]02.BTB'!AI14 -> 0 | AJ24: =SUM(AK24:AM24) -> 0 | AK24: ='[5]02.BTB'!AK14 -> 0 | AL24: ='[5]02.BTB'!AL14 -> 0 | AM24: ='[5]02.BTB'!AM14 -> 0 | AO24: =IF(SUM(E24:F24)<>0, "OK", "-") -> -
A25: 73 | B25: 7307 | C25: 73071 | D25: ការជួលដីទំនេរ | E25: =E152 -> 0 | F25: =H25+P25+X25+AF25 -> 0 | G25: =IFERROR(F25/E25, "-") -> - | H25: =SUM(I25:K25) -> 0 | I25: ='[5]02.BTB'!I15 -> 0 | J25: ='[5]02.BTB'!J15 -> 0 | K25: ='[5]02.BTB'!K15 -> 0 | L25: =SUM(M25:O25) -> 0 | M25: ='[5]02.BTB'!M15 -> 0 | N25: ='[5]02.BTB'!N15 -> 0 | O25: ='[5]02.BTB'!O15 -> 0 | P25: =SUM(Q25:S25) -> 0 | Q25: ='[5]02.BTB'!Q15 -> 0 | R25: ='[5]02.BTB'!R15 -> 0 | S25: ='[5]02.BTB'!S15 -> 0 | T25: =SUM(U25:W25) -> 0 | U25: ='[5]02.BTB'!U15 -> 0 | V25: ='[5]02.BTB'!V15 -> 0 | W25: ='[5]02.BTB'!W15 -> 0 | X25: =SUM(Y25:AA25) -> 0 | Y25: ='[5]02.BTB'!Y15 -> 0 | Z25: ='[5]02.BTB'!Z15 -> 0 | AA25: ='[5]02.BTB'!AA15 -> 0 | AB25: =SUM(AC25:AE25) -> 0 | AC25: ='[5]02.BTB'!AC15 -> 0 | AD25: ='[5]02.BTB'!AD15 -> 0 | AE25: ='[5]02.BTB'!AE15 -> 0 | AF25: =SUM(AG25:AI25) -> 0 | AG25: ='[5]02.BTB'!AG15 -> 0 | AH25: ='[5]02.BTB'!AH15 -> 0 | AI25: ='[5]02.BTB'!AI15 -> 0 | AJ25: =SUM(AK25:AM25) -> 0 | AK25: ='[5]02.BTB'!AK15 -> 0 | AL25: ='[5]02.BTB'!AL15 -> 0 | AM25: ='[5]02.BTB'!AM15 -> 0 | AO25: =IF(SUM(E25:F25)<>0, "OK", "-") -> -
A26: 73 | B26: 7307 | C26: 73072 | D26: ការជួលដីមានអគារ | E26: =E148+E153 -> 0 | F26: =H26+P26+X26+AF26 -> 0 | G26: =IFERROR(F26/E26, "-") -> - | H26: =SUM(I26:K26) -> 0 | I26: ='[5]02.BTB'!I16 -> 0 | J26: ='[5]02.BTB'!J16 -> 0 | K26: ='[5]02.BTB'!K16 -> 0 | L26: =SUM(M26:O26) -> 0 | M26: ='[5]02.BTB'!M16 -> 0 | N26: ='[5]02.BTB'!N16 -> 0 | O26: ='[5]02.BTB'!O16 -> 0 | P26: =SUM(Q26:S26) -> 0 | Q26: ='[5]02.BTB'!Q16 -> 0 | R26: ='[5]02.BTB'!R16 -> 0 | S26: ='[5]02.BTB'!S16 -> 0 | T26: =SUM(U26:W26) -> 0 | U26: ='[5]02.BTB'!U16 -> 0 | V26: ='[5]02.BTB'!V16 -> 0 | W26: ='[5]02.BTB'!W16 -> 0 | X26: =SUM(Y26:AA26) -> 0 | Y26: ='[5]02.BTB'!Y16 -> 0 | Z26: ='[5]02.BTB'!Z16 -> 0 | AA26: ='[5]02.BTB'!AA16 -> 0 | AB26: =SUM(AC26:AE26) -> 0 | AC26: ='[5]02.BTB'!AC16 -> 0 | AD26: ='[5]02.BTB'!AD16 -> 0 | AE26: ='[5]02.BTB'!AE16 -> 0 | AF26: =SUM(AG26:AI26) -> 0 | AG26: ='[5]02.BTB'!AG16 -> 0 | AH26: ='[5]02.BTB'!AH16 -> 0 | AI26: ='[5]02.BTB'!AI16 -> 0 | AJ26: =SUM(AK26:AM26) -> 0 | AK26: ='[5]02.BTB'!AK16 -> 0 | AL26: ='[5]02.BTB'!AL16 -> 0 | AM26: ='[5]02.BTB'!AM16 -> 0 | AO26: =IF(SUM(E26:F26)<>0, "OK", "-") -> -
D27: មន្ទីរសេដ្ឋកិច្ចនិងហិរញ្ញវត្ថុខេត្តកំពង់ចាម | E27: =SUM(E28:E31) -> 0 | F27: =SUM(F28:F31) -> 0 | G27: =IFERROR(F27/E27, "-") -> - | H27: =SUM(H28:H31) -> 0 | I27: =SUM(I28:I31) -> 0 | J27: =SUM(J28:J31) -> 0 | K27: =SUM(K28:K31) -> 0 | L27: =SUM(L28:L31) -> 0 | M27: =SUM(M28:M31) -> 0 | N27: =SUM(N28:N31) -> 0 | O27: =SUM(O28:O31) -> 0 | ... AM27: =SUM(AM28:AM31) -> 0 | AO27: =IF(SUM(E27:F27)<>0, "OK", "-") -> -
A28: 73 | B28: 7302 | C28: 73023 | D28: ផលពីការបង្កើតសហគ្រាស | E28: ='[5]01.BMC'!E23 -> 0 | F28: =H28+P28+X28+AF28 -> 0 | G28: =IFERROR(F28/E28, "-") -> - | H28: =SUM(I28:K28) -> 0 | I28: ='[5]01.BMC'!I23 -> 0 | J28: ='[5]01.BMC'!J23 -> 0 | K28: ='[5]01.BMC'!K23 -> 0 | L28: =SUM(M28:O28) -> 0 | M28: ='[5]01.BMC'!M23 -> 0 | N28: ='[5]01.BMC'!N23 -> 0 | O28: ='[5]01.BMC'!O23 -> 0 | P28: =SUM(Q28:S28) -> 0 | Q28: ='[5]01.BMC'!Q23 -> 0 | R28: ='[5]01.BMC'!R23 -> 0 | S28: ='[5]01.BMC'!S23 -> 0 | T28: =SUM(U28:W28) -> 0 | U28: ='[5]01.BMC'!U23 -> 0 | V28: ='[5]01.BMC'!V23 -> 0 | W28: ='[5]01.BMC'!W23 -> 0 | X28: =SUM(Y28:AA28) -> 0 | Y28: ='[5]01.BMC'!Y23 -> 0 | Z28: ='[5]01.BMC'!Z23 -> 0 | AA28: ='[5]01.BMC'!AA23 -> 0 | AB28: =SUM(AC28:AE28) -> 0 | AF28: =SUM(AG28:AI28) -> 0 | AG28: ='[5]01.BMC'!AG23 -> 0 | AH28: ='[5]01.BMC'!AH23 -> 0 | AI28: ='[5]01.BMC'!AI23 -> 0 | AJ28: =SUM(AK28:AM28) -> 0 | AO28: =IF(SUM(E28:F28)<>0, "OK", "-") -> -
A29: 73 | B29: 7306 | C29: 73066 | D29: ចំណូលពីអាជ្ញាប័ណ្ណក្នុងស្រុក | E29: ='[5]01.BMC'!E24 -> 0 | F29: =H29+P29+X29+AF29 -> 0 | G29: =IFERROR(F29/E29, "-") -> - | H29: =SUM(I29:K29) -> 0 | I29: ='[5]01.BMC'!I24 -> 0 | J29: ='[5]01.BMC'!J24 -> 0 | K29: ='[5]01.BMC'!K24 -> 0 | L29: =SUM(M29:O29) -> 0 | M29: ='[5]01.BMC'!M24 -> 0 | N29: ='[5]01.BMC'!N24 -> 0 | O29: ='[5]01.BMC'!O24 -> 0 | P29: =SUM(Q29:S29) -> 0 | Q29: ='[5]01.BMC'!Q24 -> 0 | R29: ='[5]01.BMC'!R24 -> 0 | S29: ='[5]01.BMC'!S24 -> 0 | T29: =SUM(U29:W29) -> 0 | U29: ='[5]01.BMC'!U24 -> 0 | V29: ='[5]01.BMC'!V24 -> 0 | W29: ='[5]01.BMC'!W24 -> 0 | X29: =SUM(Y29:AA29) -> 0 | Y29: ='[5]01.BMC'!Y24 -> 0 | Z29: ='[5]01.BMC'!Z24 -> 0 | AA29: ='[5]01.BMC'!AA24 -> 0 | AB29: =SUM(AC29:AE29) -> 0 | AF29: =SUM(AG29:AI29) -> 0 | AG29: ='[5]01.BMC'!AG24 -> 0 | AH29: ='[5]01.BMC'!AH24 -> 0 | AI29: ='[5]01.BMC'!AI24 -> 0 | AJ29: =SUM(AK29:AM29) -> 0 | AO29: =IF(SUM(E29:F29)<>0, "OK", "-") -> -
A30: 73 | B30: 7307 | C30: 73071 | D30: ការជួលដីទំនេរ | E30: =E157 -> 0 | F30: =H30+P30+X30+AF30 -> 0 | G30: =IFERROR(F30/E30, "-") -> - | H30: =SUM(I30:K30) -> 0 | I30: =I157 -> 0 | J30: =J157 -> 0 | K30: =K157 -> 0 | L30: =SUM(M30:O30) -> 0 | M30: =M157 -> 0 | N30: =N157 -> 0 | O30: =O157 -> 0 | P30: =SUM(Q30:S30) -> 0 | Q30: =Q157 -> 0 | R30: =R157 -> 0 | S30: =S157 -> 0 | T30: =SUM(U30:W30) -> 0 | U30: =U157 -> 0 | V30: =V157 -> 0 | W30: =W157 -> 0 | X30: =SUM(Y30:AA30) -> 0 | Y30: =Y157 -> 0 | Z30: =Z157 -> 0 | AA30: =AA157 -> 0 | AB30: =SUM(AC30:AE30) -> 0 | AC30: =AC157 -> 0 | AD30: =AD157 -> 0 | AE30: =AE157 -> 0 | AF30: =SUM(AG30:AI30) -> 0 | AG30: =AG157 -> 0 | AH30: =AH157 -> 0 | AI30: =AI157 -> 0 | AJ30: =SUM(AK30:AM30) -> 0 | AK30: =AK157 -> 0 | AL30: =AL157 -> 0 | AM30: =AM157 -> 0 | AO30: =IF(SUM(E30:F30)<>0, "OK", "-") -> -
A31: 73 | B31: 7307 | C31: 73072 | D31: ការជួលដីមានអគារ | E31: =E153+E158 -> 0 | F31: =H31+P31+X31+AF31 -> 0 | G31: =IFERROR(F31/E31, "-") -> - | H31: =SUM(I31:K31) -> 0 | I31: =I153+I158 -> 0 | J31: =J153+J158 -> 0 | K31: =K153+K158 -> 0 | L31: =SUM(M31:O31) -> 0 | M31: =M153+M158 -> 0 | N31: =N153+N158 -> 0 | O31: =O153+O158 -> 0 | P31: =SUM(Q31:S31) -> 0 | Q31: =Q153+Q158 -> 0 | R31: =R153+R158 -> 0 | S31: =S153+S158 -> 0 | T31: =SUM(U31:W31) -> 0 | U31: =U153+U158 -> 0 | V31: =V153+V158 -> 0 | W31: =W153+W158 -> 0 | X31: =SUM(Y31:AA31) -> 0 | Y31: =Y153+Y158 -> 0 | Z31: =Z153+Z158 -> 0 | AA31: =AA153+AA158 -> 0 | AB31: =SUM(AC31:AE31) -> 0 | AC31: =AC153+AC158 -> 0 | AD31: =AD153+AD158 -> 0 | AE31: =AE153+AE158 -> 0 | AF31: =SUM(AG31:AI31) -> 0 | AG31: =AG153+AG158 -> 0 | AH31: =AH153+AH158 -> 0 | AI31: =AI153+AI158 -> 0 | AJ31: =SUM(AK31:AM31) -> 0 | AK31: =AK153+AK158 -> 0 | AL31: =AL153+AL158 -> 0 | AM31: =AM153+AM158 -> 0 | AO31: =IF(SUM(E31:F31)<>0, "OK", "-") -> -
D32: មន្ទីរសេដ្ឋកិច្ចនិងហិរញ្ញវត្ថុខេត្តកំពង់ឆ្នំាង | E32: =SUM(E33:E36) -> 0 | F32: =SUM(F33:F36) -> 0 | G32: =IFERROR(F32/E32, "-") -> - | H32: =SUM(H33:H36) -> 0 | I32: =SUM(I33:I36) -> 0 | J32: =SUM(J33:J36) -> 0 | K32: =SUM(K33:K36) -> 0 | L32: =SUM(L33:L36) -> 0 | M32: =SUM(M33:M36) -> 0 | N32: =SUM(N33:N36) -> 0 | O32: =SUM(O33:O36) -> 0 | ... AM32: =SUM(AM33:AM36) -> 0 | AO32: =IF(SUM(E32:F32)<>0, "OK", "-") -> -
A33: 73 | B33: 7302 | C33: 73023 | D33: ផលពីការបង្កើតសហគ្រាស | E33: ='[5]01.BMC'!E28 -> 0 | F33: =H33+P33+X33+AF33 -> 0 | G33: =IFERROR(F33/E33, "-") -> - | H33: =SUM(I33:K33) -> 0 | I33: ='[5]01.BMC'!I28 -> 0 | J33: ='[5]01.BMC'!J28 -> 0 | K33: ='[5]01.BMC'!K28 -> 0 | L33: =SUM(M33:O33) -> 0 | M33: ='[5]01.BMC'!M28 -> 0 | N33: ='[5]01.BMC'!N28 -> 0 | O33: ='[5]01.BMC'!O28 -> 0 | P33: =SUM(Q33:S33) -> 0 | Q33: ='[5]01.BMC'!Q28 -> 0 | R33: ='[5]01.BMC'!R28 -> 0 | S33: ='[5]01.BMC'!S28 -> 0 | T33: =SUM(U33:W33) -> 0 | U33: ='[5]01.BMC'!U28 -> 0 | V33: ='[5]01.BMC'!V28 -> 0 | W33: ='[5]01.BMC'!W28 -> 0 | X33: =SUM(Y33:AA33) -> 0 | Y33: ='[5]01.BMC'!Y28 -> 0 | Z33: ='[5]01.BMC'!Z28 -> 0 | AA33: ='[5]01.BMC'!AA28 -> 0 | AB33: =SUM(AC33:AE33) -> 0 | AF33: =SUM(AG33:AI33) -> 0 | AG33: ='[5]01.BMC'!AG28 -> 0 | AH33: ='[5]01.BMC'!AH28 -> 0 | AI33: ='[5]01.BMC'!AI28 -> 0 | AJ33: =SUM(AK33:AM33) -> 0 | AO33: =IF(SUM(E33:F33)<>0, "OK", "-") -> -
A34: 73 | B34: 7306 | C34: 73066 | D34: ចំណូលពីអាជ្ញាប័ណ្ណក្នុងស្រុក | E34: ='[5]01.BMC'!E29 -> 0 | F34: =H34+P34+X34+AF34 -> 0 | G34: =IFERROR(F34/E34, "-") -> - | H34: =SUM(I34:K34) -> 0 | I34: ='[5]01.BMC'!I29 -> 0 | J34: ='[5]01.BMC'!J29 -> 0 | K34: ='[5]01.BMC'!K29 -> 0 | L34: =SUM(M34:O34) -> 0 | M34: ='[5]01.BMC'!M29 -> 0 | N34: ='[5]01.BMC'!N29 -> 0 | O34: ='[5]01.BMC'!O29 -> 0 | P34: =SUM(Q34:S34) -> 0 | Q34: ='[5]01.BMC'!Q29 -> 0 | R34: ='[5]01.BMC'!R29 -> 0 | S34: ='[5]01.BMC'!S29 -> 0 | T34: =SUM(U34:W34) -> 0 | U34: ='[5]01.BMC'!U29 -> 0 | V34: ='[5]01.BMC'!V29 -> 0 | W34: ='[5]01.BMC'!W29 -> 0 | X34: =SUM(Y34:AA34) -> 0 | Y34: ='[5]01.BMC'!Y29 -> 0 | Z34: ='[5]01.BMC'!Z29 -> 0 | AA34: ='[5]01.BMC'!AA29 -> 0 | AB34: =SUM(AC34:AE34) -> 0 | AF34: =SUM(AG34:AI34) -> 0 | AG34: ='[5]01.BMC'!AG29 -> 0 | AH34: ='[5]01.BMC'!AH29 -> 0 | AI34: ='[5]01.BMC'!AI29 -> 0 | AJ34: =SUM(AK34:AM34) -> 0 | AO34: =IF(SUM(E34:F34)<>0, "OK", "-") -> -
A35: 73 | B35: 7307 | C35: 73071 | D35: ការជួលដីទំនេរ | E35: =E162 -> 0 | F35: =H35+P35+X35+AF35 -> 0 | G35: =IFERROR(F35/E35, "-") -> - | H35: =SUM(I35:K35) -> 0 | I35: =I162 -> 0 | J35: =J162 -> 0 | K35: =K162 -> 0 | L35: =SUM(M35:O35) -> 0 | M35: =M162 -> 0 | N35: =N162 -> 0 | O35: =O162 -> 0 | P35: =SUM(Q35:S35) -> 0 | Q35: =Q162 -> 0 | R35: =R162 -> 0 | S35: =S162 -> 0 | T35: =SUM(U35:W35) -> 0 | U35: =U162 -> 0 | V35: =V162 -> 0 | W35: =W162 -> 0 | X35: =SUM(Y35:AA35) -> 0 | Y35: =Y162 -> 0 | Z35: =Z162 -> 0 | AA35: =AA162 -> 0 | AB35: =SUM(AC35:AE35) -> 0 | AC35: =AC162 -> 0 | AD35: =AD162 -> 0 | AE35: =AE162 -> 0 | AF35: =SUM(AG35:AI35) -> 0 | AG35: =AG162 -> 0 | AH35: =AH162 -> 0 | AI35: =AI162 -> 0 | AJ35: =SUM(AK35:AM35) -> 0 | AK35: =AK162 -> 0 | AL35: =AL162 -> 0 | AM35: =AM162 -> 0 | AO35: =IF(SUM(E35:F35)<>0, "OK", "-") -> -
A36: 73 | B36: 7307 | C36: 73072 | D36: ការជួលដីមានអគារ | E36: =E158+E163 -> 0 | F36: =H36+P36+X36+AF36 -> 0 | G36: =IFERROR(F36/E36, "-") -> - | H36: =SUM(I36:K36) -> 0 | I36: =I158+I163 -> 0 | J36: =J158+J163 -> 0 | K36: =K158+K163 -> 0 | L36: =SUM(M36:O36) -> 0 | M36: =M158+M163 -> 0 | N36: =N158+N163 -> 0 | O36: =O158+O163 -> 0 | P36: =SUM(Q36:S36) -> 0 | Q36: =Q158+Q163 -> 0 | R36: =R158+R163 -> 0 | S36: =S158+S163 -> 0 | T36: =SUM(U36:W36) -> 0 | U36: =U158+U163 -> 0 | V36: =V158+V163 -> 0 | W36: =W158+W163 -> 0 | X36: =SUM(Y36:AA36) -> 0 | Y36: =Y158+Y163 -> 0 | Z36: =Z158+Z163 -> 0 | AA36: =AA158+AA163 -> 0 | AB36: =SUM(AC36:AE36) -> 0 | AC36: =AC158+AC163 -> 0 | AD36: =AD158+AD163 -> 0 | AE36: =AE158+AE163 -> 0 | AF36: =SUM(AG36:AI36) -> 0 | AG36: =AG158+AG163 -> 0 | AH36: =AH158+AH163 -> 0 | AI36: =AI158+AI163 -> 0 | AJ36: =SUM(AK36:AM36) -> 0 | AK36: =AK158+AK163 -> 0 | AL36: =AL158+AL163 -> 0 | AM36: =AM158+AM163 -> 0 | AO36: =IF(SUM(E36:F36)<>0, "OK", "-") -> -
D37: មន្ទីរសេដ្ឋកិច្ចនិងហិរញ្ញវត្ថុខេត្តកំពង់ស្ពឺ | E37: =SUM(E38:E41) -> 0 | F37: =SUM(F38:F41) -> 0 | G37: =IFERROR(F37/E37, "-") -> - | H37: =SUM(H38:H41) -> 0 | I37: =SUM(I38:I41) -> 0 | J37: =SUM(J38:J41) -> 0 | K37: =SUM(K38:K41) -> 0 | L37: =SUM(L38:L41) -> 0 | M37: =SUM(M38:M41) -> 0 | N37: =SUM(N38:N41) -> 0 | O37: =SUM(O38:O41) -> 0 | ... AM37: =SUM(AM38:AM41) -> 0 | AO37: =IF(SUM(E37:F37)<>0, "OK", "-") -> -
A38: 73 | B38: 7302 | C38: 73023 | D38: ផលពីការបង្កើតសហគ្រាស | E38: ='[5]01.BMC'!E33 -> 0 | F38: =H38+P38+X38+AF38 -> 0 | G38: =IFERROR(F38/E38, "-") -> - | H38: =SUM(I38:K38) -> 0 | I38: ='[5]01.BMC'!I33 -> 0 | J38: ='[5]01.BMC'!J33 -> 0 | K38: ='[5]01.BMC'!K33 -> 0 | L38: =SUM(M38:O38) -> 0 | M38: ='[5]01.BMC'!M33 -> 0 | N38: ='[5]01.BMC'!N33 -> 0 | O38: ='[5]01.BMC'!O33 -> 0 | P38: =SUM(Q38:S38) -> 0 | Q38: ='[5]01.BMC'!Q33 -> 0 | R38: ='[5]01.BMC'!R33 -> 0 | S38: ='[5]01.BMC'!S33 -> 0 | T38: =SUM(U38:W38) -> 0 | U38: ='[5]01.BMC'!U33 -> 0 | V38: ='[5]01.BMC'!V33 -> 0 | W38: ='[5]01.BMC'!W33 -> 0 | X38: =SUM(Y38:AA38) -> 0 | Y38: ='[5]01.BMC'!Y33 -> 0 | Z38: ='[5]01.BMC'!Z33 -> 0 | AA38: ='[5]01.BMC'!AA33 -> 0 | AB38: =SUM(AC38:AE38) -> 0 | AF38: =SUM(AG38:AI38) -> 0 | AG38: ='[5]01.BMC'!AG33 -> 0 | AH38: ='[5]01.BMC'!AH33 -> 0 | AI38: ='[5]01.BMC'!AI33 -> 0 | AJ38: =SUM(AK38:AM38) -> 0 | AO38: =IF(SUM(E38:F38)<>0, "OK", "-") -> -
A39: 73 | B39: 7306 | C39: 73066 | D39: ចំណូលពីអាជ្ញាប័ណ្ណក្នុងស្រុក | E39: ='[5]01.BMC'!E34 -> 0 | F39: =H39+P39+X39+AF39 -> 0 | G39: =IFERROR(F39/E39, "-") -> - | H39: =SUM(I39:K39) -> 0 | I39: ='[5]01.BMC'!I34 -> 0 | J39: ='[5]01.BMC'!J34 -> 0 | K39: ='[5]01.BMC'!K34 -> 0 | L39: =SUM(M39:O39) -> 0 | M39: ='[5]01.BMC'!M34 -> 0 | N39: ='[5]01.BMC'!N34 -> 0 | O39: ='[5]01.BMC'!O34 -> 0 | P39: =SUM(Q39:S39) -> 0 | Q39: ='[5]01.BMC'!Q34 -> 0 | R39: ='[5]01.BMC'!R34 -> 0 | S39: ='[5]01.BMC'!S34 -> 0 | T39: =SUM(U39:W39) -> 0 | U39: ='[5]01.BMC'!U34 -> 0 | V39: ='[5]01.BMC'!V34 -> 0 | W39: ='[5]01.BMC'!W34 -> 0 | X39: =SUM(Y39:AA39) -> 0 | Y39: ='[5]01.BMC'!Y34 -> 0 | Z39: ='[5]01.BMC'!Z34 -> 0 | AA39: ='[5]01.BMC'!AA34 -> 0 | AB39: =SUM(AC39:AE39) -> 0 | AF39: =SUM(AG39:AI39) -> 0 | AG39: ='[5]01.BMC'!AG34 -> 0 | AH39: ='[5]01.BMC'!AH34 -> 0 | AI39: ='[5]01.BMC'!AI34 -> 0 | AJ39: =SUM(AK39:AM39) -> 0 | AO39: =IF(SUM(E39:F39)<>0, "OK", "-") -> -
A40: 73 | B40: 7307 | C40: 73071 | D40: ការជួលដីទំនេរ | E40: =E167 -> 0 | F40: =H40+P40+X40+AF40 -> 0 | G40: =IFERROR(F40/E40, "-") -> - | H40: =SUM(I40:K40) -> 0 | I40: =I167 -> 0 | J40: =J167 -> 0 | K40: =K167 -> 0 | L40: =SUM(M40:O40) -> 0 | M40: =M167 -> 0 | N40: =N167 -> 0 | O40: =O167 -> 0 | P40: =SUM(Q40:S40) -> 0 | Q40: =Q167 -> 0 | R40: =R167 -> 0 | S40: =S167 -> 0 | T40: =SUM(U40:W40) -> 0 | U40: =U167 -> 0 | V40: =V167 -> 0 | W40: =W167 -> 0 | X40: =SUM(Y40:AA40) -> 0 | Y40: =Y167 -> 0 | Z40: =Z167 -> 0 | AA40: =AA167 -> 0 | AB40: =SUM(AC40:AE40) -> 0 | AC40: =AC167 -> 0 | AD40: =AD167 -> 0 | AE40: =AE167 -> 0 | AF40: =SUM(AG40:AI40) -> 0 | AG40: =AG167 -> 0 | AH40: =AH167 -> 0 | AI40: =AI167 -> 0 | AJ40: =SUM(AK40:AM40) -> 0 | AK40: =AK167 -> 0 | AL40: =AL167 -> 0 | AM40: =AM167 -> 0 | AO40: =IF(SUM(E40:F40)<>0, "OK", "-") -> -
A41: 73 | B41: 7307 | C41: 73072 | D41: ការជួលដីមានអគារ | E41: =E163+E168 -> 0 | F41: =H41+P41+X41+AF41 -> 0 | G41: =IFERROR(F41/E41, "-") -> - | H41: =SUM(I41:K41) -> 0 | I41: =I163+I168 -> 0 | J41: =J163+J168 -> 0 | K41: =K163+K168 -> 0 | L41: =SUM(M41:O41) -> 0 | M41: =M163+M168 -> 0 | N41: =N163+N168 -> 0 | O41: =O163+O168 -> 0 | P41: =SUM(Q41:S41) -> 0 | Q41: =Q163+Q168 -> 0 | R41: =R163+R168 -> 0 | S41: =S163+S168 -> 0 | T41: =SUM(U41:W41) -> 0 | U41: =U163+U168 -> 0 | V41: =V163+V168 -> 0 | W41: =W163+W168 -> 0 | X41: =SUM(Y41:AA41) -> 0 | Y41: =Y163+Y168 -> 0 | Z41: =Z163+Z168 -> 0 | AA41: =AA163+AA168 -> 0 | AB41: =SUM(AC41:AE41) -> 0 | AC41: =AC163+AC168 -> 0 | AD41: =AD163+AD168 -> 0 | AE41: =AE163+AE168 -> 0 | AF41: =SUM(AG41:AI41) -> 0 | AG41: =AG163+AG168 -> 0 | AH41: =AH163+AH168 -> 0 | AI41: =AI163+AI168 -> 0 | AJ41: =SUM(AK41:AM41) -> 0 | AK41: =AK163+AK168 -> 0 | AL41: =AL163+AL168 -> 0 | AM41: =AM163+AM168 -> 0 | AO41: =IF(SUM(E41:F41)<>0, "OK", "-") -> -
D42: មន្ទីរសេដ្ឋកិច្ចនិងហិរញ្ញវត្ថុខេត្តកំពង់ធំ | E42: =SUM(E43:E46) -> 0 | F42: =SUM(F43:F46) -> 0 | G42: =IFERROR(F42/E42, "-") -> - | H42: =SUM(H43:H46) -> 0 | I42: =SUM(I43:I46) -> 0 | J42: =SUM(J43:J46) -> 0 | K42: =SUM(K43:K46) -> 0 | L42: =SUM(L43:L46) -> 0 | M42: =SUM(M43:M46) -> 0 | N42: =SUM(N43:N46) -> 0 | O42: =SUM(O43:O46) -> 0 | ... AM42: =SUM(AM43:AM46) -> 0 | AO42: =IF(SUM(E42:F42)<>0, "OK", "-") -> -
A43: 73 | B43: 7302 | C43: 73023 | D43: ផលពីការបង្កើតសហគ្រាស | E43: ='[5]01.BMC'!E38 -> 0 | F43: =H43+P43+X43+AF43 -> 0 | G43: =IFERROR(F43/E43, "-") -> - | H43: =SUM(I43:K43) -> 0 | I43: ='[5]01.BMC'!I38 -> 0 | J43: ='[5]01.BMC'!J38 -> 0 | K43: ='[5]01.BMC'!K38 -> 0 | L43: =SUM(M43:O43) -> 0 | M43: ='[5]01.BMC'!M38 -> 0 | N43: ='[5]01.BMC'!N38 -> 0 | O43: ='[5]01.BMC'!O38 -> 0 | P43: =SUM(Q43:S43) -> 0 | Q43: ='[5]01.BMC'!Q38 -> 0 | R43: ='[5]01.BMC'!R38 -> 0 | S43: ='[5]01.BMC'!S38 -> 0 | T43: =SUM(U43:W43) -> 0 | U43: ='[5]01.BMC'!U38 -> 0 | V43: ='[5]01.BMC'!V38 -> 0 | W43: ='[5]01.BMC'!W38 -> 0 | X43: =SUM(Y43:AA43) -> 0 | Y43: ='[5]01.BMC'!Y38 -> 0 | Z43: ='[5]01.BMC'!Z38 -> 0 | AA43: ='[5]01.BMC'!AA38 -> 0 | AB43: =SUM(AC43:AE43) -> 0 | AF43: =SUM(AG43:AI43) -> 0 | AG43: ='[5]01.BMC'!AG38 -> 0 | AH43: ='[5]01.BMC'!AH38 -> 0 | AI43: ='[5]01.BMC'!AI38 -> 0 | AJ43: =SUM(AK43:AM43) -> 0 | AO43: =IF(SUM(E43:F43)<>0, "OK", "-") -> -
A44: 73 | B44: 7306 | C44: 73066 | D44: ចំណូលពីអាជ្ញាប័ណ្ណក្នុងស្រុក | E44: ='[5]01.BMC'!E39 -> 0 | F44: =H44+P44+X44+AF44 -> 0 | G44: =IFERROR(F44/E44, "-") -> - | H44: =SUM(I44:K44) -> 0 | I44: ='[5]01.BMC'!I39 -> 0 | J44: ='[5]01.BMC'!J39 -> 0 | K44: ='[5]01.BMC'!K39 -> 0 | L44: =SUM(M44:O44) -> 0 | M44: ='[5]01.BMC'!M39 -> 0 | N44: ='[5]01.BMC'!N39 -> 0 | O44: ='[5]01.BMC'!O39 -> 0 | P44: =SUM(Q44:S44) -> 0 | Q44: ='[5]01.BMC'!Q39 -> 0 | R44: ='[5]01.BMC'!R39 -> 0 | S44: ='[5]01.BMC'!S39 -> 0 | T44: =SUM(U44:W44) -> 0 | U44: ='[5]01.BMC'!U39 -> 0 | V44: ='[5]01.BMC'!V39 -> 0 | W44: ='[5]01.BMC'!W39 -> 0 | X44: =SUM(Y44:AA44) -> 0 | Y44: ='[5]01.BMC'!Y39 -> 0 | Z44: ='[5]01.BMC'!Z39 -> 0 | AA44: ='[5]01.BMC'!AA39 -> 0 | AB44: =SUM(AC44:AE44) -> 0 | AF44: =SUM(AG44:AI44) -> 0 | AG44: ='[5]01.BMC'!AG39 -> 0 | AH44: ='[5]01.BMC'!AH39 -> 0 | AI44: ='[5]01.BMC'!AI39 -> 0 | AJ44: =SUM(AK44:AM44) -> 0 | AO44: =IF(SUM(E44:F44)<>0, "OK", "-") -> -
A45: 73 | B45: 7307 | C45: 73071 | D45: ការជួលដីទំនេរ | E45: =E172 -> 0 | F45: =H45+P45+X45+AF45 -> 0 | G45: =IFERROR(F45/E45, "-") -> - | H45: =SUM(I45:K45) -> 0 | I45: =I172 -> 0 | J45: =J172 -> 0 | K45: =K172 -> 0 | L45: =SUM(M45:O45) -> 0 | M45: =M172 -> 0 | N45: =N172 -> 0 | O45: =O172 -> 0 | P45: =SUM(Q45:S45) -> 0 | Q45: =Q172 -> 0 | R45: =R172 -> 0 | S45: =S172 -> 0 | T45: =SUM(U45:W45) -> 0 | U45: =U172 -> 0 | V45: =V172 -> 0 | W45: =W172 -> 0 | X45: =SUM(Y45:AA45) -> 0 | Y45: =Y172 -> 0 | Z45: =Z172 -> 0 | AA45: =AA172 -> 0 | AB45: =SUM(AC45:AE45) -> 0 | AC45: =AC172 -> 0 | AD45: =AD172 -> 0 | AE45: =AE172 -> 0 | AF45: =SUM(AG45:AI45) -> 0 | AG45: =AG172 -> 0 | AH45: =AH172 -> 0 | AI45: =AI172 -> 0 | AJ45: =SUM(AK45:AM45) -> 0 | AK45: =AK172 -> 0 | AL45: =AL172 -> 0 | AM45: =AM172 -> 0 | AO45: =IF(SUM(E45:F45)<>0, "OK", "-") -> -
A46: 73 | B46: 7307 | C46: 73072 | D46: ការជួលដីមានអគារ | E46: =E168+E173 -> 0 | F46: =H46+P46+X46+AF46 -> 0 | G46: =IFERROR(F46/E46, "-") -> - | H46: =SUM(I46:K46) -> 0 | I46: =I168+I173 -> 0 | J46: =J168+J173 -> 0 | K46: =K168+K173 -> 0 | L46: =SUM(M46:O46) -> 0 | M46: =M168+M173 -> 0 | N46: =N168+N173 -> 0 | O46: =O168+O173 -> 0 | P46: =SUM(Q46:S46) -> 0 | Q46: =Q168+Q173 -> 0 | R46: =R168+R173 -> 0 | S46: =S168+S173 -> 0 | T46: =SUM(U46:W46) -> 0 | U46: =U168+U173 -> 0 | V46: =V168+V173 -> 0 | W46: =W168+W173 -> 0 | X46: =SUM(Y46:AA46) -> 0 | Y46: =Y168+Y173 -> 0 | Z46: =Z168+Z173 -> 0 | AA46: =AA168+AA173 -> 0 | AB46: =SUM(AC46:AE46) -> 0 | AC46: =AC168+AC173 -> 0 | AD46: =AD168+AD173 -> 0 | AE46: =AE168+AE173 -> 0 | AF46: =SUM(AG46:AI46) -> 0 | AG46: =AG168+AG173 -> 0 | AH46: =AH168+AH173 -> 0 | AI46: =AI168+AI173 -> 0 | AJ46: =SUM(AK46:AM46) -> 0 | AK46: =AK168+AK173 -> 0 | AL46: =AL168+AL173 -> 0 | AM46: =AM168+AM173 -> 0 | AO46: =IF(SUM(E46:F46)<>0, "OK", "-") -> -
D47: មន្ទីរសេដ្ឋកិច្ចនិងហិរញ្ញវត្ថុខេត្តកំពត | E47: =SUM(E48:E51) -> 0 | F47: =SUM(F48:F51) -> 0 | G47: =IFERROR(F47/E47, "-") -> - | H47: =SUM(H48:H51) -> 0 | I47: =SUM(I48:I51) -> 0 | J47: =SUM(J48:J51) -> 0 | K47: =SUM(K48:K51) -> 0 | L47: =SUM(L48:L51) -> 0 | M47: =SUM(M48:M51) -> 0 | N47: =SUM(N48:N51) -> 0 | O47: =SUM(O48:O51) -> 0 | ... AM47: =SUM(AM48:AM51) -> 0 | AO47: =IF(SUM(E47:F47)<>0, "OK", "-") -> -
A48: 73 | B48: 7302 | C48: 73023 | D48: ផលពីការបង្កើតសហគ្រាស | E48: ='[5]01.BMC'!E43 -> 0 | F48: =H48+P48+X48+AF48 -> 0 | G48: =IFERROR(F48/E48, "-") -> - | H48: =SUM(I48:K48) -> 0 | I48: ='[5]01.BMC'!I43 -> 0 | J48: ='[5]01.BMC'!J43 -> 0 | K48: ='[5]01.BMC'!K43 -> 0 | L48: =SUM(M48:O48) -> 0 | M48: ='[5]01.BMC'!M43 -> 0 | N48: ='[5]01.BMC'!N43 -> 0 | O48: ='[5]01.BMC'!O43 -> 0 | P48: =SUM(Q48:S48) -> 0 | Q48: ='[5]01.BMC'!Q43 -> 0 | R48: ='[5]01.BMC'!R43 -> 0 | S48: ='[5]01.BMC'!S43 -> 0 | T48: =SUM(U48:W48) -> 0 | U48: ='[5]01.BMC'!U43 -> 0 | V48: ='[5]01.BMC'!V43 -> 0 | W48: ='[5]01.BMC'!W43 -> 0 | X48: =SUM(Y48:AA48) -> 0 | Y48: ='[5]01.BMC'!Y43 -> 0 | Z48: ='[5]01.BMC'!Z43 -> 0 | AA48: ='[5]01.BMC'!AA43 -> 0 | AB48: =SUM(AC48:AE48) -> 0 | AF48: =SUM(AG48:AI48) -> 0 | AG48: ='[5]01.BMC'!AG43 -> 0 | AH48: ='[5]01.BMC'!AH43 -> 0 | AI48: ='[5]01.BMC'!AI43 -> 0 | AJ48: =SUM(AK48:AM48) -> 0 | AO48: =IF(SUM(E48:F48)<>0, "OK", "-") -> -
A49: 73 | B49: 7306 | C49: 73066 | D49: ចំណូលពីអាជ្ញាប័ណ្ណក្នុងស្រុក | E49: ='[5]01.BMC'!E44 -> 0 | F49: =H49+P49+X49+AF49 -> 0 | G49: =IFERROR(F49/E49, "-") -> - | H49: =SUM(I49:K49) -> 0 | I49: ='[5]01.BMC'!I44 -> 0 | J49: ='[5]01.BMC'!J44 -> 0 | K49: ='[5]01.BMC'!K44 -> 0 | L49: =SUM(M49:O49) -> 0 | M49: ='[5]01.BMC'!M44 -> 0 | N49: ='[5]01.BMC'!N44 -> 0 | O49: ='[5]01.BMC'!O44 -> 0 | P49: =SUM(Q49:S49) -> 0 | Q49: ='[5]01.BMC'!Q44 -> 0 | R49: ='[5]01.BMC'!R44 -> 0 | S49: ='[5]01.BMC'!S44 -> 0 | T49: =SUM(U49:W49) -> 0 | U49: ='[5]01.BMC'!U44 -> 0 | V49: ='[5]01.BMC'!V44 -> 0 | W49: ='[5]01.BMC'!W44 -> 0 | X49: =SUM(Y49:AA49) -> 0 | Y49: ='[5]01.BMC'!Y44 -> 0 | Z49: ='[5]01.BMC'!Z44 -> 0 | AA49: ='[5]01.BMC'!AA44 -> 0 | AB49: =SUM(AC49:AE49) -> 0 | AF49: =SUM(AG49:AI49) -> 0 | AG49: ='[5]01.BMC'!AG44 -> 0 | AH49: ='[5]01.BMC'!AH44 -> 0 | AI49: ='[5]01.BMC'!AI44 -> 0 | AJ49: =SUM(AK49:AM49) -> 0 | AO49: =IF(SUM(E49:F49)<>0, "OK", "-") -> -
A50: 73 | B50: 7307 | C50: 73071 | D50: ការជួលដីទំនេរ | E50: =E177 -> 0 | F50: =H50+P50+X50+AF50 -> 0 | G50: =IFERROR(F50/E50, "-") -> - | H50: =SUM(I50:K50) -> 0 | I50: =I177 -> 0 | J50: =J177 -> 0 | K50: =K177 -> 0 | L50: =SUM(M50:O50) -> 0 | M50: =M177 -> 0 | N50: =N177 -> 0 | O50: =O177 -> 0 | P50: =SUM(Q50:S50) -> 0 | Q50: =Q177 -> 0 | R50: =R177 -> 0 | S50: =S177 -> 0 | T50: =SUM(U50:W50) -> 0 | U50: =U177 -> 0 | V50: =V177 -> 0 | W50: =W177 -> 0 | X50: =SUM(Y50:AA50) -> 0 | Y50: =Y177 -> 0 | Z50: =Z177 -> 0 | AA50: =AA177 -> 0 | AB50: =SUM(AC50:AE50) -> 0 | AC50: =AC177 -> 0 | AD50: =AD177 -> 0 | AE50: =AE177 -> 0 | AF50: =SUM(AG50:AI50) -> 0 | AG50: =AG177 -> 0 | AH50: =AH177 -> 0 | AI50: =AI177 -> 0 | AJ50: =SUM(AK50:AM50) -> 0 | AK50: =AK177 -> 0 | AL50: =AL177 -> 0 | AM50: =AM177 -> 0 | AO50: =IF(SUM(E50:F50)<>0, "OK", "-") -> -
A51: 73 | B51: 7307 | C51: 73072 | D51: ការជួលដីមានអគារ | E51: =E173+E178 -> 0 | F51: =H51+P51+X51+AF51 -> 0 | G51: =IFERROR(F51/E51, "-") -> - | H51: =SUM(I51:K51) -> 0 | I51: =I173+I178 -> 0 | J51: =J173+J178 -> 0 | K51: =K173+K178 -> 0 | L51: =SUM(M51:O51) -> 0 | M51: =M173+M178 -> 0 | N51: =N173+N178 -> 0 | O51: =O173+O178 -> 0 | P51: =SUM(Q51:S51) -> 0 | Q51: =Q173+Q178 -> 0 | R51: =R173+R178 -> 0 | S51: =S173+S178 -> 0 | T51: =SUM(U51:W51) -> 0 | U51: =U173+U178 -> 0 | V51: =V173+V178 -> 0 | W51: =W173+W178 -> 0 | X51: =SUM(Y51:AA51) -> 0 | Y51: =Y173+Y178 -> 0 | Z51: =Z173+Z178 -> 0 | AA51: =AA173+AA178 -> 0 | AB51: =SUM(AC51:AE51) -> 0 | AC51: =AC173+AC178 -> 0 | AD51: =AD173+AD178 -> 0 | AE51: =AE173+AE178 -> 0 | AF51: =SUM(AG51:AI51) -> 0 | AG51: =AG173+AG178 -> 0 | AH51: =AH173+AH178 -> 0 | AI51: =AI173+AI178 -> 0 | AJ51: =SUM(AK51:AM51) -> 0 | AK51: =AK173+AK178 -> 0 | AL51: =AL173+AL178 -> 0 | AM51: =AM173+AM178 -> 0 | AO51: =IF(SUM(E51:F51)<>0, "OK", "-") -> -
D52: មន្ទីរសេដ្ឋកិច្ចនិងហិរញ្ញវត្ថុខេត្តកណ្តាល | E52: =SUM(E53:E56) -> 0 | F52: =SUM(F53:F56) -> 0 | G52: =IFERROR(F52/E52, "-") -> - | H52: =SUM(H53:H56) -> 0 | I52: =SUM(I53:I56) -> 0 | J52: =SUM(J53:J56) -> 0 | K52: =SUM(K53:K56) -> 0 | L52: =SUM(L53:L56) -> 0 | M52: =SUM(M53:M56) -> 0 | N52: =SUM(N53:N56) -> 0 | O52: =SUM(O53:O56) -> 0 | ... AM52: =SUM(AM53:AM56) -> 0 | AO52: =IF(SUM(E52:F52)<>0, "OK", "-") -> -
A53: 73 | B53: 7302 | C53: 73023 | D53: ផលពីការបង្កើតសហគ្រាស | E53: ='[5]01.BMC'!E48 -> 0 | F53: =H53+P53+X53+AF53 -> 0 | G53: =IFERROR(F53/E53, "-") -> - | H53: =SUM(I53:K53) -> 0 | I53: ='[5]01.BMC'!I48 -> 0 | J53: ='[5]01.BMC'!J48 -> 0 | K53: ='[5]01.BMC'!K48 -> 0 | L53: =SUM(M53:O53) -> 0 | M53: ='[5]01.BMC'!M48 -> 0 | N53: ='[5]01.BMC'!N48 -> 0 | O53: ='[5]01.BMC'!O48 -> 0 | P53: =SUM(Q53:S53) -> 0 | Q53: ='[5]01.BMC'!Q48 -> 0 | R53: ='[5]01.BMC'!R48 -> 0 | S53: ='[5]01.BMC'!S48 -> 0 | T53: =SUM(U53:W53) -> 0 | U53: ='[5]01.BMC'!U48 -> 0 | V53: ='[5]01.BMC'!V48 -> 0 | W53: ='[5]01.BMC'!W48 -> 0 | X53: =SUM(Y53:AA53) -> 0 | Y53: ='[5]01.BMC'!Y48 -> 0 | Z53: ='[5]01.BMC'!Z48 -> 0 | AA53: ='[5]01.BMC'!AA48 -> 0 | AB53: =SUM(AC53:AE53) -> 0 | AF53: =SUM(AG53:AI53) -> 0 | AG53: ='[5]01.BMC'!AG48 -> 0 | AH53: ='[5]01.BMC'!AH48 -> 0 | AI53: ='[5]01.BMC'!AI48 -> 0 | AJ53: =SUM(AK53:AM53) -> 0 | AO53: =IF(SUM(E53:F53)<>0, "OK", "-") -> -
A54: 73 | B54: 7306 | C54: 73066 | D54: ចំណូលពីអាជ្ញាប័ណ្ណក្នុងស្រុក | E54: ='[5]01.BMC'!E49 -> 0 | F54: =H54+P54+X54+AF54 -> 0 | G54: =IFERROR(F54/E54, "-") -> - | H54: =SUM(I54:K54) -> 0 | I54: ='[5]01.BMC'!I49 -> 0 | J54: ='[5]01.BMC'!J49 -> 0 | K54: ='[5]01.BMC'!K49 -> 0 | L54: =SUM(M54:O54) -> 0 | M54: ='[5]01.BMC'!M49 -> 0 | N54: ='[5]01.BMC'!N49 -> 0 | O54: ='[5]01.BMC'!O49 -> 0 | P54: =SUM(Q54:S54) -> 0 | Q54: ='[5]01.BMC'!Q49 -> 0 | R54: ='[5]01.BMC'!R49 -> 0 | S54: ='[5]01.BMC'!S49 -> 0 | T54: =SUM(U54:W54) -> 0 | U54: ='[5]01.BMC'!U49 -> 0 | V54: ='[5]01.BMC'!V49 -> 0 | W54: ='[5]01.BMC'!W49 -> 0 | X54: =SUM(Y54:AA54) -> 0 | Y54: ='[5]01.BMC'!Y49 -> 0 | Z54: ='[5]01.BMC'!Z49 -> 0 | AA54: ='[5]01.BMC'!AA49 -> 0 | AB54: =SUM(AC54:AE54) -> 0 | AF54: =SUM(AG54:AI54) -> 0 | AG54: ='[5]01.BMC'!AG49 -> 0 | AH54: ='[5]01.BMC'!AH49 -> 0 | AI54: ='[5]01.BMC'!AI49 -> 0 | AJ54: =SUM(AK54:AM54) -> 0 | AO54: =IF(SUM(E54:F54)<>0, "OK", "-") -> -
A55: 73 | B55: 7307 | C55: 73071 | D55: ការជួលដីទំនេរ | E55: =E182 -> 0 | F55: =H55+P55+X55+AF55 -> 0 | G55: =IFERROR(F55/E55, "-") -> - | H55: =SUM(I55:K55) -> 0 | I55: =I182 -> 0 | J55: =J182 -> 0 | K55: =K182 -> 0 | L55: =SUM(M55:O55) -> 0 | M55: =M182 -> 0 | N55: =N182 -> 0 | O55: =O182 -> 0 | P55: =SUM(Q55:S55) -> 0 | Q55: =Q182 -> 0 | R55: =R182 -> 0 | S55: =S182 -> 0 | T55: =SUM(U55:W55) -> 0 | U55: =U182 -> 0 | V55: =V182 -> 0 | W55: =W182 -> 0 | X55: =SUM(Y55:AA55) -> 0 | Y55: =Y182 -> 0 | Z55: =Z182 -> 0 | AA55: =AA182 -> 0 | AB55: =SUM(AC55:AE55) -> 0 | AC55: =AC182 -> 0 | AD55: =AD182 -> 0 | AE55: =AE182 -> 0 | AF55: =SUM(AG55:AI55) -> 0 | AG55: =AG182 -> 0 | AH55: =AH182 -> 0 | AI55: =AI182 -> 0 | AJ55: =SUM(AK55:AM55) -> 0 | AK55: =AK182 -> 0 | AL55: =AL182 -> 0 | AM55: =AM182 -> 0 | AO55: =IF(SUM(E55:F55)<>0, "OK", "-") -> -
A56: 73 | B56: 7307 | C56: 73072 | D56: ការជួលដីមានអគារ | E56: =E178+E183 -> 0 | F56: =H56+P56+X56+AF56 -> 0 | G56: =IFERROR(F56/E56, "-") -> - | H56: =SUM(I56:K56) -> 0 | I56: =I178+I183 -> 0 | J56: =J178+J183 -> 0 | K56: =K178+K183 -> 0 | L56: =SUM(M56:O56) -> 0 | M56: =M178+M183 -> 0 | N56: =N178+N183 -> 0 | O56: =O178+O183 -> 0 | P56: =SUM(Q56:S56) -> 0 | Q56: =Q178+Q183 -> 0 | R56: =R178+R183 -> 0 | S56: =S178+S183 -> 0 | T56: =SUM(U56:W56) -> 0 | U56: =U178+U183 -> 0 | V56: =V178+V183 -> 0 | W56: =W178+W183 -> 0 | X56: =SUM(Y56:AA56) -> 0 | Y56: =Y178+Y183 -> 0 | Z56: =Z178+Z183 -> 0 | AA56: =AA178+AA183 -> 0 | AB56: =SUM(AC56:AE56) -> 0 | AC56: =AC178+AC183 -> 0 | AD56: =AD178+AD183 -> 0 | AE56: =AE178+AE183 -> 0 | AF56: =SUM(AG56:AI56) -> 0 | AG56: =AG178+AG183 -> 0 | AH56: =AH178+AH183 -> 0 | AI56: =AI178+AI183 -> 0 | AJ56: =SUM(AK56:AM56) -> 0 | AK56: =AK178+AK183 -> 0 | AL56: =AL178+AL183 -> 0 | AM56: =AM178+AM183 -> 0 | AO56: =IF(SUM(E56:F56)<>0, "OK", "-") -> -
D57: មន្ទីរសេដ្ឋកិច្ចនិងហិរញ្ញវត្ថុខេត្តកោះកុង | E57: =SUM(E58:E61) -> 0 | F57: =SUM(F58:F61) -> 0 | G57: =IFERROR(F57/E57, "-") -> - | H57: =SUM(H58:H61) -> 0 | I57: =SUM(I58:I61) -> 0 | J57: =SUM(J58:J61) -> 0 | K57: =SUM(K58:K61) -> 0 | L57: =SUM(L58:L61) -> 0 | M57: =SUM(M58:M61) -> 0 | N57: =SUM(N58:N61) -> 0 | O57: =SUM(O58:O61) -> 0 | ... AM57: =SUM(AM58:AM61) -> 0 | AO57: =IF(SUM(E57:F57)<>0, "OK", "-") -> -
A58: 73 | B58: 7302 | C58: 73023 | D58: ផលពីការបង្កើតសហគ្រាស | E58: ='[5]01.BMC'!E53 -> 0 | F58: =H58+P58+X58+AF58 -> 0 | G58: =IFERROR(F58/E58, "-") -> - | H58: =SUM(I58:K58) -> 0 | I58: ='[5]01.BMC'!I53 -> 0 | J58: ='[5]01.BMC'!J53 -> 0 | K58: ='[5]01.BMC'!K53 -> 0 | L58: =SUM(M58:O58) -> 0 | M58: ='[5]01.BMC'!M53 -> 0 | N58: ='[5]01.BMC'!N53 -> 0 | O58: ='[5]01.BMC'!O53 -> 0 | P58: =SUM(Q58:S58) -> 0 | Q58: ='[5]01.BMC'!Q53 -> 0 | R58: ='[5]01.BMC'!R53 -> 0 | S58: ='[5]01.BMC'!S53 -> 0 | T58: =SUM(U58:W58) -> 0 | U58: ='[5]01.BMC'!U53 -> 0 | V58: ='[5]01.BMC'!V53 -> 0 | W58: ='[5]01.BMC'!W53 -> 0 | X58: =SUM(Y58:AA58) -> 0 | Y58: ='[5]01.BMC'!Y53 -> 0 | Z58: ='[5]01.BMC'!Z53 -> 0 | AA58: ='[5]01.BMC'!AA53 -> 0 | AB58: =SUM(AC58:AE58) -> 0 | AF58: =SUM(AG58:AI58) -> 0 | AG58: ='[5]01.BMC'!AG53 -> 0 | AH58: ='[5]01.BMC'!AH53 -> 0 | AI58: ='[5]01.BMC'!AI53 -> 0 | AJ58: =SUM(AK58:AM58) -> 0 | AO58: =IF(SUM(E58:F58)<>0, "OK", "-") -> -
A59: 73 | B59: 7306 | C59: 73066 | D59: ចំណូលពីអាជ្ញាប័ណ្ណក្នុងស្រុក | E59: ='[5]01.BMC'!E54 -> 0 | F59: =H59+P59+X59+AF59 -> 0 | G59: =IFERROR(F59/E59, "-") -> - | H59: =SUM(I59:K59) -> 0 | I59: ='[5]01.BMC'!I54 -> 0 | J59: ='[5]01.BMC'!J54 -> 0 | K59: ='[5]01.BMC'!K54 -> 0 | L59: =SUM(M59:O59) -> 0 | M59: ='[5]01.BMC'!M54 -> 0 | N59: ='[5]01.BMC'!N54 -> 0 | O59: ='[5]01.BMC'!O54 -> 0 | P59: =SUM(Q59:S59) -> 0 | Q59: ='[5]01.BMC'!Q54 -> 0 | R59: ='[5]01.BMC'!R54 -> 0 | S59: ='[5]01.BMC'!S54 -> 0 | T59: =SUM(U59:W59) -> 0 | U59: ='[5]01.BMC'!U54 -> 0 | V59: ='[5]01.BMC'!V54 -> 0 | W59: ='[5]01.BMC'!W54 -> 0 | X59: =SUM(Y59:AA59) -> 0 | Y59: ='[5]01.BMC'!Y54 -> 0 | Z59: ='[5]01.BMC'!Z54 -> 0 | AA59: ='[5]01.BMC'!AA54 -> 0 | AB59: =SUM(AC59:AE59) -> 0 | AF59: =SUM(AG59:AI59) -> 0 | AG59: ='[5]01.BMC'!AG54 -> 0 | AH59: ='[5]01.BMC'!AH54 -> 0 | AI59: ='[5]01.BMC'!AI54 -> 0 | AJ59: =SUM(AK59:AM59) -> 0 | AO59: =IF(SUM(E59:F59)<>0, "OK", "-") -> -
A60: 73 | B60: 7307 | C60: 73071 | D60: ការជួលដីទំនេរ | E60: =E187 -> 0 | F60: =H60+P60+X60+AF60 -> 0 | G60: =IFERROR(F60/E60, "-") -> - | H60: =SUM(I60:K60) -> 0 | I60: =I187 -> 0 | J60: =J187 -> 0 | K60: =K187 -> 0 | L60: =SUM(M60:O60) -> 0 | M60: =M187 -> 0 | N60: =N187 -> 0 | O60: =O187 -> 0 | P60: =SUM(Q60:S60) -> 0 | Q60: =Q187 -> 0 | R60: =R187 -> 0 | S60: =S187 -> 0 | T60: =SUM(U60:W60) -> 0 | U60: =U187 -> 0 | V60: =V187 -> 0 | W60: =W187 -> 0 | X60: =SUM(Y60:AA60) -> 0 | Y60: =Y187 -> 0 | Z60: =Z187 -> 0 | AA60: =AA187 -> 0 | AB60: =SUM(AC60:AE60) -> 0 | AC60: =AC187 -> 0 | AD60: =AD187 -> 0 | AE60: =AE187 -> 0 | AF60: =SUM(AG60:AI60) -> 0 | AG60: =AG187 -> 0 | AH60: =AH187 -> 0 | AI60: =AI187 -> 0 | AJ60: =SUM(AK60:AM60) -> 0 | AK60: =AK187 -> 0 | AL60: =AL187 -> 0 | AM60: =AM187 -> 0 | AO60: =IF(SUM(E60:F60)<>0, "OK", "-") -> -
A61: 73 | B61: 7307 | C61: 73072 | D61: ការជួលដីមានអគារ | E61: =E183+E188 -> 0 | F61: =H61+P61+X61+AF61 -> 0 | G61: =IFERROR(F61/E61, "-") -> - | H61: =SUM(I61:K61) -> 0 | I61: =I183+I188 -> 0 | J61: =J183+J188 -> 0 | K61: =K183+K188 -> 0 | L61: =SUM(M61:O61) -> 0 | M61: =M183+M188 -> 0 | N61: =N183+N188 -> 0 | O61: =O183+O188 -> 0 | P61: =SUM(Q61:S61) -> 0 | Q61: =Q183+Q188 -> 0 | R61: =R183+R188 -> 0 | S61: =S183+S188 -> 0 | T61: =SUM(U61:W61) -> 0 | U61: =U183+U188 -> 0 | V61: =V183+V188 -> 0 | W61: =W183+W188 -> 0 | X61: =SUM(Y61:AA61) -> 0 | Y61: =Y183+Y188 -> 0 | Z61: =Z183+Z188 -> 0 | AA61: =AA183+AA188 -> 0 | AB61: =SUM(AC61:AE61) -> 0 | AC61: =AC183+AC188 -> 0 | AD61: =AD183+AD188 -> 0 | AE61: =AE183+AE188 -> 0 | AF61: =SUM(AG61:AI61) -> 0 | AG61: =AG183+AG188 -> 0 | AH61: =AH183+AH188 -> 0 | AI61: =AI183+AI188 -> 0 | AJ61: =SUM(AK61:AM61) -> 0 | AK61: =AK183+AK188 -> 0 | AL61: =AL183+AL188 -> 0 | AM61: =AM183+AM188 -> 0 | AO61: =IF(SUM(E61:F61)<>0, "OK", "-") -> -
D62: មន្ទីរសេដ្ឋកិច្ចនិងហិរញ្ញវត្ថុខេត្តក្រចេះ | E62: =SUM(E63:E66) -> 0 | F62: =SUM(F63:F66) -> 0 | G62: =IFERROR(F62/E62, "-") -> - | H62: =SUM(H63:H66) -> 0 | I62: =SUM(I63:I66) -> 0 | J62: =SUM(J63:J66) -> 0 | K62: =SUM(K63:K66) -> 0 | L62: =SUM(L63:L66) -> 0 | M62: =SUM(M63:M66) -> 0 | N62: =SUM(N63:N66) -> 0 | O62: =SUM(O63:O66) -> 0 | ... AM62: =SUM(AM63:AM66) -> 0 | AO62: =IF(SUM(E62:F62)<>0, "OK", "-") -> -
A63: 73 | B63: 7302 | C63: 73023 | D63: ផលពីការបង្កើតសហគ្រាស | E63: ='[5]01.BMC'!E58 -> 0 | F63: =H63+P63+X63+AF63 -> 0 | G63: =IFERROR(F63/E63, "-") -> - | H63: =SUM(I63:K63) -> 0 | I63: ='[5]01.BMC'!I58 -> 0 | J63: ='[5]01.BMC'!J58 -> 0 | K63: ='[5]01.BMC'!K58 -> 0 | L63: =SUM(M63:O63) -> 0 | M63: ='[5]01.BMC'!M58 -> 0 | N63: ='[5]01.BMC'!N58 -> 0 | O63: ='[5]01.BMC'!O58 -> 0 | P63: =SUM(Q63:S63) -> 0 | Q63: ='[5]01.BMC'!Q58 -> 0 | R63: ='[5]01.BMC'!R58 -> 0 | S63: ='[5]01.BMC'!S58 -> 0 | T63: =SUM(U63:W63) -> 0 | U63: ='[5]01.BMC'!U58 -> 0 | V63: ='[5]01.BMC'!V58 -> 0 | W63: ='[5]01.BMC'!W58 -> 0 | X63: =SUM(Y63:AA63) -> 0 | Y63: ='[5]01.BMC'!Y58 -> 0 | Z63: ='[5]01.BMC'!Z58 -> 0 | AA63: ='[5]01.BMC'!AA58 -> 0 | AB63: =SUM(AC63:AE63) -> 0 | AF63: =SUM(AG63:AI63) -> 0 | AG63: ='[5]01.BMC'!AG58 -> 0 | AH63: ='[5]01.BMC'!AH58 -> 0 | AI63: ='[5]01.BMC'!AI58 -> 0 | AJ63: =SUM(AK63:AM63) -> 0 | AO63: =IF(SUM(E63:F63)<>0, "OK", "-") -> -
A64: 73 | B64: 7306 | C64: 73066 | D64: ចំណូលពីអាជ្ញាប័ណ្ណក្នុងស្រុក | E64: ='[5]01.BMC'!E59 -> 0 | F64: =H64+P64+X64+AF64 -> 0 | G64: =IFERROR(F64/E64, "-") -> - | H64: =SUM(I64:K64) -> 0 | I64: ='[5]01.BMC'!I59 -> 0 | J64: ='[5]01.BMC'!J59 -> 0 | K64: ='[5]01.BMC'!K59 -> 0 | L64: =SUM(M64:O64) -> 0 | M64: ='[5]01.BMC'!M59 -> 0 | N64: ='[5]01.BMC'!N59 -> 0 | O64: ='[5]01.BMC'!O59 -> 0 | P64: =SUM(Q64:S64) -> 0 | Q64: ='[5]01.BMC'!Q59 -> 0 | R64: ='[5]01.BMC'!R59 -> 0 | S64: ='[5]01.BMC'!S59 -> 0 | T64: =SUM(U64:W64) -> 0 | U64: ='[5]01.BMC'!U59 -> 0 | V64: ='[5]01.BMC'!V59 -> 0 | W64: ='[5]01.BMC'!W59 -> 0 | X64: =SUM(Y64:AA64) -> 0 | Y64: ='[5]01.BMC'!Y59 -> 0 | Z64: ='[5]01.BMC'!Z59 -> 0 | AA64: ='[5]01.BMC'!AA59 -> 0 | AB64: =SUM(AC64:AE64) -> 0 | AF64: =SUM(AG64:AI64) -> 0 | AG64: ='[5]01.BMC'!AG59 -> 0 | AH64: ='[5]01.BMC'!AH59 -> 0 | AI64: ='[5]01.BMC'!AI59 -> 0 | AJ64: =SUM(AK64:AM64) -> 0 | AO64: =IF(SUM(E64:F64)<>0, "OK", "-") -> -
A65: 73 | B65: 7307 | C65: 73071 | D65: ការជួលដីទំនេរ | E65: =E192 -> 0 | F65: =H65+P65+X65+AF65 -> 0 | G65: =IFERROR(F65/E65, "-") -> - | H65: =SUM(I65:K65) -> 0 | I65: =I192 -> 0 | J65: =J192 -> 0 | K65: =K192 -> 0 | L65: =SUM(M65:O65) -> 0 | M65: =M192 -> 0 | N65: =N192 -> 0 | O65: =O192 -> 0 | P65: =SUM(Q65:S65) -> 0 | Q65: =Q192 -> 0 | R65: =R192 -> 0 | S65: =S192 -> 0 | T65: =SUM(U65:W65) -> 0 | U65: =U192 -> 0 | V65: =V192 -> 0 | W65: =W192 -> 0 | X65: =SUM(Y65:AA65) -> 0 | Y65: =Y192 -> 0 | Z65: =Z192 -> 0 | AA65: =AA192 -> 0 | AB65: =SUM(AC65:AE65) -> 0 | AC65: =AC192 -> 0 | AD65: =AD192 -> 0 | AE65: =AE192 -> 0 | AF65: =SUM(AG65:AI65) -> 0 | AG65: =AG192 -> 0 | AH65: =AH192 -> 0 | AI65: =AI192 -> 0 | AJ65: =SUM(AK65:AM65) -> 0 | AK65: =AK192 -> 0 | AL65: =AL192 -> 0 | AM65: =AM192 -> 0 | AO65: =IF(SUM(E65:F65)<>0, "OK", "-") -> -
A66: 73 | B66: 7307 | C66: 73072 | D66: ការជួលដីមានអគារ | E66: =E188+E193 -> 0 | F66: =H66+P66+X66+AF66 -> 0 | G66: =IFERROR(F66/E66, "-") -> - | H66: =SUM(I66:K66) -> 0 | I66: =I188+I193 -> 0 | J66: =J188+J193 -> 0 | K66: =K188+K193 -> 0 | L66: =SUM(M66:O66) -> 0 | M66: =M188+M193 -> 0 | N66: =N188+N193 -> 0 | O66: =O188+O193 -> 0 | P66: =SUM(Q66:S66) -> 0 | Q66: =Q188+Q193 -> 0 | R66: =R188+R193 -> 0 | S66: =S188+S193 -> 0 | T66: =SUM(U66:W66) -> 0 | U66: =U188+U193 -> 0 | V66: =V188+V193 -> 0 | W66: =W188+W193 -> 0 | X66: =SUM(Y66:AA66) -> 0 | Y66: =Y188+Y193 -> 0 | Z66: =Z188+Z193 -> 0 | AA66: =AA188+AA193 -> 0 | AB66: =SUM(AC66:AE66) -> 0 | AC66: =AC188+AC193 -> 0 | AD66: =AD188+AD193 -> 0 | AE66: =AE188+AE193 -> 0 | AF66: =SUM(AG66:AI66) -> 0 | AG66: =AG188+AG193 -> 0 | AH66: =AH188+AH193 -> 0 | AI66: =AI188+AI193 -> 0 | AJ66: =SUM(AK66:AM66) -> 0 | AK66: =AK188+AK193 -> 0 | AL66: =AL188+AL193 -> 0 | AM66: =AM188+AM193 -> 0 | AO66: =IF(SUM(E66:F66)<>0, "OK", "-") -> -
D67: មន្ទីរសេដ្ឋកិច្ចនិងហិរញ្ញវត្ថុខេត្តមណ្ឌលគិរី | E67: =SUM(E68:E71) -> 0 | F67: =SUM(F68:F71) -> 0 | G67: =IFERROR(F67/E67, "-") -> - | H67: =SUM(H68:H71) -> 0 | I67: =SUM(I68:I71) -> 0 | J67: =SUM(J68:J71) -> 0 | K67: =SUM(K68:K71) -> 0 | L67: =SUM(L68:L71) -> 0 | M67: =SUM(M68:M71) -> 0 | N67: =SUM(N68:N71) -> 0 | O67: =SUM(O68:O71) -> 0 | ... AM67: =SUM(AM68:AM71) -> 0 | AO67: =IF(SUM(E67:F67)<>0, "OK", "-") -> -
A68: 73 | B68: 7302 | C68: 73023 | D68: ផលពីការបង្កើតសហគ្រាស | E68: ='[5]01.BMC'!E63 -> 0 | F68: =H68+P68+X68+AF68 -> 0 | G68: =IFERROR(F68/E68, "-") -> - | H68: =SUM(I68:K68) -> 0 | I68: ='[5]01.BMC'!I63 -> 0 | J68: ='[5]01.BMC'!J63 -> 0 | K68: ='[5]01.BMC'!K63 -> 0 | L68: =SUM(M68:O68) -> 0 | M68: ='[5]01.BMC'!M63 -> 0 | N68: ='[5]01.BMC'!N63 -> 0 | O68: ='[5]01.BMC'!O63 -> 0 | P68: =SUM(Q68:S68) -> 0 | Q68: ='[5]01.BMC'!Q63 -> 0 | R68: ='[5]01.BMC'!R63 -> 0 | S68: ='[5]01.BMC'!S63 -> 0 | T68: =SUM(U68:W68) -> 0 | U68: ='[5]01.BMC'!U63 -> 0 | V68: ='[5]01.BMC'!V63 -> 0 | W68: ='[5]01.BMC'!W63 -> 0 | X68: =SUM(Y68:AA68) -> 0 | Y68: ='[5]01.BMC'!Y63 -> 0 | Z68: ='[5]01.BMC'!Z63 -> 0 | AA68: ='[5]01.BMC'!AA63 -> 0 | AB68: =SUM(AC68:AE68) -> 0 | AF68: =SUM(AG68:AI68) -> 0 | AG68: ='[5]01.BMC'!AG63 -> 0 | AH68: ='[5]01.BMC'!AH63 -> 0 | AI68: ='[5]01.BMC'!AI63 -> 0 | AJ68: =SUM(AK68:AM68) -> 0 | AO68: =IF(SUM(E68:F68)<>0, "OK", "-") -> -
A69: 73 | B69: 7306 | C69: 73066 | D69: ចំណូលពីអាជ្ញាប័ណ្ណក្នុងស្រុក | E69: ='[5]01.BMC'!E64 -> 0 | F69: =H69+P69+X69+AF69 -> 0 | G69: =IFERROR(F69/E69, "-") -> - | H69: =SUM(I69:K69) -> 0 | I69: ='[5]01.BMC'!I64 -> 0 | J69: ='[5]01.BMC'!J64 -> 0 | K69: ='[5]01.BMC'!K64 -> 0 | L69: =SUM(M69:O69) -> 0 | M69: ='[5]01.BMC'!M64 -> 0 | N69: ='[5]01.BMC'!N64 -> 0 | O69: ='[5]01.BMC'!O64 -> 0 | P69: =SUM(Q69:S69) -> 0 | Q69: ='[5]01.BMC'!Q64 -> 0 | R69: ='[5]01.BMC'!R64 -> 0 | S69: ='[5]01.BMC'!S64 -> 0 | T69: =SUM(U69:W69) -> 0 | U69: ='[5]01.BMC'!U64 -> 0 | V69: ='[5]01.BMC'!V64 -> 0 | W69: ='[5]01.BMC'!W64 -> 0 | X69: =SUM(Y69:AA69) -> 0 | Y69: ='[5]01.BMC'!Y64 -> 0 | Z69: ='[5]01.BMC'!Z64 -> 0 | AA69: ='[5]01.BMC'!AA64 -> 0 | AB69: =SUM(AC69:AE69) -> 0 | AF69: =SUM(AG69:AI69) -> 0 | AG69: ='[5]01.BMC'!AG64 -> 0 | AH69: ='[5]01.BMC'!AH64 -> 0 | AI69: ='[5]01.BMC'!AI64 -> 0 | AJ69: =SUM(AK69:AM69) -> 0 | AO69: =IF(SUM(E69:F69)<>0, "OK", "-") -> -
A70: 73 | B70: 7307 | C70: 73071 | D70: ការជួលដីទំនេរ | E70: =E197 -> 0 | F70: =H70+P70+X70+AF70 -> 0 | G70: =IFERROR(F70/E70, "-") -> - | H70: =SUM(I70:K70) -> 0 | I70: =I197 -> 0 | J70: =J197 -> 0 | K70: =K197 -> 0 | L70: =SUM(M70:O70) -> 0 | M70: =M197 -> 0 | N70: =N197 -> 0 | O70: =O197 -> 0 | P70: =SUM(Q70:S70) -> 0 | Q70: =Q197 -> 0 | R70: =R197 -> 0 | S70: =S197 -> 0 | T70: =SUM(U70:W70) -> 0 | U70: =U197 -> 0 | V70: =V197 -> 0 | W70: =W197 -> 0 | X70: =SUM(Y70:AA70) -> 0 | Y70: =Y197 -> 0 | Z70: =Z197 -> 0 | AA70: =AA197 -> 0 | AB70: =SUM(AC70:AE70) -> 0 | AC70: =AC197 -> 0 | AD70: =AD197 -> 0 | AE70: =AE197 -> 0 | AF70: =SUM(AG70:AI70) -> 0 | AG70: =AG197 -> 0 | AH70: =AH197 -> 0 | AI70: =AI197 -> 0 | AJ70: =SUM(AK70:AM70) -> 0 | AK70: =AK197 -> 0 | AL70: =AL197 -> 0 | AM70: =AM197 -> 0 | AO70: =IF(SUM(E70:F70)<>0, "OK", "-") -> -
A71: 73 | B71: 7307 | C71: 73072 | D71: ការជួលដីមានអគារ | E71: =E193+E198 -> 0 | F71: =H71+P71+X71+AF71 -> 0 | G71: =IFERROR(F71/E71, "-") -> - | H71: =SUM(I71:K71) -> 0 | I71: =I193+I198 -> 0 | J71: =J193+J198 -> 0 | K71: =K193+K198 -> 0 | L71: =SUM(M71:O71) -> 0 | M71: =M193+M198 -> 0 | N71: =N193+N198 -> 0 | O71: =O193+O198 -> 0 | P71: =SUM(Q71:S71) -> 0 | Q71: =Q193+Q198 -> 0 | R71: =R193+R198 -> 0 | S71: =S193+S198 -> 0 | T71: =SUM(U71:W71) -> 0 | U71: =U193+U198 -> 0 | V71: =V193+V198 -> 0 | W71: =W193+W198 -> 0 | X71: =SUM(Y71:AA71) -> 0 | Y71: =Y193+Y198 -> 0 | Z71: =Z193+Z198 -> 0 | AA71: =AA193+AA198 -> 0 | AB71: =SUM(AC71:AE71) -> 0 | AC71: =AC193+AC198 -> 0 | AD71: =AD193+AD198 -> 0 | AE71: =AE193+AE198 -> 0 | AF71: =SUM(AG71:AI71) -> 0 | AG71: =AG193+AG198 -> 0 | AH71: =AH193+AH198 -> 0 | AI71: =AI193+AI198 -> 0 | AJ71: =SUM(AK71:AM71) -> 0 | AK71: =AK193+AK198 -> 0 | AL71: =AL193+AL198 -> 0 | AM71: =AM193+AM198 -> 0 | AO71: =IF(SUM(E71:F71)<>0, "OK", "-") -> -
D72: មន្ទីរសេដ្ឋកិច្ចនិងហិរញ្ញវត្ថុរាជធានៅភ្នំពេញ | E72: =SUM(E73:E76) -> 0 | F72: =SUM(F73:F76) -> 0 | G72: =IFERROR(F72/E72, "-") -> - | H72: =SUM(H73:H76) -> 0 | I72: =SUM(I73:I76) -> 0 | J72: =SUM(J73:J76) -> 0 | K72: =SUM(K73:K76) -> 0 | L72: =SUM(L73:L76) -> 0 | M72: =SUM(M73:M76) -> 0 | N72: =SUM(N73:N76) -> 0 | O72: =SUM(O73:O76) -> 0 | ... AM72: =SUM(AM73:AM76) -> 0 | AO72: =IF(SUM(E72:F72)<>0, "OK", "-") -> -
A73: 73 | B73: 7302 | C73: 73023 | D73: ផលពីការបង្កើតសហគ្រាស | E73: ='[5]01.BMC'!E68 -> 0 | F73: =H73+P73+X73+AF73 -> 0 | G73: =IFERROR(F73/E73, "-") -> - | H73: =SUM(I73:K73) -> 0 | I73: ='[5]01.BMC'!I68 -> 0 | J73: ='[5]01.BMC'!J68 -> 0 | K73: ='[5]01.BMC'!K68 -> 0 | L73: =SUM(M73:O73) -> 0 | M73: ='[5]01.BMC'!M68 -> 0 | N73: ='[5]01.BMC'!N68 -> 0 | O73: ='[5]01.BMC'!O68 -> 0 | P73: =SUM(Q73:S73) -> 0 | Q73: ='[5]01.BMC'!Q68 -> 0 | R73: ='[5]01.BMC'!R68 -> 0 | S73: ='[5]01.BMC'!S68 -> 0 | T73: =SUM(U73:W73) -> 0 | U73: ='[5]01.BMC'!U68 -> 0 | V73: ='[5]01.BMC'!V68 -> 0 | W73: ='[5]01.BMC'!W68 -> 0 | X73: =SUM(Y73:AA73) -> 0 | Y73: ='[5]01.BMC'!Y68 -> 0 | Z73: ='[5]01.BMC'!Z68 -> 0 | AA73: ='[5]01.BMC'!AA68 -> 0 | AB73: =SUM(AC73:AE73) -> 0 | AF73: =SUM(AG73:AI73) -> 0 | AG73: ='[5]01.BMC'!AG68 -> 0 | AH73: ='[5]01.BMC'!AH68 -> 0 | AI73: ='[5]01.BMC'!AI68 -> 0 | AJ73: =SUM(AK73:AM73) -> 0 | AO73: =IF(SUM(E73:F73)<>0, "OK", "-") -> -
A74: 73 | B74: 7306 | C74: 73066 | D74: ចំណូលពីអាជ្ញាប័ណ្ណក្នុងស្រុក | E74: ='[5]01.BMC'!E69 -> 0 | F74: =H74+P74+X74+AF74 -> 0 | G74: =IFERROR(F74/E74, "-") -> - | H74: =SUM(I74:K74) -> 0 | I74: ='[5]01.BMC'!I69 -> 0 | J74: ='[5]01.BMC'!J69 -> 0 | K74: ='[5]01.BMC'!K69 -> 0 | L74: =SUM(M74:O74) -> 0 | M74: ='[5]01.BMC'!M69 -> 0 | N74: ='[5]01.BMC'!N69 -> 0 | O74: ='[5]01.BMC'!O69 -> 0 | P74: =SUM(Q74:S74) -> 0 | Q74: ='[5]01.BMC'!Q69 -> 0 | R74: ='[5]01.BMC'!R69 -> 0 | S74: ='[5]01.BMC'!S69 -> 0 | T74: =SUM(U74:W74) -> 0 | U74: ='[5]01.BMC'!U69 -> 0 | V74: ='[5]01.BMC'!V69 -> 0 | W74: ='[5]01.BMC'!W69 -> 0 | X74: =SUM(Y74:AA74) -> 0 | Y74: ='[5]01.BMC'!Y69 -> 0 | Z74: ='[5]01.BMC'!Z69 -> 0 | AA74: ='[5]01.BMC'!AA69 -> 0 | AB74: =SUM(AC74:AE74) -> 0 | AF74: =SUM(AG74:AI74) -> 0 | AG74: ='[5]01.BMC'!AG69 -> 0 | AH74: ='[5]01.BMC'!AH69 -> 0 | AI74: ='[5]01.BMC'!AI69 -> 0 | AJ74: =SUM(AK74:AM74) -> 0 | AO74: =IF(SUM(E74:F74)<>0, "OK", "-") -> -
A75: 73 | B75: 7307 | C75: 73071 | D75: ការជួលដីទំនេរ | E75: =E202 -> 0 | F75: =H75+P75+X75+AF75 -> 0 | G75: =IFERROR(F75/E75, "-") -> - | H75: =SUM(I75:K75) -> 0 | I75: =I202 -> 0 | J75: =J202 -> 0 | K75: =K202 -> 0 | L75: =SUM(M75:O75) -> 0 | M75: =M202 -> 0 | N75: =N202 -> 0 | O75: =O202 -> 0 | P75: =SUM(Q75:S75) -> 0 | Q75: =Q202 -> 0 | R75: =R202 -> 0 | S75: =S202 -> 0 | T75: =SUM(U75:W75) -> 0 | U75: =U202 -> 0 | V75: =V202 -> 0 | W75: =W202 -> 0 | X75: =SUM(Y75:AA75) -> 0 | Y75: =Y202 -> 0 | Z75: =Z202 -> 0 | AA75: =AA202 -> 0 | AB75: =SUM(AC75:AE75) -> 0 | AC75: =AC202 -> 0 | AD75: =AD202 -> 0 | AE75: =AE202 -> 0 | AF75: =SUM(AG75:AI75) -> 0 | AG75: =AG202 -> 0 | AH75: =AH202 -> 0 | AI75: =AI202 -> 0 | AJ75: =SUM(AK75:AM75) -> 0 | AK75: =AK202 -> 0 | AL75: =AL202 -> 0 | AM75: =AM202 -> 0 | AO75: =IF(SUM(E75:F75)<>0, "OK", "-") -> -
A76: 73 | B76: 7307 | C76: 73072 | D76: ការជួលដីមានអគារ | E76: =E198+E203 -> 0 | F76: =H76+P76+X76+AF76 -> 0 | G76: =IFERROR(F76/E76, "-") -> - | H76: =SUM(I76:K76) -> 0 | I76: =I198+I203 -> 0 | J76: =J198+J203 -> 0 | K76: =K198+K203 -> 0 | L76: =SUM(M76:O76) -> 0 | M76: =M198+M203 -> 0 | N76: =N198+N203 -> 0 | O76: =O198+O203 -> 0 | P76: =SUM(Q76:S76) -> 0 | Q76: =Q198+Q203 -> 0 | R76: =R198+R203 -> 0 | S76: =S198+S203 -> 0 | T76: =SUM(U76:W76) -> 0 | U76: =U198+U203 -> 0 | V76: =V198+V203 -> 0 | W76: =W198+W203 -> 0 | X76: =SUM(Y76:AA76) -> 0 | Y76: =Y198+Y203 -> 0 | Z76: =Z198+Z203 -> 0 | AA76: =AA198+AA203 -> 0 | AB76: =SUM(AC76:AE76) -> 0 | AC76: =AC198+AC203 -> 0 | AD76: =AD198+AD203 -> 0 | AE76: =AE198+AE203 -> 0 | AF76: =SUM(AG76:AI76) -> 0 | AG76: =AG198+AG203 -> 0 | AH76: =AH198+AH203 -> 0 | AI76: =AI198+AI203 -> 0 | AJ76: =SUM(AK76:AM76) -> 0 | AK76: =AK198+AK203 -> 0 | AL76: =AL198+AL203 -> 0 | AM76: =AM198+AM203 -> 0 | AO76: =IF(SUM(E76:F76)<>0, "OK", "-") -> -
D77: មន្ទីរសេដ្ឋកិច្ចនិងហិរញ្ញវត្ថុខេត្តព្រះវិហារ | E77: =SUM(E78:E81) -> 0 | F77: =SUM(F78:F81) -> 0 | G77: =IFERROR(F77/E77, "-") -> - | H77: =SUM(H78:H81) -> 0 | I77: =SUM(I78:I81) -> 0 | J77: =SUM(J78:J81) -> 0 | K77: =SUM(K78:K81) -> 0 | L77: =SUM(L78:L81) -> 0 | M77: =SUM(M78:M81) -> 0 | N77: =SUM(N78:N81) -> 0 | O77: =SUM(O78:O81) -> 0 | ... AM77: =SUM(AM78:AM81) -> 0 | AO77: =IF(SUM(E77:F77)<>0, "OK", "-") -> -
A78: 73 | B78: 7302 | C78: 73023 | D78: ផលពីការបង្កើតសហគ្រាស | E78: ='[5]01.BMC'!E73 -> 0 | F78: =H78+P78+X78+AF78 -> 0 | G78: =IFERROR(F78/E78, "-") -> - | H78: =SUM(I78:K78) -> 0 | I78: ='[5]01.BMC'!I73 -> 0 | J78: ='[5]01.BMC'!J73 -> 0 | K78: ='[5]01.BMC'!K73 -> 0 | L78: =SUM(M78:O78) -> 0 | M78: ='[5]01.BMC'!M73 -> 0 | N78: ='[5]01.BMC'!N73 -> 0 | O78: ='[5]01.BMC'!O73 -> 0 | P78: =SUM(Q78:S78) -> 0 | Q78: ='[5]01.BMC'!Q73 -> 0 | R78: ='[5]01.BMC'!R73 -> 0 | S78: ='[5]01.BMC'!S73 -> 0 | T78: =SUM(U78:W78) -> 0 | U78: ='[5]01.BMC'!U73 -> 0 | V78: ='[5]01.BMC'!V73 -> 0 | W78: ='[5]01.BMC'!W73 -> 0 | X78: =SUM(Y78:AA78) -> 0 | Y78: ='[5]01.BMC'!Y73 -> 0 | Z78: ='[5]01.BMC'!Z73 -> 0 | AA78: ='[5]01.BMC'!AA73 -> 0 | AB78: =SUM(AC78:AE78) -> 0 | AF78: =SUM(AG78:AI78) -> 0 | AG78: ='[5]01.BMC'!AG73 -> 0 | AH78: ='[5]01.BMC'!AH73 -> 0 | AI78: ='[5]01.BMC'!AI73 -> 0 | AJ78: =SUM(AK78:AM78) -> 0 | AO78: =IF(SUM(E78:F78)<>0, "OK", "-") -> -
A79: 73 | B79: 7306 | C79: 73066 | D79: ចំណូលពីអាជ្ញាប័ណ្ណក្នុងស្រុក | E79: ='[5]01.BMC'!E74 -> 0 | F79: =H79+P79+X79+AF79 -> 0 | G79: =IFERROR(F79/E79, "-") -> - | H79: =SUM(I79:K79) -> 0 | I79: ='[5]01.BMC'!I74 -> 0 | J79: ='[5]01.BMC'!J74 -> 0 | K79: ='[5]01.BMC'!K74 -> 0 | L79: =SUM(M79:O79) -> 0 | M79: ='[5]01.BMC'!M74 -> 0 | N79: ='[5]01.BMC'!N74 -> 0 | O79: ='[5]01.BMC'!O74 -> 0 | P79: =SUM(Q79:S79) -> 0 | Q79: ='[5]01.BMC'!Q74 -> 0 | R79: ='[5]01.BMC'!R74 -> 0 | S79: ='[5]01.BMC'!S74 -> 0 | T79: =SUM(U79:W79) -> 0 | U79: ='[5]01.BMC'!U74 -> 0 | V79: ='[5]01.BMC'!V74 -> 0 | W79: ='[5]01.BMC'!W74 -> 0 | X79: =SUM(Y79:AA79) -> 0 | Y79: ='[5]01.BMC'!Y74 -> 0 | Z79: ='[5]01.BMC'!Z74 -> 0 | AA79: ='[5]01.BMC'!AA74 -> 0 | AB79: =SUM(AC79:AE79) -> 0 | AF79: =SUM(AG79:AI79) -> 0 | AG79: ='[5]01.BMC'!AG74 -> 0 | AH79: ='[5]01.BMC'!AH74 -> 0 | AI79: ='[5]01.BMC'!AI74 -> 0 | AJ79: =SUM(AK79:AM79) -> 0 | AO79: =IF(SUM(E79:F79)<>0, "OK", "-") -> -
A80: 73 | B80: 7307 | C80: 73071 | D80: ការជួលដីទំនេរ | E80: =E207 -> 0 | F80: =H80+P80+X80+AF80 -> 0 | G80: =IFERROR(F80/E80, "-") -> - | H80: =SUM(I80:K80) -> 0 | I80: =I207 -> 0 | J80: =J207 -> 0 | K80: =K207 -> 0 | L80: =SUM(M80:O80) -> 0 | M80: =M207 -> 0 | N80: =N207 -> 0 | O80: =O207 -> 0 | P80: =SUM(Q80:S80) -> 0 | Q80: =Q207 -> 0 | R80: =R207 -> 0 | S80: =S207 -> 0 | T80: =SUM(U80:W80) -> 0 | U80: =U207 -> 0 | V80: =V207 -> 0 | W80: =W207 -> 0 | X80: =SUM(Y80:AA80) -> 0 | Y80: =Y207 -> 0 | Z80: =Z207 -> 0 | AA80: =AA207 -> 0 | AB80: =SUM(AC80:AE80) -> 0 | AC80: =AC207 -> 0 | AD80: =AD207 -> 0 | AE80: =AE207 -> 0 | AF80: =SUM(AG80:AI80) -> 0 | AG80: =AG207 -> 0 | AH80: =AH207 -> 0 | AI80: =AI207 -> 0 | AJ80: =SUM(AK80:AM80) -> 0 | AK80: =AK207 -> 0 | AL80: =AL207 -> 0 | AM80: =AM207 -> 0 | AO80: =IF(SUM(E80:F80)<>0, "OK", "-") -> -
A81: 73 | B81: 7307 | C81: 73072 | D81: ការជួលដីមានអគារ | E81: =E203+E208 -> 0 | F81: =H81+P81+X81+AF81 -> 0 | G81: =IFERROR(F81/E81, "-") -> - | H81: =SUM(I81:K81) -> 0 | I81: =I203+I208 -> 0 | J81: =J203+J208 -> 0 | K81: =K203+K208 -> 0 | L81: =SUM(M81:O81) -> 0 | M81: =M203+M208 -> 0 | N81: =N203+N208 -> 0 | O81: =O203+O208 -> 0 | P81: =SUM(Q81:S81) -> 0 | Q81: =Q203+Q208 -> 0 | R81: =R203+R208 -> 0 | S81: =S203+S208 -> 0 | T81: =SUM(U81:W81) -> 0 | U81: =U203+U208 -> 0 | V81: =V203+V208 -> 0 | W81: =W203+W208 -> 0 | X81: =SUM(Y81:AA81) -> 0 | Y81: =Y203+Y208 -> 0 | Z81: =Z203+Z208 -> 0 | AA81: =AA203+AA208 -> 0 | AB81: =SUM(AC81:AE81) -> 0 | AC81: =AC203+AC208 -> 0 | AD81: =AD203+AD208 -> 0 | AE81: =AE203+AE208 -> 0 | AF81: =SUM(AG81:AI81) -> 0 | AG81: =AG203+AG208 -> 0 | AH81: =AH203+AH208 -> 0 | AI81: =AI203+AI208 -> 0 | AJ81: =SUM(AK81:AM81) -> 0 | AK81: =AK203+AK208 -> 0 | AL81: =AL203+AL208 -> 0 | AM81: =AM203+AM208 -> 0 | AO81: =IF(SUM(E81:F81)<>0, "OK", "-") -> -
D82: មន្ទីរសេដ្ឋកិច្ចនិងហិរញ្ញវត្ថុខេត្តព្រៃវែង | E82: =SUM(E83:E86) -> 0 | F82: =SUM(F83:F86) -> 0 | G82: =IFERROR(F82/E82, "-") -> - | H82: =SUM(H83:H86) -> 0 | I82: =SUM(I83:I86) -> 0 | J82: =SUM(J83:J86) -> 0 | K82: =SUM(K83:K86) -> 0 | L82: =SUM(L83:L86) -> 0 | M82: =SUM(M83:M86) -> 0 | N82: =SUM(N83:N86) -> 0 | O82: =SUM(O83:O86) -> 0 | ... AM82: =SUM(AM83:AM86) -> 0 | AO82: =IF(SUM(E82:F82)<>0, "OK", "-") -> -
A83: 73 | B83: 7302 | C83: 73023 | D83: ផលពីការបង្កើតសហគ្រាស | E83: ='[5]01.BMC'!E78 -> 0 | F83: =H83+P83+X83+AF83 -> 0 | G83: =IFERROR(F83/E83, "-") -> - | H83: =SUM(I83:K83) -> 0 | I83: ='[5]01.BMC'!I78 -> 0 | J83: ='[5]01.BMC'!J78 -> 0 | K83: ='[5]01.BMC'!K78 -> 0 | L83: =SUM(M83:O83) -> 0 | M83: ='[5]01.BMC'!M78 -> 0 | N83: ='[5]01.BMC'!N78 -> 0 | O83: ='[5]01.BMC'!O78 -> 0 | P83: =SUM(Q83:S83) -> 0 | Q83: ='[5]01.BMC'!Q78 -> 0 | R83: ='[5]01.BMC'!R78 -> 0 | S83: ='[5]01.BMC'!S78 -> 0 | T83: =SUM(U83:W83) -> 0 | U83: ='[5]01.BMC'!U78 -> 0 | V83: ='[5]01.BMC'!V78 -> 0 | W83: ='[5]01.BMC'!W78 -> 0 | X83: =SUM(Y83:AA83) -> 0 | Y83: ='[5]01.BMC'!Y78 -> 0 | Z83: ='[5]01.BMC'!Z78 -> 0 | AA83: ='[5]01.BMC'!AA78 -> 0 | AB83: =SUM(AC83:AE83) -> 0 | AF83: =SUM(AG83:AI83) -> 0 | AG83: ='[5]01.BMC'!AG78 -> 0 | AH83: ='[5]01.BMC'!AH78 -> 0 | AI83: ='[5]01.BMC'!AI78 -> 0 | AJ83: =SUM(AK83:AM83) -> 0 | AO83: =IF(SUM(E83:F83)<>0, "OK", "-") -> -
A84: 73 | B84: 7306 | C84: 73066 | D84: ចំណូលពីអាជ្ញាប័ណ្ណក្នុងស្រុក | E84: ='[5]01.BMC'!E79 -> 0 | F84: =H84+P84+X84+AF84 -> 0 | G84: =IFERROR(F84/E84, "-") -> - | H84: =SUM(I84:K84) -> 0 | I84: ='[5]01.BMC'!I79 -> 0 | J84: ='[5]01.BMC'!J79 -> 0 | K84: ='[5]01.BMC'!K79 -> 0 | L84: =SUM(M84:O84) -> 0 | M84: ='[5]01.BMC'!M79 -> 0 | N84: ='[5]01.BMC'!N79 -> 0 | O84: ='[5]01.BMC'!O79 -> 0 | P84: =SUM(Q84:S84) -> 0 | Q84: ='[5]01.BMC'!Q79 -> 0 | R84: ='[5]01.BMC'!R79 -> 0 | S84: ='[5]01.BMC'!S79 -> 0 | T84: =SUM(U84:W84) -> 0 | U84: ='[5]01.BMC'!U79 -> 0 | V84: ='[5]01.BMC'!V79 -> 0 | W84: ='[5]01.BMC'!W79 -> 0 | X84: =SUM(Y84:AA84) -> 0 | Y84: ='[5]01.BMC'!Y79 -> 0 | Z84: ='[5]01.BMC'!Z79 -> 0 | AA84: ='[5]01.BMC'!AA79 -> 0 | AB84: =SUM(AC84:AE84) -> 0 | AF84: =SUM(AG84:AI84) -> 0 | AG84: ='[5]01.BMC'!AG79 -> 0 | AH84: ='[5]01.BMC'!AH79 -> 0 | AI84: ='[5]01.BMC'!AI79 -> 0 | AJ84: =SUM(AK84:AM84) -> 0 | AO84: =IF(SUM(E84:F84)<>0, "OK", "-") -> -
A85: 73 | B85: 7307 | C85: 73071 | D85: ការជួលដីទំនេរ | E85: =E212 -> 0 | F85: =H85+P85+X85+AF85 -> 0 | G85: =IFERROR(F85/E85, "-") -> - | H85: =SUM(I85:K85) -> 0 | I85: =I212 -> 0 | J85: =J212 -> 0 | K85: =K212 -> 0 | L85: =SUM(M85:O85) -> 0 | M85: =M212 -> 0 | N85: =N212 -> 0 | O85: =O212 -> 0 | P85: =SUM(Q85:S85) -> 0 | Q85: =Q212 -> 0 | R85: =R212 -> 0 | S85: =S212 -> 0 | T85: =SUM(U85:W85) -> 0 | U85: =U212 -> 0 | V85: =V212 -> 0 | W85: =W212 -> 0 | X85: =SUM(Y85:AA85) -> 0 | Y85: =Y212 -> 0 | Z85: =Z212 -> 0 | AA85: =AA212 -> 0 | AB85: =SUM(AC85:AE85) -> 0 | AC85: =AC212 -> 0 | AD85: =AD212 -> 0 | AE85: =AE212 -> 0 | AF85: =SUM(AG85:AI85) -> 0 | AG85: =AG212 -> 0 | AH85: =AH212 -> 0 | AI85: =AI212 -> 0 | AJ85: =SUM(AK85:AM85) -> 0 | AK85: =AK212 -> 0 | AL85: =AL212 -> 0 | AM85: =AM212 -> 0 | AO85: =IF(SUM(E85:F85)<>0, "OK", "-") -> -
A86: 73 | B86: 7307 | C86: 73072 | D86: ការជួលដីមានអគារ | E86: =E208+E213 -> 0 | F86: =H86+P86+X86+AF86 -> 0 | G86: =IFERROR(F86/E86, "-") -> - | H86: =SUM(I86:K86) -> 0 | I86: =I208+I213 -> 0 | J86: =J208+J213 -> 0 | K86: =K208+K213 -> 0 | L86: =SUM(M86:O86) -> 0 | M86: =M208+M213 -> 0 | N86: =N208+N213 -> 0 | O86: =O208+O213 -> 0 | P86: =SUM(Q86:S86) -> 0 | Q86: =Q208+Q213 -> 0 | R86: =R208+R213 -> 0 | S86: =S208+S213 -> 0 | T86: =SUM(U86:W86) -> 0 | U86: =U208+U213 -> 0 | V86: =V208+V213 -> 0 | W86: =W208+W213 -> 0 | X86: =SUM(Y86:AA86) -> 0 | Y86: =Y208+Y213 -> 0 | Z86: =Z208+Z213 -> 0 | AA86: =AA208+AA213 -> 0 | AB86: =SUM(AC86:AE86) -> 0 | AC86: =AC208+AC213 -> 0 | AD86: =AD208+AD213 -> 0 | AE86: =AE208+AE213 -> 0 | AF86: =SUM(AG86:AI86) -> 0 | AG86: =AG208+AG213 -> 0 | AH86: =AH208+AH213 -> 0 | AI86: =AI208+AI213 -> 0 | AJ86: =SUM(AK86:AM86) -> 0 | AK86: =AK208+AK213 -> 0 | AL86: =AL208+AL213 -> 0 | AM86: =AM208+AM213 -> 0 | AO86: =IF(SUM(E86:F86)<>0, "OK", "-") -> -
D87: មន្ទីរសេដ្ឋកិច្ចនិងហិរញ្ញវត្ថុខេត្តពោធិ៍សាត់ | E87: =SUM(E88:E91) -> 0 | F87: =SUM(F88:F91) -> 0 | G87: =IFERROR(F87/E87, "-") -> - | H87: =SUM(H88:H91) -> 0 | I87: =SUM(I88:I91) -> 0 | J87: =SUM(J88:J91) -> 0 | K87: =SUM(K88:K91) -> 0 | L87: =SUM(L88:L91) -> 0 | M87: =SUM(M88:M91) -> 0 | N87: =SUM(N88:N91) -> 0 | O87: =SUM(O88:O91) -> 0 | ... AM87: =SUM(AM88:AM91) -> 0 | AO87: =IF(SUM(E87:F87)<>0, "OK", "-") -> -
A88: 73 | B88: 7302 | C88: 73023 | D88: ផលពីការបង្កើតសហគ្រាស | E88: ='[5]01.BMC'!E83 -> 0 | F88: =H88+P88+X88+AF88 -> 0 | G88: =IFERROR(F88/E88, "-") -> - | H88: =SUM(I88:K88) -> 0 | I88: ='[5]01.BMC'!I83 -> 0 | J88: ='[5]01.BMC'!J83 -> 0 | K88: ='[5]01.BMC'!K83 -> 0 | L88: =SUM(M88:O88) -> 0 | M88: ='[5]01.BMC'!M83 -> 0 | N88: ='[5]01.BMC'!N83 -> 0 | O88: ='[5]01.BMC'!O83 -> 0 | P88: =SUM(Q88:S88) -> 0 | Q88: ='[5]01.BMC'!Q83 -> 0 | R88: ='[5]01.BMC'!R83 -> 0 | S88: ='[5]01.BMC'!S83 -> 0 | T88: =SUM(U88:W88) -> 0 | U88: ='[5]01.BMC'!U83 -> 0 | V88: ='[5]01.BMC'!V83 -> 0 | W88: ='[5]01.BMC'!W83 -> 0 | X88: =SUM(Y88:AA88) -> 0 | Y88: ='[5]01.BMC'!Y83 -> 0 | Z88: ='[5]01.BMC'!Z83 -> 0 | AA88: ='[5]01.BMC'!AA83 -> 0 | AB88: =SUM(AC88:AE88) -> 0 | AF88: =SUM(AG88:AI88) -> 0 | AG88: ='[5]01.BMC'!AG83 -> 0 | AH88: ='[5]01.BMC'!AH83 -> 0 | AI88: ='[5]01.BMC'!AI83 -> 0 | AJ88: =SUM(AK88:AM88) -> 0 | AO88: =IF(SUM(E88:F88)<>0, "OK", "-") -> -
A89: 73 | B89: 7306 | C89: 73066 | D89: ចំណូលពីអាជ្ញាប័ណ្ណក្នុងស្រុក | E89: ='[5]01.BMC'!E84 -> 0 | F89: =H89+P89+X89+AF89 -> 0 | G89: =IFERROR(F89/E89, "-") -> - | H89: =SUM(I89:K89) -> 0 | I89: ='[5]01.BMC'!I84 -> 0 | J89: ='[5]01.BMC'!J84 -> 0 | K89: ='[5]01.BMC'!K84 -> 0 | L89: =SUM(M89:O89) -> 0 | M89: ='[5]01.BMC'!M84 -> 0 | N89: ='[5]01.BMC'!N84 -> 0 | O89: ='[5]01.BMC'!O84 -> 0 | P89: =SUM(Q89:S89) -> 0 | Q89: ='[5]01.BMC'!Q84 -> 0 | R89: ='[5]01.BMC'!R84 -> 0 | S89: ='[5]01.BMC'!S84 -> 0 | T89: =SUM(U89:W89) -> 0 | U89: ='[5]01.BMC'!U84 -> 0 | V89: ='[5]01.BMC'!V84 -> 0 | W89: ='[5]01.BMC'!W84 -> 0 | X89: =SUM(Y89:AA89) -> 0 | Y89: ='[5]01.BMC'!Y84 -> 0 | Z89: ='[5]01.BMC'!Z84 -> 0 | AA89: ='[5]01.BMC'!AA84 -> 0 | AB89: =SUM(AC89:AE89) -> 0 | AF89: =SUM(AG89:AI89) -> 0 | AG89: ='[5]01.BMC'!AG84 -> 0 | AH89: ='[5]01.BMC'!AH84 -> 0 | AI89: ='[5]01.BMC'!AI84 -> 0 | AJ89: =SUM(AK89:AM89) -> 0 | AO89: =IF(SUM(E89:F89)<>0, "OK", "-") -> -
A90: 73 | B90: 7307 | C90: 73071 | D90: ការជួលដីទំនេរ | E90: =E217 -> 0 | F90: =H90+P90+X90+AF90 -> 0 | G90: =IFERROR(F90/E90, "-") -> - | H90: =SUM(I90:K90) -> 0 | I90: =I217 -> 0 | J90: =J217 -> 0 | K90: =K217 -> 0 | L90: =SUM(M90:O90) -> 0 | M90: =M217 -> 0 | N90: =N217 -> 0 | O90: =O217 -> 0 | P90: =SUM(Q90:S90) -> 0 | Q90: =Q217 -> 0 | R90: =R217 -> 0 | S90: =S217 -> 0 | T90: =SUM(U90:W90) -> 0 | U90: =U217 -> 0 | V90: =V217 -> 0 | W90: =W217 -> 0 | X90: =SUM(Y90:AA90) -> 0 | Y90: =Y217 -> 0 | Z90: =Z217 -> 0 | AA90: =AA217 -> 0 | AB90: =SUM(AC90:AE90) -> 0 | AC90: =AC217 -> 0 | AD90: =AD217 -> 0 | AE90: =AE217 -> 0 | AF90: =SUM(AG90:AI90) -> 0 | AG90: =AG217 -> 0 | AH90: =AH217 -> 0 | AI90: =AI217 -> 0 | AJ90: =SUM(AK90:AM90) -> 0 | AK90: =AK217 -> 0 | AL90: =AL217 -> 0 | AM90: =AM217 -> 0 | AO90: =IF(SUM(E90:F90)<>0, "OK", "-") -> -
A91: 73 | B91: 7307 | C91: 73072 | D91: ការជួលដីមានអគារ | E91: =E213+E218 -> 0 | F91: =H91+P91+X91+AF91 -> 0 | G91: =IFERROR(F91/E91, "-") -> - | H91: =SUM(I91:K91) -> 0 | I91: =I213+I218 -> 0 | J91: =J213+J218 -> 0 | K91: =K213+K218 -> 0 | L91: =SUM(M91:O91) -> 0 | M91: =M213+M218 -> 0 | N91: =N213+N218 -> 0 | O91: =O213+O218 -> 0 | P91: =SUM(Q91:S91) -> 0 | Q91: =Q213+Q218 -> 0 | R91: =R213+R218 -> 0 | S91: =S213+S218 -> 0 | T91: =SUM(U91:W91) -> 0 | U91: =U213+U218 -> 0 | V91: =V213+V218 -> 0 | W91: =W213+W218 -> 0 | X91: =SUM(Y91:AA91) -> 0 | Y91: =Y213+Y218 -> 0 | Z91: =Z213+Z218 -> 0 | AA91: =AA213+AA218 -> 0 | AB91: =SUM(AC91:AE91) -> 0 | AC91: =AC213+AC218 -> 0 | AD91: =AD213+AD218 -> 0 | AE91: =AE213+AE218 -> 0 | AF91: =SUM(AG91:AI91) -> 0 | AG91: =AG213+AG218 -> 0 | AH91: =AH213+AH218 -> 0 | AI91: =AI213+AI218 -> 0 | AJ91: =SUM(AK91:AM91) -> 0 | AK91: =AK213+AK218 -> 0 | AL91: =AL213+AL218 -> 0 | AM91: =AM213+AM218 -> 0 | AO91: =IF(SUM(E91:F91)<>0, "OK", "-") -> -
D92: មន្ទីរសេដ្ឋកិច្ចនិងហិរញ្ញវត្ថុខេត្តរតនគិរី | E92: =SUM(E93:E96) -> 0 | F92: =SUM(F93:F96) -> 0 | G92: =IFERROR(F92/E92, "-") -> - | H92: =SUM(H93:H96) -> 0 | I92: =SUM(I93:I96) -> 0 | J92: =SUM(J93:J96) -> 0 | K92: =SUM(K93:K96) -> 0 | L92: =SUM(L93:L96) -> 0 | M92: =SUM(M93:M96) -> 0 | N92: =SUM(N93:N96) -> 0 | O92: =SUM(O93:O96) -> 0 | ... AM92: =SUM(AM93:AM96) -> 0 | AO92: =IF(SUM(E92:F92)<>0, "OK", "-") -> -
A93: 73 | B93: 7302 | C93: 73023 | D93: ផលពីការបង្កើតសហគ្រាស | E93: ='[5]01.BMC'!E88 -> 0 | F93: =H93+P93+X93+AF93 -> 0 | G93: =IFERROR(F93/E93, "-") -> - | H93: =SUM(I93:K93) -> 0 | I93: ='[5]01.BMC'!I88 -> 0 | J93: ='[5]01.BMC'!J88 -> 0 | K93: ='[5]01.BMC'!K88 -> 0 | L93: =SUM(M93:O93) -> 0 | M93: ='[5]01.BMC'!M88 -> 0 | N93: ='[5]01.BMC'!N88 -> 0 | O93: ='[5]01.BMC'!O88 -> 0 | P93: =SUM(Q93:S93) -> 0 | Q93: ='[5]01.BMC'!Q88 -> 0 | R93: ='[5]01.BMC'!R88 -> 0 | S93: ='[5]01.BMC'!S88 -> 0 | T93: =SUM(U93:W93) -> 0 | U93: ='[5]01.BMC'!U88 -> 0 | V93: ='[5]01.BMC'!V88 -> 0 | W93: ='[5]01.BMC'!W88 -> 0 | X93: =SUM(Y93:AA93) -> 0 | Y93: ='[5]01.BMC'!Y88 -> 0 | Z93: ='[5]01.BMC'!Z88 -> 0 | AA93: ='[5]01.BMC'!AA88 -> 0 | AB93: =SUM(AC93:AE93) -> 0 | AF93: =SUM(AG93:AI93) -> 0 | AG93: ='[5]01.BMC'!AG88 -> 0 | AH93: ='[5]01.BMC'!AH88 -> 0 | AI93: ='[5]01.BMC'!AI88 -> 0 | AJ93: =SUM(AK93:AM93) -> 0 | AO93: =IF(SUM(E93:F93)<>0, "OK", "-") -> -
A94: 73 | B94: 7306 | C94: 73066 | D94: ចំណូលពីអាជ្ញាប័ណ្ណក្នុងស្រុក | E94: ='[5]01.BMC'!E89 -> 0 | F94: =H94+P94+X94+AF94 -> 0 | G94: =IFERROR(F94/E94, "-") -> - | H94: =SUM(I94:K94) -> 0 | I94: ='[5]01.BMC'!I89 -> 0 | J94: ='[5]01.BMC'!J89 -> 0 | K94: ='[5]01.BMC'!K89 -> 0 | L94: =SUM(M94:O94) -> 0 | M94: ='[5]01.BMC'!M89 -> 0 | N94: ='[5]01.BMC'!N89 -> 0 | O94: ='[5]01.BMC'!O89 -> 0 | P94: =SUM(Q94:S94) -> 0 | Q94: ='[5]01.BMC'!Q89 -> 0 | R94: ='[5]01.BMC'!R89 -> 0 | S94: ='[5]01.BMC'!S89 -> 0 | T94: =SUM(U94:W94) -> 0 | U94: ='[5]01.BMC'!U89 -> 0 | V94: ='[5]01.BMC'!V89 -> 0 | W94: ='[5]01.BMC'!W89 -> 0 | X94: =SUM(Y94:AA94) -> 0 | Y94: ='[5]01.BMC'!Y89 -> 0 | Z94: ='[5]01.BMC'!Z89 -> 0 | AA94: ='[5]01.BMC'!AA89 -> 0 | AB94: =SUM(AC94:AE94) -> 0 | AF94: =SUM(AG94:AI94) -> 0 | AG94: ='[5]01.BMC'!AG89 -> 0 | AH94: ='[5]01.BMC'!AH89 -> 0 | AI94: ='[5]01.BMC'!AI89 -> 0 | AJ94: =SUM(AK94:AM94) -> 0 | AO94: =IF(SUM(E94:F94)<>0, "OK", "-") -> -
A95: 73 | B95: 7307 | C95: 73071 | D95: ការជួលដីទំនេរ | E95: =E222 -> 0 | F95: =H95+P95+X95+AF95 -> 0 | G95: =IFERROR(F95/E95, "-") -> - | H95: =SUM(I95:K95) -> 0 | I95: =I222 -> 0 | J95: =J222 -> 0 | K95: =K222 -> 0 | L95: =SUM(M95:O95) -> 0 | M95: =M222 -> 0 | N95: =N222 -> 0 | O95: =O222 -> 0 | P95: =SUM(Q95:S95) -> 0 | Q95: =Q222 -> 0 | R95: =R222 -> 0 | S95: =S222 -> 0 | T95: =SUM(U95:W95) -> 0 | U95: =U222 -> 0 | V95: =V222 -> 0 | W95: =W222 -> 0 | X95: =SUM(Y95:AA95) -> 0 | Y95: =Y222 -> 0 | Z95: =Z222 -> 0 | AA95: =AA222 -> 0 | AB95: =SUM(AC95:AE95) -> 0 | AC95: =AC222 -> 0 | AD95: =AD222 -> 0 | AE95: =AE222 -> 0 | AF95: =SUM(AG95:AI95) -> 0 | AG95: =AG222 -> 0 | AH95: =AH222 -> 0 | AI95: =AI222 -> 0 | AJ95: =SUM(AK95:AM95) -> 0 | AK95: =AK222 -> 0 | AL95: =AL222 -> 0 | AM95: =AM222 -> 0 | AO95: =IF(SUM(E95:F95)<>0, "OK", "-") -> -
A96: 73 | B96: 7307 | C96: 73072 | D96: ការជួលដីមានអគារ | E96: =E218+E223 -> 0 | F96: =H96+P96+X96+AF96 -> 0 | G96: =IFERROR(F96/E96, "-") -> - | H96: =SUM(I96:K96) -> 0 | I96: =I218+I223 -> 0 | J96: =J218+J223 -> 0 | K96: =K218+K223 -> 0 | L96: =SUM(M96:O96) -> 0 | M96: =M218+M223 -> 0 | N96: =N218+N223 -> 0 | O96: =O218+O223 -> 0 | P96: =SUM(Q96:S96) -> 0 | Q96: =Q218+Q223 -> 0 | R96: =R218+R223 -> 0 | S96: =S218+S223 -> 0 | T96: =SUM(U96:W96) -> 0 | U96: =U218+U223 -> 0 | V96: =V218+V223 -> 0 | W96: =W218+W223 -> 0 | X96: =SUM(Y96:AA96) -> 0 | Y96: =Y218+Y223 -> 0 | Z96: =Z218+Z223 -> 0 | AA96: =AA218+AA223 -> 0 | AB96: =SUM(AC96:AE96) -> 0 | AC96: =AC218+AC223 -> 0 | AD96: =AD218+AD223 -> 0 | AE96: =AE218+AE223 -> 0 | AF96: =SUM(AG96:AI96) -> 0 | AG96: =AG218+AG223 -> 0 | AH96: =AH218+AH223 -> 0 | AI96: =AI218+AI223 -> 0 | AJ96: =SUM(AK96:AM96) -> 0 | AK96: =AK218+AK223 -> 0 | AL96: =AL218+AL223 -> 0 | AM96: =AM218+AM223 -> 0 | AO96: =IF(SUM(E96:F96)<>0, "OK", "-") -> -
D97: មន្ទីរសេដ្ឋកិច្ចនិងហិរញ្ញវត្ថុខេត្តសៀមរាប | E97: =SUM(E98:E101) -> 0 | F97: =SUM(F98:F101) -> 0 | G97: =IFERROR(F97/E97, "-") -> - | H97: =SUM(H98:H101) -> 0 | I97: =SUM(I98:I101) -> 0 | J97: =SUM(J98:J101) -> 0 | K97: =SUM(K98:K101) -> 0 | L97: =SUM(L98:L101) -> 0 | M97: =SUM(M98:M101) -> 0 | N97: =SUM(N98:N101) -> 0 | O97: =SUM(O98:O101) -> 0 | ... AM97: =SUM(AM98:AM101) -> 0 | AO97: =IF(SUM(E97:F97)<>0, "OK", "-") -> -
A98: 73 | B98: 7302 | C98: 73023 | D98: ផលពីការបង្កើតសហគ្រាស | E98: ='[5]01.BMC'!E93 -> 0 | F98: =H98+P98+X98+AF98 -> 0 | G98: =IFERROR(F98/E98, "-") -> - | H98: =SUM(I98:K98) -> 0 | I98: ='[5]01.BMC'!I93 -> 0 | J98: ='[5]01.BMC'!J93 -> 0 | K98: ='[5]01.BMC'!K93 -> 0 | L98: =SUM(M98:O98) -> 0 | M98: ='[5]01.BMC'!M93 -> 0 | N98: ='[5]01.BMC'!N93 -> 0 | O98: ='[5]01.BMC'!O93 -> 0 | P98: =SUM(Q98:S98) -> 0 | Q98: ='[5]01.BMC'!Q93 -> 0 | R98: ='[5]01.BMC'!R93 -> 0 | S98: ='[5]01.BMC'!S93 -> 0 | T98: =SUM(U98:W98) -> 0 | U98: ='[5]01.BMC'!U93 -> 0 | V98: ='[5]01.BMC'!V93 -> 0 | W98: ='[5]01.BMC'!W93 -> 0 | X98: =SUM(Y98:AA98) -> 0 | Y98: ='[5]01.BMC'!Y93 -> 0 | Z98: ='[5]01.BMC'!Z93 -> 0 | AA98: ='[5]01.BMC'!AA93 -> 0 | AB98: =SUM(AC98:AE98) -> 0 | AF98: =SUM(AG98:AI98) -> 0 | AG98: ='[5]01.BMC'!AG93 -> 0 | AH98: ='[5]01.BMC'!AH93 -> 0 | AI98: ='[5]01.BMC'!AI93 -> 0 | AJ98: =SUM(AK98:AM98) -> 0 | AO98: =IF(SUM(E98:F98)<>0, "OK", "-") -> -
A99: 73 | B99: 7306 | C99: 73066 | D99: ចំណូលពីអាជ្ញាប័ណ្ណក្នុងស្រុក | E99: ='[5]01.BMC'!E94 -> 0 | F99: =H99+P99+X99+AF99 -> 0 | G99: =IFERROR(F99/E99, "-") -> - | H99: =SUM(I99:K99) -> 0 | I99: ='[5]01.BMC'!I94 -> 0 | J99: ='[5]01.BMC'!J94 -> 0 | K99: ='[5]01.BMC'!K94 -> 0 | L99: =SUM(M99:O99) -> 0 | M99: ='[5]01.BMC'!M94 -> 0 | N99: ='[5]01.BMC'!N94 -> 0 | O99: ='[5]01.BMC'!O94 -> 0 | P99: =SUM(Q99:S99) -> 0 | Q99: ='[5]01.BMC'!Q94 -> 0 | R99: ='[5]01.BMC'!R94 -> 0 | S99: ='[5]01.BMC'!S94 -> 0 | T99: =SUM(U99:W99) -> 0 | U99: ='[5]01.BMC'!U94 -> 0 | V99: ='[5]01.BMC'!V94 -> 0 | W99: ='[5]01.BMC'!W94 -> 0 | X99: =SUM(Y99:AA99) -> 0 | Y99: ='[5]01.BMC'!Y94 -> 0 | Z99: ='[5]01.BMC'!Z94 -> 0 | AA99: ='[5]01.BMC'!AA94 -> 0 | AB99: =SUM(AC99:AE99) -> 0 | AF99: =SUM(AG99:AI99) -> 0 | AG99: ='[5]01.BMC'!AG94 -> 0 | AH99: ='[5]01.BMC'!AH94 -> 0 | AI99: ='[5]01.BMC'!AI94 -> 0 | AJ99: =SUM(AK99:AM99) -> 0 | AO99: =IF(SUM(E99:F99)<>0, "OK", "-") -> -
A100: 73 | B100: 7307 | C100: 73071 | D100: ការជួលដីទំនេរ | E100: =E227 -> 0 | F100: =H100+P100+X100+AF100 -> 0 | G100: =IFERROR(F100/E100, "-") -> - | H100: =SUM(I100:K100) -> 0 | I100: =I227 -> 0 | J100: =J227 -> 0 | K100: =K227 -> 0 | L100: =SUM(M100:O100) -> 0 | M100: =M227 -> 0 | N100: =N227 -> 0 | O100: =O227 -> 0 | P100: =SUM(Q100:S100) -> 0 | Q100: =Q227 -> 0 | R100: =R227 -> 0 | S100: =S227 -> 0 | T100: =SUM(U100:W100) -> 0 | U100: =U227 -> 0 | V100: =V227 -> 0 | W100: =W227 -> 0 | X100: =SUM(Y100:AA100) -> 0 | Y100: =Y227 -> 0 | Z100: =Z227 -> 0 | AA100: =AA227 -> 0 | AB100: =SUM(AC100:AE100) -> 0 | AC100: =AC227 -> 0 | AD100: =AD227 -> 0 | AE100: =AE227 -> 0 | AF100: =SUM(AG100:AI100) -> 0 | AG100: =AG227 -> 0 | AH100: =AH227 -> 0 | AI100: =AI227 -> 0 | AJ100: =SUM(AK100:AM100) -> 0 | AK100: =AK227 -> 0 | AL100: =AL227 -> 0 | AM100: =AM227 -> 0 | AO100: =IF(SUM(E100:F100)<>0, "OK", "-") -> -
A101: 73 | B101: 7307 | C101: 73072 | D101: ការជួលដីមានអគារ | E101: =E223+E228 -> 0 | F101: =H101+P101+X101+AF101 -> 0 | G101: =IFERROR(F101/E101, "-") -> - | H101: =SUM(I101:K101) -> 0 | I101: =I223+I228 -> 0 | J101: =J223+J228 -> 0 | K101: =K223+K228 -> 0 | L101: =SUM(M101:O101) -> 0 | M101: =M223+M228 -> 0 | N101: =N223+N228 -> 0 | O101: =O223+O228 -> 0 | P101: =SUM(Q101:S101) -> 0 | Q101: =Q223+Q228 -> 0 | R101: =R223+R228 -> 0 | S101: =S223+S228 -> 0 | T101: =SUM(U101:W101) -> 0 | U101: =U223+U228 -> 0 | V101: =V223+V228 -> 0 | W101: =W223+W228 -> 0 | X101: =SUM(Y101:AA101) -> 0 | Y101: =Y223+Y228 -> 0 | Z101: =Z223+Z228 -> 0 | AA101: =AA223+AA228 -> 0 | AB101: =SUM(AC101:AE101) -> 0 | AC101: =AC223+AC228 -> 0 | AD101: =AD223+AD228 -> 0 | AE101: =AE223+AE228 -> 0 | AF101: =SUM(AG101:AI101) -> 0 | AG101: =AG223+AG228 -> 0 | AH101: =AH223+AH228 -> 0 | AI101: =AI223+AI228 -> 0 | AJ101: =SUM(AK101:AM101) -> 0 | AK101: =AK223+AK228 -> 0 | AL101: =AL223+AL228 -> 0 | AM101: =AM223+AM228 -> 0 | AO101: =IF(SUM(E101:F101)<>0, "OK", "-") -> -
D102: មន្ទីរសេដ្ឋកិច្ចនិងហិរញ្ញវត្ថុខេត្តព្រះសីហនុ | E102: =SUM(E103:E106) -> 0 | F102: =SUM(F103:F106) -> 0 | G102: =IFERROR(F102/E102, "-") -> - | H102: =SUM(H103:H106) -> 0 | I102: =SUM(I103:I106) -> 0 | J102: =SUM(J103:J106) -> 0 | K102: =SUM(K103:K106) -> 0 | L102: =SUM(L103:L106) -> 0 | M102: =SUM(M103:M106) -> 0 | N102: =SUM(N103:N106) -> 0 | O102: =SUM(O103:O106) -> 0 | ... AM102: =SUM(AM103:AM106) -> 0 | AO102: =IF(SUM(E102:F102)<>0, "OK", "-") -> -
...
