Workbook

Sheet PIP-Status 2017 (2)
A4: សម្រង់ស្ថានភាព​គម្រោងវិនិយោគសាធារណៈ ឆ្នាំ២០១៧-២០១៨ នៃក្រសួងសេដ្ឋកិច្ចនិងហិរញ្ញវត្ថុ
U6: ឯកតា៖លានរៀល
A7: ឈ្មោះគម្រោង | B7: តម្លៃគម្រោង | C7: ឆ្នាំ២០១៧ | L7: ឆ្នាំ២០១៨ | R7: ឆ្នាំ២០១៩ | U7: ផ្សេងៗ
C8: គម្រោងស្នើសុំ | F8: គម្រោងអនុម័ត | I8: ចំណាយ​អនុវត្តជាក់ស្ដែង | L8: គម្រោងស្នើសុំ | O8: គម្រោងអនុម័ត | R8: គម្រោងស្នើសុំ
C9: សរុប | D9: ហិរ.ក្នុងប្រ/ទ | E9: ហិរ.ក្រៅប្រ/ទ | F9: សរុប | G9: ហិរ.ក្នុងប្រ/ទ | H9: ហិរ.ក្រៅប្រ/ទ | I9: សរុប | J9: ហិរ.ក្នុងប្រ/ទ | K9: ហិរ.ក្រៅប្រ/ទ | L9: សរុប | M9: ហិរ.ក្នុងប្រ/ទ | N9: ហិរ.ក្រៅប្រ/ទ | O9: សរុប | P9: ហិរ.ក្នុងប្រ/ទ | Q9: ហិរ.ក្រៅប្រ/ទ | R9: សរុប | S9: ហិរ.ក្នុងប្រ/ទ | T9: ហិរ.ក្រៅប្រ/ទ
A10: សរុបក្រសួងសេដ្ឋកិច្ចនិងហិរញ្ញវត្ថុ | B10: =B11 -> 0 | C10: =D10+E10 -> 20414.8 | D10: =D11+D104 -> 1184.8 | E10: =E11+E104 -> 19230 | F10: =G10+H10 -> 14690.5 | G10: =G11+G104 -> 5703.3 | H10: =H11+H104 -> 8987.2 | I10: =J10+K10 -> 0 | J10: =J11+J104 -> 0 | K10: =K11+K104 -> 0 | L10: =M10+N10 -> 12000 | M10: =M11+M104 -> 0 | N10: =N11+N104 -> 12000 | O10: =P10+Q10 -> 4518.5 | P10: =P11+P104 -> 4518.5 | Q10: =Q11+Q104 -> 0 | R10: =S10+T10 -> 0 | S10: =S11+S104 -> 0 | T10: =T11+T104 -> 0 | V10: =IF((B10+C10+F10+L10+O10)<>0,"ok","-") -> ok
A11: គោលបំណងគោលនយោបាយទី១ | B11: =B12 -> 0 | C11: =D11+E11 -> 0 | D11: =D12+D58 -> 0 | E11: =E12+E58 -> 0 | F11: =G11+H11 -> 0 | G11: =G12+G58 -> 0 | H11: =H12+H58 -> 0 | I11: =J11+K11 -> 0 | J11: =J12+J58 -> 0 | K11: =K12+K58 -> 0 | L11: =M11+N11 -> 0 | M11: =M12+M58 -> 0 | N11: =N12+N58 -> 0 | O11: =P11+Q11 -> 0 | P11: =P12+P58 -> 0 | Q11: =Q12+Q58 -> 0 | R11: =S11+T11 -> 0 | S11: =S12+S58 -> 0 | T11: =T12+T58 -> 0 | V11: =IF((B11+C11+F11+L11+O11)<>0,"ok","-") -> -
A12: កម្មវិធីទី១ | B12: =B13 -> 0 | C12: =D12+E12 -> 0 | D12: =D13+D28+D43 -> 0 | E12: =E13+E28+E43 -> 0 | F12: =G12+H12 -> 0 | G12: =G13+G28+G43 -> 0 | H12: =H13+H28+H43 -> 0 | I12: =J12+K12 -> 0 | J12: =J13+J28+J43 -> 0 | K12: =K13+K28+K43 -> 0 | L12: =M12+N12 -> 0 | M12: =M13+M28+M43 -> 0 | N12: =N13+N28+N43 -> 0 | O12: =P12+Q12 -> 0 | P12: =P13+P28+P43 -> 0 | Q12: =Q13+Q28+Q43 -> 0 | R12: =S12+T12 -> 0 | S12: =S13+S28+S43 -> 0 | T12: =T13+T28+T43 -> 0 | V12: =IF((B12+C12+F12+L12+O12)<>0,"ok","-") -> -
A13: អនុកម្មវិធីទី១.១ (អគ្គនាយកដ្ឋានគោលនយោបាយ) | B13: =B14+B21 -> 0 | C13: =D13+E13 -> 0 | D13: =D14+D21 -> 0 | E13: =E14+E21 -> 0 | F13: =G13+H13 -> 0 | G13: =G14+G21 -> 0 | H13: =H14+H21 -> 0 | I13: =J13+K13 -> 0 | J13: =J14+J21 -> 0 | K13: =K14+K21 -> 0 | L13: =M13+N13 -> 0 | M13: =M14+M21 -> 0 | N13: =N14+N21 -> 0 | O13: =P13+Q13 -> 0 | P13: =P14+P21 -> 0 | Q13: =Q14+Q21 -> 0 | R13: =S13+T13 -> 0 | S13: =S14+S21 -> 0 | T13: =T14+T21 -> 0 | V13: =IF((B13+C13+F13+L13+O13)<>0,"ok","-") -> -
A14: I. សរុបគម្រោងកំពុងដំណើរការ | B14: =B15+B18 -> 0 | C14: =D14+E14 -> 0 | D14: =D15+D18 -> 0 | E14: =E15+E18 -> 0 | F14: =G14+H14 -> 0 | G14: =G15+G18 -> 0 | H14: =H15+H18 -> 0 | I14: =J14+K14 -> 0 | J14: =J15+J18 -> 0 | K14: =K15+K18 -> 0 | L14: =M14+N14 -> 0 | M14: =M15+M18 -> 0 | N14: =N15+N18 -> 0 | O14: =P14+Q14 -> 0 | P14: =P15+P18 -> 0 | Q14: =Q15+Q18 -> 0 | R14: =S14+T14 -> 0 | S14: =S15+S18 -> 0 | T14: =T15+T18 -> 0 | V14: =IF((B14+C14+F14+L14+O14)<>0,"ok","-") -> -
A15: -គម្រោងវិនិយោគជាទុន | B15: =SUM(B16:B17) -> 0 | C15: =D15+E15 -> 0 | D15: =SUM(D16:D17) -> 0 | E15: =SUM(E16:E17) -> 0 | F15: =G15+H15 -> 0 | G15: =SUM(G16:G17) -> 0 | H15: =SUM(H16:H17) -> 0 | I15: =J15+K15 -> 0 | J15: =SUM(J16:J17) -> 0 | K15: =SUM(K16:K17) -> 0 | L15: =M15+N15 -> 0 | M15: =SUM(M16:M17) -> 0 | N15: =SUM(N16:N17) -> 0 | O15: =P15+Q15 -> 0 | P15: =SUM(P16:P17) -> 0 | Q15: =SUM(Q16:Q17) -> 0 | R15: =S15+T15 -> 0 | S15: =SUM(S16:S17) -> 0 | T15: =SUM(T16:T17) -> 0 | V15: =IF((B15+C15+F15+L15+O15)<>0,"ok","-") -> -
A16: ១.គម្រោង...... | C16: =D16+E16 -> 0 | F16: =G16+H16 -> 0 | I16: =J16+K16 -> 0 | L16: =M16+N16 -> 0 | O16: =P16+Q16 -> 0 | R16: =S16+T16 -> 0 | V16: =IF((B16+C16+F16+L16+O16)<>0,"ok","-") -> -
A17: ២.គម្រោង...... | C17: =D17+E17 -> 0 | F17: =G17+H17 -> 0 | I17: =J17+K17 -> 0 | L17: =M17+N17 -> 0 | O17: =P17+Q17 -> 0 | R17: =S17+T17 -> 0 | V17: =IF((B17+C17+F17+L17+O17)<>0,"ok","-") -> -
A18: -គម្រោងជំនួយបច្ចេកទេស | B18: =SUM(B19:B20) -> 0 | C18: =D18+E18 -> 0 | D18: =SUM(D19:D20) -> 0 | E18: =SUM(E19:E20) -> 0 | F18: =G18+H18 -> 0 | G18: =SUM(G19:G20) -> 0 | H18: =SUM(H19:H20) -> 0 | I18: =J18+K18 -> 0 | J18: =SUM(J19:J20) -> 0 | K18: =SUM(K19:K20) -> 0 | L18: =M18+N18 -> 0 | M18: =SUM(M19:M20) -> 0 | N18: =SUM(N19:N20) -> 0 | O18: =P18+Q18 -> 0 | P18: =SUM(P19:P20) -> 0 | Q18: =SUM(Q19:Q20) -> 0 | R18: =S18+T18 -> 0 | S18: =SUM(S19:S20) -> 0 | T18: =SUM(T19:T20) -> 0 | V18: =IF((B18+C18+F18+L18+O18)<>0,"ok","-") -> -
A19: ៣.គម្រោង...... | C19: =D19+E19 -> 0 | F19: =G19+H19 -> 0 | I19: =J19+K19 -> 0 | L19: =M19+N19 -> 0 | O19: =P19+Q19 -> 0 | R19: =S19+T19 -> 0 | V19: =IF((B19+C19+F19+L19+O19)<>0,"ok","-") -> -
A20: ៤.គម្រោង...... | C20: =D20+E20 -> 0 | F20: =G20+H20 -> 0 | I20: =J20+K20 -> 0 | L20: =M20+N20 -> 0 | O20: =P20+Q20 -> 0 | R20: =S20+T20 -> 0 | V20: =IF((B20+C20+F20+L20+O20)<>0,"ok","-") -> -
A21: II. សរុបគម្រោងស្នើសុំថ្មី (ដើម្បីអនុវត្ត ផ.យ.អ.ជ) | B21: =B22+B25 -> 0 | C21: =D21+E21 -> 0 | D21: =D22+D25 -> 0 | E21: =E22+E25 -> 0 | F21: =G21+H21 -> 0 | G21: =G22+G25 -> 0 | H21: =H22+H25 -> 0 | I21: =J21+K21 -> 0 | J21: =J22+J25 -> 0 | K21: =K22+K25 -> 0 | L21: =M21+N21 -> 0 | M21: =M22+M25 -> 0 | N21: =N22+N25 -> 0 | O21: =P21+Q21 -> 0 | P21: =P22+P25 -> 0 | Q21: =Q22+Q25 -> 0 | R21: =S21+T21 -> 0 | S21: =S22+S25 -> 0 | T21: =T22+T25 -> 0 | V21: =IF((B21+C21+F21+L21+O21)<>0,"ok","-") -> -
A22: -គម្រោងវិនិយោគជាទុន | B22: =SUM(B23:B24) -> 0 | C22: =D22+E22 -> 0 | D22: =SUM(D23:D24) -> 0 | E22: =SUM(E23:E24) -> 0 | F22: =G22+H22 -> 0 | G22: =SUM(G23:G24) -> 0 | H22: =SUM(H23:H24) -> 0 | I22: =J22+K22 -> 0 | J22: =SUM(J23:J24) -> 0 | K22: =SUM(K23:K24) -> 0 | L22: =M22+N22 -> 0 | M22: =SUM(M23:M24) -> 0 | N22: =SUM(N23:N24) -> 0 | O22: =P22+Q22 -> 0 | P22: =SUM(P23:P24) -> 0 | Q22: =SUM(Q23:Q24) -> 0 | R22: =S22+T22 -> 0 | S22: =SUM(S23:S24) -> 0 | T22: =SUM(T23:T24) -> 0 | V22: =IF((B22+C22+F22+L22+O22)<>0,"ok","-") -> -
A23: ១.គម្រោង...... | C23: =D23+E23 -> 0 | F23: =G23+H23 -> 0 | I23: =J23+K23 -> 0 | L23: =M23+N23 -> 0 | O23: =P23+Q23 -> 0 | R23: =S23+T23 -> 0 | V23: =IF((B23+C23+F23+L23+O23)<>0,"ok","-") -> -
A24: ២.គម្រោង...... | C24: =D24+E24 -> 0 | F24: =G24+H24 -> 0 | I24: =J24+K24 -> 0 | L24: =M24+N24 -> 0 | O24: =P24+Q24 -> 0 | R24: =S24+T24 -> 0 | V24: =IF((B24+C24+F24+L24+O24)<>0,"ok","-") -> -
A25: -គម្រោងជំនួយបច្ចេកទេស | B25: =SUM(B26:B27) -> 0 | C25: =D25+E25 -> 0 | D25: =SUM(D26:D27) -> 0 | E25: =SUM(E26:E27) -> 0 | F25: =G25+H25 -> 0 | G25: =SUM(G26:G27) -> 0 | H25: =SUM(H26:H27) -> 0 | I25: =J25+K25 -> 0 | J25: =SUM(J26:J27) -> 0 | K25: =SUM(K26:K27) -> 0 | L25: =M25+N25 -> 0 | M25: =SUM(M26:M27) -> 0 | N25: =SUM(N26:N27) -> 0 | O25: =P25+Q25 -> 0 | P25: =SUM(P26:P27) -> 0 | Q25: =SUM(Q26:Q27) -> 0 | R25: =S25+T25 -> 0 | S25: =SUM(S26:S27) -> 0 | T25: =SUM(T26:T27) -> 0 | V25: =IF((B25+C25+F25+L25+O25)<>0,"ok","-") -> -
A26: ៣.គម្រោង...... | C26: =D26+E26 -> 0 | F26: =G26+H26 -> 0 | I26: =J26+K26 -> 0 | L26: =M26+N26 -> 0 | O26: =P26+Q26 -> 0 | R26: =S26+T26 -> 0 | V26: =IF((B26+C26+F26+L26+O26)<>0,"ok","-") -> -
A27: ៤.គម្រោង...... | C27: =D27+E27 -> 0 | F27: =G27+H27 -> 0 | I27: =J27+K27 -> 0 | L27: =M27+N27 -> 0 | O27: =P27+Q27 -> 0 | R27: =S27+T27 -> 0 | V27: =IF((B27+C27+F27+L27+O27)<>0,"ok","-") -> -
A28: អនុកម្មវិធីទី១.២ (ឧត្តមក្រុមប្រឹក្សាសេដ្ឋកិច្ចជាតិ) | B28: =B29+B36 -> 0 | C28: =D28+E28 -> 0 | D28: =D29+D36 -> 0 | E28: =E29+E36 -> 0 | F28: =G28+H28 -> 0 | G28: =G29+G36 -> 0 | H28: =H29+H36 -> 0 | I28: =J28+K28 -> 0 | J28: =J29+J36 -> 0 | K28: =K29+K36 -> 0 | L28: =M28+N28 -> 0 | M28: =M29+M36 -> 0 | N28: =N29+N36 -> 0 | O28: =P28+Q28 -> 0 | P28: =P29+P36 -> 0 | Q28: =Q29+Q36 -> 0 | R28: =S28+T28 -> 0 | S28: =S29+S36 -> 0 | T28: =T29+T36 -> 0 | V28: =IF((B28+C28+F28+L28+O28)<>0,"ok","-") -> -
A29: I. សរុបគម្រោងកំពុងដំណើរការ | B29: =B30+B33 -> 0 | C29: =D29+E29 -> 0 | D29: =D30+D33 -> 0 | E29: =E30+E33 -> 0 | F29: =G29+H29 -> 0 | G29: =G30+G33 -> 0 | H29: =H30+H33 -> 0 | I29: =J29+K29 -> 0 | J29: =J30+J33 -> 0 | K29: =K30+K33 -> 0 | L29: =M29+N29 -> 0 | M29: =M30+M33 -> 0 | N29: =N30+N33 -> 0 | O29: =P29+Q29 -> 0 | P29: =P30+P33 -> 0 | Q29: =Q30+Q33 -> 0 | R29: =S29+T29 -> 0 | S29: =S30+S33 -> 0 | T29: =T30+T33 -> 0 | V29: =IF((B29+C29+F29+L29+O29)<>0,"ok","-") -> -
A30: -គម្រោងវិនិយោគជាទុន | B30: =SUM(B31:B32) -> 0 | C30: =D30+E30 -> 0 | D30: =SUM(D31:D32) -> 0 | E30: =SUM(E31:E32) -> 0 | F30: =G30+H30 -> 0 | G30: =SUM(G31:G32) -> 0 | H30: =SUM(H31:H32) -> 0 | I30: =J30+K30 -> 0 | J30: =SUM(J31:J32) -> 0 | K30: =SUM(K31:K32) -> 0 | L30: =M30+N30 -> 0 | M30: =SUM(M31:M32) -> 0 | N30: =SUM(N31:N32) -> 0 | O30: =P30+Q30 -> 0 | P30: =SUM(P31:P32) -> 0 | Q30: =SUM(Q31:Q32) -> 0 | R30: =S30+T30 -> 0 | S30: =SUM(S31:S32) -> 0 | T30: =SUM(T31:T32) -> 0 | V30: =IF((B30+C30+F30+L30+O30)<>0,"ok","-") -> -
A31: ១.គម្រោង...... | C31: =D31+E31 -> 0 | F31: =G31+H31 -> 0 | I31: =J31+K31 -> 0 | L31: =M31+N31 -> 0 | O31: =P31+Q31 -> 0 | R31: =S31+T31 -> 0 | V31: =IF((B31+C31+F31+L31+O31)<>0,"ok","-") -> -
A32: ២.គម្រោង...... | C32: =D32+E32 -> 0 | F32: =G32+H32 -> 0 | I32: =J32+K32 -> 0 | L32: =M32+N32 -> 0 | O32: =P32+Q32 -> 0 | R32: =S32+T32 -> 0 | V32: =IF((B32+C32+F32+L32+O32)<>0,"ok","-") -> -
A33: -គម្រោងជំនួយបច្ចេកទេស | B33: =SUM(B34:B35) -> 0 | C33: =D33+E33 -> 0 | D33: =SUM(D34:D35) -> 0 | E33: =SUM(E34:E35) -> 0 | F33: =G33+H33 -> 0 | G33: =SUM(G34:G35) -> 0 | H33: =SUM(H34:H35) -> 0 | I33: =J33+K33 -> 0 | J33: =SUM(J34:J35) -> 0 | K33: =SUM(K34:K35) -> 0 | L33: =M33+N33 -> 0 | M33: =SUM(M34:M35) -> 0 | N33: =SUM(N34:N35) -> 0 | O33: =P33+Q33 -> 0 | P33: =SUM(P34:P35) -> 0 | Q33: =SUM(Q34:Q35) -> 0 | R33: =S33+T33 -> 0 | S33: =SUM(S34:S35) -> 0 | T33: =SUM(T34:T35) -> 0 | V33: =IF((B33+C33+F33+L33+O33)<>0,"ok","-") -> -
A34: ៣.គម្រោង...... | C34: =D34+E34 -> 0 | F34: =G34+H34 -> 0 | I34: =J34+K34 -> 0 | L34: =M34+N34 -> 0 | O34: =P34+Q34 -> 0 | R34: =S34+T34 -> 0 | V34: =IF((B34+C34+F34+L34+O34)<>0,"ok","-") -> -
A35: ៤.គម្រោង...... | C35: =D35+E35 -> 0 | F35: =G35+H35 -> 0 | I35: =J35+K35 -> 0 | L35: =M35+N35 -> 0 | O35: =P35+Q35 -> 0 | R35: =S35+T35 -> 0 | V35: =IF((B35+C35+F35+L35+O35)<>0,"ok","-") -> -
A36: II. សរុបគម្រោងស្នើសុំថ្មី (ដើម្បីអនុវត្ត ផ.យ.អ.ជ) | B36: =B37+B40 -> 0 | C36: =D36+E36 -> 0 | D36: =D37+D40 -> 0 | E36: =E37+E40 -> 0 | F36: =G36+H36 -> 0 | G36: =G37+G40 -> 0 | H36: =H37+H40 -> 0 | I36: =J36+K36 -> 0 | J36: =J37+J40 -> 0 | K36: =K37+K40 -> 0 | L36: =M36+N36 -> 0 | M36: =M37+M40 -> 0 | N36: =N37+N40 -> 0 | O36: =P36+Q36 -> 0 | P36: =P37+P40 -> 0 | Q36: =Q37+Q40 -> 0 | R36: =S36+T36 -> 0 | S36: =S37+S40 -> 0 | T36: =T37+T40 -> 0 | V36: =IF((B36+C36+F36+L36+O36)<>0,"ok","-") -> -
A37: -គម្រោងវិនិយោគជាទុន | B37: =SUM(B38:B39) -> 0 | C37: =D37+E37 -> 0 | D37: =SUM(D38:D39) -> 0 | E37: =SUM(E38:E39) -> 0 | F37: =G37+H37 -> 0 | G37: =SUM(G38:G39) -> 0 | H37: =SUM(H38:H39) -> 0 | I37: =J37+K37 -> 0 | J37: =SUM(J38:J39) -> 0 | K37: =SUM(K38:K39) -> 0 | L37: =M37+N37 -> 0 | M37: =SUM(M38:M39) -> 0 | N37: =SUM(N38:N39) -> 0 | O37: =P37+Q37 -> 0 | P37: =SUM(P38:P39) -> 0 | Q37: =SUM(Q38:Q39) -> 0 | R37: =S37+T37 -> 0 | S37: =SUM(S38:S39) -> 0 | T37: =SUM(T38:T39) -> 0 | V37: =IF((B37+C37+F37+L37+O37)<>0,"ok","-") -> -
A38: ១.គម្រោង...... | C38: =D38+E38 -> 0 | F38: =G38+H38 -> 0 | I38: =J38+K38 -> 0 | L38: =M38+N38 -> 0 | O38: =P38+Q38 -> 0 | R38: =S38+T38 -> 0 | V38: =IF((B38+C38+F38+L38+O38)<>0,"ok","-") -> -
A39: ២.គម្រោង...... | C39: =D39+E39 -> 0 | F39: =G39+H39 -> 0 | I39: =J39+K39 -> 0 | L39: =M39+N39 -> 0 | O39: =P39+Q39 -> 0 | R39: =S39+T39 -> 0 | V39: =IF((B39+C39+F39+L39+O39)<>0,"ok","-") -> -
A40: -គម្រោងជំនួយបច្ចេកទេស | B40: =SUM(B41:B42) -> 0 | C40: =D40+E40 -> 0 | D40: =SUM(D41:D42) -> 0 | E40: =SUM(E41:E42) -> 0 | F40: =G40+H40 -> 0 | G40: =SUM(G41:G42) -> 0 | H40: =SUM(H41:H42) -> 0 | I40: =J40+K40 -> 0 | J40: =SUM(J41:J42) -> 0 | K40: =SUM(K41:K42) -> 0 | L40: =M40+N40 -> 0 | M40: =SUM(M41:M42) -> 0 | N40: =SUM(N41:N42) -> 0 | O40: =P40+Q40 -> 0 | P40: =SUM(P41:P42) -> 0 | Q40: =SUM(Q41:Q42) -> 0 | R40: =S40+T40 -> 0 | S40: =SUM(S41:S42) -> 0 | T40: =SUM(T41:T42) -> 0 | V40: =IF((B40+C40+F40+L40+O40)<>0,"ok","-") -> -
A41: ៣.គម្រោង...... | C41: =D41+E41 -> 0 | F41: =G41+H41 -> 0 | I41: =J41+K41 -> 0 | L41: =M41+N41 -> 0 | O41: =P41+Q41 -> 0 | R41: =S41+T41 -> 0 | V41: =IF((B41+C41+F41+L41+O41)<>0,"ok","-") -> -
A42: ៤.គម្រោង...... | C42: =D42+E42 -> 0 | F42: =G42+H42 -> 0 | I42: =J42+K42 -> 0 | L42: =M42+N42 -> 0 | O42: =P42+Q42 -> 0 | R42: =S42+T42 -> 0 | V42: =IF((B42+C42+F42+L42+O42)<>0,"ok","-") -> -
A43: អនុកម្មវិធីទី១.៣ (លេខាធិការដ្ឋាន គ.ផ.ក) | B43: =B44+B51 -> 0 | C43: =D43+E43 -> 0 | D43: =D44+D51 -> 0 | E43: =E44+E51 -> 0 | F43: =G43+H43 -> 0 | G43: =G44+G51 -> 0 | H43: =H44+H51 -> 0 | I43: =J43+K43 -> 0 | J43: =J44+J51 -> 0 | K43: =K44+K51 -> 0 | L43: =M43+N43 -> 0 | M43: =M44+M51 -> 0 | N43: =N44+N51 -> 0 | O43: =P43+Q43 -> 0 | P43: =P44+P51 -> 0 | Q43: =Q44+Q51 -> 0 | R43: =S43+T43 -> 0 | S43: =S44+S51 -> 0 | T43: =T44+T51 -> 0 | V43: =IF((B43+C43+F43+L43+O43)<>0,"ok","-") -> -
A44: I. សរុបគម្រោងកំពុងដំណើរការ | B44: =B45+B48 -> 0 | C44: =D44+E44 -> 0 | D44: =D45+D48 -> 0 | E44: =E45+E48 -> 0 | F44: =G44+H44 -> 0 | G44: =G45+G48 -> 0 | H44: =H45+H48 -> 0 | I44: =J44+K44 -> 0 | J44: =J45+J48 -> 0 | K44: =K45+K48 -> 0 | L44: =M44+N44 -> 0 | M44: =M45+M48 -> 0 | N44: =N45+N48 -> 0 | O44: =P44+Q44 -> 0 | P44: =P45+P48 -> 0 | Q44: =Q45+Q48 -> 0 | R44: =S44+T44 -> 0 | S44: =S45+S48 -> 0 | T44: =T45+T48 -> 0 | V44: =IF((B44+C44+F44+L44+O44)<>0,"ok","-") -> -
A45: -គម្រោងវិនិយោគជាទុន | B45: =SUM(B46:B47) -> 0 | C45: =D45+E45 -> 0 | D45: =SUM(D46:D47) -> 0 | E45: =SUM(E46:E47) -> 0 | F45: =G45+H45 -> 0 | G45: =SUM(G46:G47) -> 0 | H45: =SUM(H46:H47) -> 0 | I45: =J45+K45 -> 0 | J45: =SUM(J46:J47) -> 0 | K45: =SUM(K46:K47) -> 0 | L45: =M45+N45 -> 0 | M45: =SUM(M46:M47) -> 0 | N45: =SUM(N46:N47) -> 0 | O45: =P45+Q45 -> 0 | P45: =SUM(P46:P47) -> 0 | Q45: =SUM(Q46:Q47) -> 0 | R45: =S45+T45 -> 0 | S45: =SUM(S46:S47) -> 0 | T45: =SUM(T46:T47) -> 0 | V45: =IF((B45+C45+F45+L45+O45)<>0,"ok","-") -> -
A46: ១.គម្រោង...... | C46: =D46+E46 -> 0 | F46: =G46+H46 -> 0 | I46: =J46+K46 -> 0 | L46: =M46+N46 -> 0 | O46: =P46+Q46 -> 0 | R46: =S46+T46 -> 0 | V46: =IF((B46+C46+F46+L46+O46)<>0,"ok","-") -> -
A47: ២.គម្រោង...... | C47: =D47+E47 -> 0 | F47: =G47+H47 -> 0 | I47: =J47+K47 -> 0 | L47: =M47+N47 -> 0 | O47: =P47+Q47 -> 0 | R47: =S47+T47 -> 0 | V47: =IF((B47+C47+F47+L47+O47)<>0,"ok","-") -> -
A48: -គម្រោងជំនួយបច្ចេកទេស | B48: =SUM(B49:B50) -> 0 | C48: =D48+E48 -> 0 | D48: =SUM(D49:D50) -> 0 | E48: =SUM(E49:E50) -> 0 | F48: =G48+H48 -> 0 | G48: =SUM(G49:G50) -> 0 | H48: =SUM(H49:H50) -> 0 | I48: =J48+K48 -> 0 | J48: =SUM(J49:J50) -> 0 | K48: =SUM(K49:K50) -> 0 | L48: =M48+N48 -> 0 | M48: =SUM(M49:M50) -> 0 | N48: =SUM(N49:N50) -> 0 | O48: =P48+Q48 -> 0 | P48: =SUM(P49:P50) -> 0 | Q48: =SUM(Q49:Q50) -> 0 | R48: =S48+T48 -> 0 | S48: =SUM(S49:S50) -> 0 | T48: =SUM(T49:T50) -> 0 | V48: =IF((B48+C48+F48+L48+O48)<>0,"ok","-") -> -
A49: ៣.គម្រោង...... | C49: =D49+E49 -> 0 | F49: =G49+H49 -> 0 | I49: =J49+K49 -> 0 | L49: =M49+N49 -> 0 | O49: =P49+Q49 -> 0 | R49: =S49+T49 -> 0 | V49: =IF((B49+C49+F49+L49+O49)<>0,"ok","-") -> -
A50: ៤.គម្រោង...... | C50: =D50+E50 -> 0 | F50: =G50+H50 -> 0 | I50: =J50+K50 -> 0 | L50: =M50+N50 -> 0 | O50: =P50+Q50 -> 0 | R50: =S50+T50 -> 0 | V50: =IF((B50+C50+F50+L50+O50)<>0,"ok","-") -> -
A51: II. សរុបគម្រោងស្នើសុំថ្មី (ដើម្បីអនុវត្ត ផ.យ.អ.ជ) | B51: =B52+B55 -> 0 | C51: =D51+E51 -> 0 | D51: =D52+D55 -> 0 | E51: =E52+E55 -> 0 | F51: =G51+H51 -> 0 | G51: =G52+G55 -> 0 | H51: =H52+H55 -> 0 | I51: =J51+K51 -> 0 | J51: =J52+J55 -> 0 | K51: =K52+K55 -> 0 | L51: =M51+N51 -> 0 | M51: =M52+M55 -> 0 | N51: =N52+N55 -> 0 | O51: =P51+Q51 -> 0 | P51: =P52+P55 -> 0 | Q51: =Q52+Q55 -> 0 | R51: =S51+T51 -> 0 | S51: =S52+S55 -> 0 | T51: =T52+T55 -> 0 | V51: =IF((B51+C51+F51+L51+O51)<>0,"ok","-") -> -
A52: -គម្រោងវិនិយោគជាទុន | B52: =SUM(B53:B54) -> 0 | C52: =D52+E52 -> 0 | D52: =SUM(D53:D54) -> 0 | E52: =SUM(E53:E54) -> 0 | F52: =G52+H52 -> 0 | G52: =SUM(G53:G54) -> 0 | H52: =SUM(H53:H54) -> 0 | I52: =J52+K52 -> 0 | J52: =SUM(J53:J54) -> 0 | K52: =SUM(K53:K54) -> 0 | L52: =M52+N52 -> 0 | M52: =SUM(M53:M54) -> 0 | N52: =SUM(N53:N54) -> 0 | O52: =P52+Q52 -> 0 | P52: =SUM(P53:P54) -> 0 | Q52: =SUM(Q53:Q54) -> 0 | R52: =S52+T52 -> 0 | S52: =SUM(S53:S54) -> 0 | T52: =SUM(T53:T54) -> 0 | V52: =IF((B52+C52+F52+L52+O52)<>0,"ok","-") -> -
A53: ១.គម្រោង...... | C53: =D53+E53 -> 0 | F53: =G53+H53 -> 0 | I53: =J53+K53 -> 0 | L53: =M53+N53 -> 0 | O53: =P53+Q53 -> 0 | R53: =S53+T53 -> 0 | V53: =IF((B53+C53+F53+L53+O53)<>0,"ok","-") -> -
A54: ២.គម្រោង...... | C54: =D54+E54 -> 0 | F54: =G54+H54 -> 0 | I54: =J54+K54 -> 0 | L54: =M54+N54 -> 0 | O54: =P54+Q54 -> 0 | R54: =S54+T54 -> 0 | V54: =IF((B54+C54+F54+L54+O54)<>0,"ok","-") -> -
A55: -គម្រោងជំនួយបច្ចេកទេស | B55: =SUM(B56:B57) -> 0 | C55: =D55+E55 -> 0 | D55: =SUM(D56:D57) -> 0 | E55: =SUM(E56:E57) -> 0 | F55: =G55+H55 -> 0 | G55: =SUM(G56:G57) -> 0 | H55: =SUM(H56:H57) -> 0 | I55: =J55+K55 -> 0 | J55: =SUM(J56:J57) -> 0 | K55: =SUM(K56:K57) -> 0 | L55: =M55+N55 -> 0 | M55: =SUM(M56:M57) -> 0 | N55: =SUM(N56:N57) -> 0 | O55: =P55+Q55 -> 0 | P55: =SUM(P56:P57) -> 0 | Q55: =SUM(Q56:Q57) -> 0 | R55: =S55+T55 -> 0 | S55: =SUM(S56:S57) -> 0 | T55: =SUM(T56:T57) -> 0 | V55: =IF((B55+C55+F55+L55+O55)<>0,"ok","-") -> -
A56: ៣.គម្រោង...... | C56: =D56+E56 -> 0 | F56: =G56+H56 -> 0 | I56: =J56+K56 -> 0 | L56: =M56+N56 -> 0 | O56: =P56+Q56 -> 0 | R56: =S56+T56 -> 0 | V56: =IF((B56+C56+F56+L56+O56)<>0,"ok","-") -> -
A57: ៤.គម្រោង...... | C57: =D57+E57 -> 0 | F57: =G57+H57 -> 0 | I57: =J57+K57 -> 0 | L57: =M57+N57 -> 0 | O57: =P57+Q57 -> 0 | R57: =S57+T57 -> 0 | V57: =IF((B57+C57+F57+L57+O57)<>0,"ok","-") -> -
A58: កម្មវិធីទី២ | B58: =B59 -> 0 | C58: =D58+E58 -> 0 | D58: =D59+D74+D89 -> 0 | E58: =E59+E74+E89 -> 0 | F58: =G58+H58 -> 0 | G58: =G59+G74+G89 -> 0 | H58: =H59+H74+H89 -> 0 | I58: =J58+K58 -> 0 | J58: =J59+J74+J89 -> 0 | K58: =K59+K74+K89 -> 0 | L58: =M58+N58 -> 0 | M58: =M59+M74+M89 -> 0 | N58: =N59+N74+N89 -> 0 | O58: =P58+Q58 -> 0 | P58: =P59+P74+P89 -> 0 | Q58: =Q59+Q74+Q89 -> 0 | R58: =S58+T58 -> 0 | S58: =S59+S74+S89 -> 0 | T58: =T59+T74+T89 -> 0 | V58: =IF((B58+C58+F58+L58+O58)<>0,"ok","-") -> -
A59: អនុកម្មវិធីទី២.១ (អគ្គនាយកដ្ឋានឧស្សាហកម្មហិរ) | B59: =B60+B67 -> 0 | C59: =D59+E59 -> 0 | D59: =D60+D67 -> 0 | E59: =E60+E67 -> 0 | F59: =G59+H59 -> 0 | G59: =G60+G67 -> 0 | H59: =H60+H67 -> 0 | I59: =J59+K59 -> 0 | J59: =J60+J67 -> 0 | K59: =K60+K67 -> 0 | L59: =M59+N59 -> 0 | M59: =M60+M67 -> 0 | N59: =N60+N67 -> 0 | O59: =P59+Q59 -> 0 | P59: =P60+P67 -> 0 | Q59: =Q60+Q67 -> 0 | R59: =S59+T59 -> 0 | S59: =S60+S67 -> 0 | T59: =T60+T67 -> 0 | V59: =IF((B59+C59+F59+L59+O59)<>0,"ok","-") -> -
A60: I. សរុបគម្រោងកំពុងដំណើរការ | B60: =B61+B64 -> 0 | C60: =D60+E60 -> 0 | D60: =D61+D64 -> 0 | E60: =E61+E64 -> 0 | F60: =G60+H60 -> 0 | G60: =G61+G64 -> 0 | H60: =H61+H64 -> 0 | I60: =J60+K60 -> 0 | J60: =J61+J64 -> 0 | K60: =K61+K64 -> 0 | L60: =M60+N60 -> 0 | M60: =M61+M64 -> 0 | N60: =N61+N64 -> 0 | O60: =P60+Q60 -> 0 | P60: =P61+P64 -> 0 | Q60: =Q61+Q64 -> 0 | R60: =S60+T60 -> 0 | S60: =S61+S64 -> 0 | T60: =T61+T64 -> 0 | V60: =IF((B60+C60+F60+L60+O60)<>0,"ok","-") -> -
A61: -គម្រោងវិនិយោគជាទុន | B61: =SUM(B62:B63) -> 0 | C61: =D61+E61 -> 0 | D61: =SUM(D62:D63) -> 0 | E61: =SUM(E62:E63) -> 0 | F61: =G61+H61 -> 0 | G61: =SUM(G62:G63) -> 0 | H61: =SUM(H62:H63) -> 0 | I61: =J61+K61 -> 0 | J61: =SUM(J62:J63) -> 0 | K61: =SUM(K62:K63) -> 0 | L61: =M61+N61 -> 0 | M61: =SUM(M62:M63) -> 0 | N61: =SUM(N62:N63) -> 0 | O61: =P61+Q61 -> 0 | P61: =SUM(P62:P63) -> 0 | Q61: =SUM(Q62:Q63) -> 0 | R61: =S61+T61 -> 0 | S61: =SUM(S62:S63) -> 0 | T61: =SUM(T62:T63) -> 0 | V61: =IF((B61+C61+F61+L61+O61)<>0,"ok","-") -> -
A62: ១.គម្រោង...... | C62: =D62+E62 -> 0 | F62: =G62+H62 -> 0 | I62: =J62+K62 -> 0 | L62: =M62+N62 -> 0 | O62: =P62+Q62 -> 0 | R62: =S62+T62 -> 0 | V62: =IF((B62+C62+F62+L62+O62)<>0,"ok","-") -> -
A63: ២.គម្រោង...... | C63: =D63+E63 -> 0 | F63: =G63+H63 -> 0 | I63: =J63+K63 -> 0 | L63: =M63+N63 -> 0 | O63: =P63+Q63 -> 0 | R63: =S63+T63 -> 0 | V63: =IF((B63+C63+F63+L63+O63)<>0,"ok","-") -> -
A64: -គម្រោងជំនួយបច្ចេកទេស | B64: =SUM(B65:B66) -> 0 | C64: =D64+E64 -> 0 | D64: =SUM(D65:D66) -> 0 | E64: =SUM(E65:E66) -> 0 | F64: =G64+H64 -> 0 | G64: =SUM(G65:G66) -> 0 | H64: =SUM(H65:H66) -> 0 | I64: =J64+K64 -> 0 | J64: =SUM(J65:J66) -> 0 | K64: =SUM(K65:K66) -> 0 | L64: =M64+N64 -> 0 | M64: =SUM(M65:M66) -> 0 | N64: =SUM(N65:N66) -> 0 | O64: =P64+Q64 -> 0 | P64: =SUM(P65:P66) -> 0 | Q64: =SUM(Q65:Q66) -> 0 | R64: =S64+T64 -> 0 | S64: =SUM(S65:S66) -> 0 | T64: =SUM(T65:T66) -> 0 | V64: =IF((B64+C64+F64+L64+O64)<>0,"ok","-") -> -
A65: ៣.គម្រោង...... | C65: =D65+E65 -> 0 | F65: =G65+H65 -> 0 | I65: =J65+K65 -> 0 | L65: =M65+N65 -> 0 | O65: =P65+Q65 -> 0 | R65: =S65+T65 -> 0 | V65: =IF((B65+C65+F65+L65+O65)<>0,"ok","-") -> -
A66: ៤.គម្រោង...... | C66: =D66+E66 -> 0 | F66: =G66+H66 -> 0 | I66: =J66+K66 -> 0 | L66: =M66+N66 -> 0 | O66: =P66+Q66 -> 0 | R66: =S66+T66 -> 0 | V66: =IF((B66+C66+F66+L66+O66)<>0,"ok","-") -> -
A67: II. សរុបគម្រោងស្នើសុំថ្មី (ដើម្បីអនុវត្ត ផ.យ.អ.ជ) | B67: =B68+B71 -> 0 | C67: =D67+E67 -> 0 | D67: =D68+D71 -> 0 | E67: =E68+E71 -> 0 | F67: =G67+H67 -> 0 | G67: =G68+G71 -> 0 | H67: =H68+H71 -> 0 | I67: =J67+K67 -> 0 | J67: =J68+J71 -> 0 | K67: =K68+K71 -> 0 | L67: =M67+N67 -> 0 | M67: =M68+M71 -> 0 | N67: =N68+N71 -> 0 | O67: =P67+Q67 -> 0 | P67: =P68+P71 -> 0 | Q67: =Q68+Q71 -> 0 | R67: =S67+T67 -> 0 | S67: =S68+S71 -> 0 | T67: =T68+T71 -> 0 | V67: =IF((B67+C67+F67+L67+O67)<>0,"ok","-") -> -
A68: -គម្រោងវិនិយោគជាទុន | B68: =SUM(B69:B70) -> 0 | C68: =D68+E68 -> 0 | D68: =SUM(D69:D70) -> 0 | E68: =SUM(E69:E70) -> 0 | F68: =G68+H68 -> 0 | G68: =SUM(G69:G70) -> 0 | H68: =SUM(H69:H70) -> 0 | I68: =J68+K68 -> 0 | J68: =SUM(J69:J70) -> 0 | K68: =SUM(K69:K70) -> 0 | L68: =M68+N68 -> 0 | M68: =SUM(M69:M70) -> 0 | N68: =SUM(N69:N70) -> 0 | O68: =P68+Q68 -> 0 | P68: =SUM(P69:P70) -> 0 | Q68: =SUM(Q69:Q70) -> 0 | R68: =S68+T68 -> 0 | S68: =SUM(S69:S70) -> 0 | T68: =SUM(T69:T70) -> 0 | V68: =IF((B68+C68+F68+L68+O68)<>0,"ok","-") -> -
A69: ១.គម្រោង...... | C69: =D69+E69 -> 0 | F69: =G69+H69 -> 0 | I69: =J69+K69 -> 0 | L69: =M69+N69 -> 0 | O69: =P69+Q69 -> 0 | R69: =S69+T69 -> 0 | V69: =IF((B69+C69+F69+L69+O69)<>0,"ok","-") -> -
A70: ២.គម្រោង...... | C70: =D70+E70 -> 0 | F70: =G70+H70 -> 0 | I70: =J70+K70 -> 0 | L70: =M70+N70 -> 0 | O70: =P70+Q70 -> 0 | R70: =S70+T70 -> 0 | V70: =IF((B70+C70+F70+L70+O70)<>0,"ok","-") -> -
A71: -គម្រោងជំនួយបច្ចេកទេស | B71: =SUM(B72:B73) -> 0 | C71: =D71+E71 -> 0 | D71: =SUM(D72:D73) -> 0 | E71: =SUM(E72:E73) -> 0 | F71: =G71+H71 -> 0 | G71: =SUM(G72:G73) -> 0 | H71: =SUM(H72:H73) -> 0 | I71: =J71+K71 -> 0 | J71: =SUM(J72:J73) -> 0 | K71: =SUM(K72:K73) -> 0 | L71: =M71+N71 -> 0 | M71: =SUM(M72:M73) -> 0 | N71: =SUM(N72:N73) -> 0 | O71: =P71+Q71 -> 0 | P71: =SUM(P72:P73) -> 0 | Q71: =SUM(Q72:Q73) -> 0 | R71: =S71+T71 -> 0 | S71: =SUM(S72:S73) -> 0 | T71: =SUM(T72:T73) -> 0 | V71: =IF((B71+C71+F71+L71+O71)<>0,"ok","-") -> -
A72: ៣.គម្រោង...... | C72: =D72+E72 -> 0 | F72: =G72+H72 -> 0 | I72: =J72+K72 -> 0 | L72: =M72+N72 -> 0 | O72: =P72+Q72 -> 0 | R72: =S72+T72 -> 0 | V72: =IF((B72+C72+F72+L72+O72)<>0,"ok","-") -> -
A73: ៤.គម្រោង...... | C73: =D73+E73 -> 0 | F73: =G73+H73 -> 0 | I73: =J73+K73 -> 0 | L73: =M73+N73 -> 0 | O73: =P73+Q73 -> 0 | R73: =S73+T73 -> 0 | V73: =IF((B73+C73+F73+L73+O73)<>0,"ok","-") -> -
A74: អនុកម្មវិធីទី២.២ (ក្រុមប្រឹក្សាជាតិគណនេយ្យ) | B74: =B75+B82 -> 0 | C74: =D74+E74 -> 0 | D74: =D75+D82 -> 0 | E74: =E75+E82 -> 0 | F74: =G74+H74 -> 0 | G74: =G75+G82 -> 0 | H74: =H75+H82 -> 0 | I74: =J74+K74 -> 0 | J74: =J75+J82 -> 0 | K74: =K75+K82 -> 0 | L74: =M74+N74 -> 0 | M74: =M75+M82 -> 0 | N74: =N75+N82 -> 0 | O74: =P74+Q74 -> 0 | P74: =P75+P82 -> 0 | Q74: =Q75+Q82 -> 0 | R74: =S74+T74 -> 0 | S74: =S75+S82 -> 0 | T74: =T75+T82 -> 0 | V74: =IF((B74+C74+F74+L74+O74)<>0,"ok","-") -> -
A75: I. សរុបគម្រោងកំពុងដំណើរការ | B75: =B76+B79 -> 0 | C75: =D75+E75 -> 0 | D75: =D76+D79 -> 0 | E75: =E76+E79 -> 0 | F75: =G75+H75 -> 0 | G75: =G76+G79 -> 0 | H75: =H76+H79 -> 0 | I75: =J75+K75 -> 0 | J75: =J76+J79 -> 0 | K75: =K76+K79 -> 0 | L75: =M75+N75 -> 0 | M75: =M76+M79 -> 0 | N75: =N76+N79 -> 0 | O75: =P75+Q75 -> 0 | P75: =P76+P79 -> 0 | Q75: =Q76+Q79 -> 0 | R75: =S75+T75 -> 0 | S75: =S76+S79 -> 0 | T75: =T76+T79 -> 0 | V75: =IF((B75+C75+F75+L75+O75)<>0,"ok","-") -> -
A76: -គម្រោងវិនិយោគជាទុន | B76: =SUM(B77:B78) -> 0 | C76: =D76+E76 -> 0 | D76: =SUM(D77:D78) -> 0 | E76: =SUM(E77:E78) -> 0 | F76: =G76+H76 -> 0 | G76: =SUM(G77:G78) -> 0 | H76: =SUM(H77:H78) -> 0 | I76: =J76+K76 -> 0 | J76: =SUM(J77:J78) -> 0 | K76: =SUM(K77:K78) -> 0 | L76: =M76+N76 -> 0 | M76: =SUM(M77:M78) -> 0 | N76: =SUM(N77:N78) -> 0 | O76: =P76+Q76 -> 0 | P76: =SUM(P77:P78) -> 0 | Q76: =SUM(Q77:Q78) -> 0 | R76: =S76+T76 -> 0 | S76: =SUM(S77:S78) -> 0 | T76: =SUM(T77:T78) -> 0 | V76: =IF((B76+C76+F76+L76+O76)<>0,"ok","-") -> -
A77: ១.គម្រោង...... | C77: =D77+E77 -> 0 | F77: =G77+H77 -> 0 | I77: =J77+K77 -> 0 | L77: =M77+N77 -> 0 | O77: =P77+Q77 -> 0 | R77: =S77+T77 -> 0 | V77: =IF((B77+C77+F77+L77+O77)<>0,"ok","-") -> -
A78: ២.គម្រោង...... | C78: =D78+E78 -> 0 | F78: =G78+H78 -> 0 | I78: =J78+K78 -> 0 | L78: =M78+N78 -> 0 | O78: =P78+Q78 -> 0 | R78: =S78+T78 -> 0 | V78: =IF((B78+C78+F78+L78+O78)<>0,"ok","-") -> -
A79: -គម្រោងជំនួយបច្ចេកទេស | B79: =SUM(B80:B81) -> 0 | C79: =D79+E79 -> 0 | D79: =SUM(D80:D81) -> 0 | E79: =SUM(E80:E81) -> 0 | F79: =G79+H79 -> 0 | G79: =SUM(G80:G81) -> 0 | H79: =SUM(H80:H81) -> 0 | I79: =J79+K79 -> 0 | J79: =SUM(J80:J81) -> 0 | K79: =SUM(K80:K81) -> 0 | L79: =M79+N79 -> 0 | M79: =SUM(M80:M81) -> 0 | N79: =SUM(N80:N81) -> 0 | O79: =P79+Q79 -> 0 | P79: =SUM(P80:P81) -> 0 | Q79: =SUM(Q80:Q81) -> 0 | R79: =S79+T79 -> 0 | S79: =SUM(S80:S81) -> 0 | T79: =SUM(T80:T81) -> 0 | V79: =IF((B79+C79+F79+L79+O79)<>0,"ok","-") -> -
A80: ៣.គម្រោង...... | C80: =D80+E80 -> 0 | F80: =G80+H80 -> 0 | I80: =J80+K80 -> 0 | L80: =M80+N80 -> 0 | O80: =P80+Q80 -> 0 | R80: =S80+T80 -> 0 | V80: =IF((B80+C80+F80+L80+O80)<>0,"ok","-") -> -
A81: ៤.គម្រោង...... | C81: =D81+E81 -> 0 | F81: =G81+H81 -> 0 | I81: =J81+K81 -> 0 | L81: =M81+N81 -> 0 | O81: =P81+Q81 -> 0 | R81: =S81+T81 -> 0 | V81: =IF((B81+C81+F81+L81+O81)<>0,"ok","-") -> -
A82: II. សរុបគម្រោងស្នើសុំថ្មី (ដើម្បីអនុវត្ត ផ.យ.អ.ជ) | B82: =B83+B86 -> 0 | C82: =D82+E82 -> 0 | D82: =D83+D86 -> 0 | E82: =E83+E86 -> 0 | F82: =G82+H82 -> 0 | G82: =G83+G86 -> 0 | H82: =H83+H86 -> 0 | I82: =J82+K82 -> 0 | J82: =J83+J86 -> 0 | K82: =K83+K86 -> 0 | L82: =M82+N82 -> 0 | M82: =M83+M86 -> 0 | N82: =N83+N86 -> 0 | O82: =P82+Q82 -> 0 | P82: =P83+P86 -> 0 | Q82: =Q83+Q86 -> 0 | R82: =S82+T82 -> 0 | S82: =S83+S86 -> 0 | T82: =T83+T86 -> 0 | V82: =IF((B82+C82+F82+L82+O82)<>0,"ok","-") -> -
A83: -គម្រោងវិនិយោគជាទុន | B83: =SUM(B84:B85) -> 0 | C83: =D83+E83 -> 0 | D83: =SUM(D84:D85) -> 0 | E83: =SUM(E84:E85) -> 0 | F83: =G83+H83 -> 0 | G83: =SUM(G84:G85) -> 0 | H83: =SUM(H84:H85) -> 0 | I83: =J83+K83 -> 0 | J83: =SUM(J84:J85) -> 0 | K83: =SUM(K84:K85) -> 0 | L83: =M83+N83 -> 0 | M83: =SUM(M84:M85) -> 0 | N83: =SUM(N84:N85) -> 0 | O83: =P83+Q83 -> 0 | P83: =SUM(P84:P85) -> 0 | Q83: =SUM(Q84:Q85) -> 0 | R83: =S83+T83 -> 0 | S83: =SUM(S84:S85) -> 0 | T83: =SUM(T84:T85) -> 0 | V83: =IF((B83+C83+F83+L83+O83)<>0,"ok","-") -> -
A84: ១.គម្រោង...... | C84: =D84+E84 -> 0 | F84: =G84+H84 -> 0 | I84: =J84+K84 -> 0 | L84: =M84+N84 -> 0 | O84: =P84+Q84 -> 0 | R84: =S84+T84 -> 0 | V84: =IF((B84+C84+F84+L84+O84)<>0,"ok","-") -> -
A85: ២.គម្រោង...... | C85: =D85+E85 -> 0 | F85: =G85+H85 -> 0 | I85: =J85+K85 -> 0 | L85: =M85+N85 -> 0 | O85: =P85+Q85 -> 0 | R85: =S85+T85 -> 0 | V85: =IF((B85+C85+F85+L85+O85)<>0,"ok","-") -> -
A86: -គម្រោងជំនួយបច្ចេកទេស | B86: =SUM(B87:B88) -> 0 | C86: =D86+E86 -> 0 | D86: =SUM(D87:D88) -> 0 | E86: =SUM(E87:E88) -> 0 | F86: =G86+H86 -> 0 | G86: =SUM(G87:G88) -> 0 | H86: =SUM(H87:H88) -> 0 | I86: =J86+K86 -> 0 | J86: =SUM(J87:J88) -> 0 | K86: =SUM(K87:K88) -> 0 | L86: =M86+N86 -> 0 | M86: =SUM(M87:M88) -> 0 | N86: =SUM(N87:N88) -> 0 | O86: =P86+Q86 -> 0 | P86: =SUM(P87:P88) -> 0 | Q86: =SUM(Q87:Q88) -> 0 | R86: =S86+T86 -> 0 | S86: =SUM(S87:S88) -> 0 | T86: =SUM(T87:T88) -> 0 | V86: =IF((B86+C86+F86+L86+O86)<>0,"ok","-") -> -
A87: ៣.គម្រោង...... | C87: =D87+E87 -> 0 | F87: =G87+H87 -> 0 | I87: =J87+K87 -> 0 | L87: =M87+N87 -> 0 | O87: =P87+Q87 -> 0 | R87: =S87+T87 -> 0 | V87: =IF((B87+C87+F87+L87+O87)<>0,"ok","-") -> -
A88: ៤.គម្រោង...... | C88: =D88+E88 -> 0 | F88: =G88+H88 -> 0 | I88: =J88+K88 -> 0 | L88: =M88+N88 -> 0 | O88: =P88+Q88 -> 0 | R88: =S88+T88 -> 0 | V88: =IF((B88+C88+F88+L88+O88)<>0,"ok","-") -> -
A89: អនុកម្មវិធីទី២.៣ (គណៈកម្មការមូលបត្រកម្ពុជា) | B89: =B90+B97 -> 0 | C89: =D89+E89 -> 0 | D89: =D90+D97 -> 0 | E89: =E90+E97 -> 0 | F89: =G89+H89 -> 0 | G89: =G90+G97 -> 0 | H89: =H90+H97 -> 0 | I89: =J89+K89 -> 0 | J89: =J90+J97 -> 0 | K89: =K90+K97 -> 0 | L89: =M89+N89 -> 0 | M89: =M90+M97 -> 0 | N89: =N90+N97 -> 0 | O89: =P89+Q89 -> 0 | P89: =P90+P97 -> 0 | Q89: =Q90+Q97 -> 0 | R89: =S89+T89 -> 0 | S89: =S90+S97 -> 0 | T89: =T90+T97 -> 0 | V89: =IF((B89+C89+F89+L89+O89)<>0,"ok","-") -> -
A90: I. សរុបគម្រោងកំពុងដំណើរការ | B90: =B91+B94 -> 0 | C90: =D90+E90 -> 0 | D90: =D91+D94 -> 0 | E90: =E91+E94 -> 0 | F90: =G90+H90 -> 0 | G90: =G91+G94 -> 0 | H90: =H91+H94 -> 0 | I90: =J90+K90 -> 0 | J90: =J91+J94 -> 0 | K90: =K91+K94 -> 0 | L90: =M90+N90 -> 0 | M90: =M91+M94 -> 0 | N90: =N91+N94 -> 0 | O90: =P90+Q90 -> 0 | P90: =P91+P94 -> 0 | Q90: =Q91+Q94 -> 0 | R90: =S90+T90 -> 0 | S90: =S91+S94 -> 0 | T90: =T91+T94 -> 0 | V90: =IF((B90+C90+F90+L90+O90)<>0,"ok","-") -> -
A91: -គម្រោងវិនិយោគជាទុន | B91: =SUM(B92:B93) -> 0 | C91: =D91+E91 -> 0 | D91: =SUM(D92:D93) -> 0 | E91: =SUM(E92:E93) -> 0 | F91: =G91+H91 -> 0 | G91: =SUM(G92:G93) -> 0 | H91: =SUM(H92:H93) -> 0 | I91: =J91+K91 -> 0 | J91: =SUM(J92:J93) -> 0 | K91: =SUM(K92:K93) -> 0 | L91: =M91+N91 -> 0 | M91: =SUM(M92:M93) -> 0 | N91: =SUM(N92:N93) -> 0 | O91: =P91+Q91 -> 0 | P91: =SUM(P92:P93) -> 0 | Q91: =SUM(Q92:Q93) -> 0 | R91: =S91+T91 -> 0 | S91: =SUM(S92:S93) -> 0 | T91: =SUM(T92:T93) -> 0 | V91: =IF((B91+C91+F91+L91+O91)<>0,"ok","-") -> -
A92: ១.គម្រោង...... | C92: =D92+E92 -> 0 | F92: =G92+H92 -> 0 | I92: =J92+K92 -> 0 | L92: =M92+N92 -> 0 | O92: =P92+Q92 -> 0 | R92: =S92+T92 -> 0 | V92: =IF((B92+C92+F92+L92+O92)<>0,"ok","-") -> -
A93: ២.គម្រោង...... | C93: =D93+E93 -> 0 | F93: =G93+H93 -> 0 | I93: =J93+K93 -> 0 | L93: =M93+N93 -> 0 | O93: =P93+Q93 -> 0 | R93: =S93+T93 -> 0 | V93: =IF((B93+C93+F93+L93+O93)<>0,"ok","-") -> -
A94: -គម្រោងជំនួយបច្ចេកទេស | B94: =SUM(B95:B96) -> 0 | C94: =D94+E94 -> 0 | D94: =SUM(D95:D96) -> 0 | E94: =SUM(E95:E96) -> 0 | F94: =G94+H94 -> 0 | G94: =SUM(G95:G96) -> 0 | H94: =SUM(H95:H96) -> 0 | I94: =J94+K94 -> 0 | J94: =SUM(J95:J96) -> 0 | K94: =SUM(K95:K96) -> 0 | L94: =M94+N94 -> 0 | M94: =SUM(M95:M96) -> 0 | N94: =SUM(N95:N96) -> 0 | O94: =P94+Q94 -> 0 | P94: =SUM(P95:P96) -> 0 | Q94: =SUM(Q95:Q96) -> 0 | R94: =S94+T94 -> 0 | S94: =SUM(S95:S96) -> 0 | T94: =SUM(T95:T96) -> 0 | V94: =IF((B94+C94+F94+L94+O94)<>0,"ok","-") -> -
A95: ៣.គម្រោង...... | C95: =D95+E95 -> 0 | F95: =G95+H95 -> 0 | I95: =J95+K95 -> 0 | L95: =M95+N95 -> 0 | O95: =P95+Q95 -> 0 | R95: =S95+T95 -> 0 | V95: =IF((B95+C95+F95+L95+O95)<>0,"ok","-") -> -
A96: ៤.គម្រោង...... | C96: =D96+E96 -> 0 | F96: =G96+H96 -> 0 | I96: =J96+K96 -> 0 | L96: =M96+N96 -> 0 | O96: =P96+Q96 -> 0 | R96: =S96+T96 -> 0 | V96: =IF((B96+C96+F96+L96+O96)<>0,"ok","-") -> -
A97: II. សរុបគម្រោងស្នើសុំថ្មី (ដើម្បីអនុវត្ត ផ.យ.អ.ជ) | B97: =B98+B101 -> 0 | C97: =D97+E97 -> 0 | D97: =D98+D101 -> 0 | E97: =E98+E101 -> 0 | F97: =G97+H97 -> 0 | G97: =G98+G101 -> 0 | H97: =H98+H101 -> 0 | I97: =J97+K97 -> 0 | J97: =J98+J101 -> 0 | K97: =K98+K101 -> 0 | L97: =M97+N97 -> 0 | M97: =M98+M101 -> 0 | N97: =N98+N101 -> 0 | O97: =P97+Q97 -> 0 | P97: =P98+P101 -> 0 | Q97: =Q98+Q101 -> 0 | R97: =S97+T97 -> 0 | S97: =S98+S101 -> 0 | T97: =T98+T101 -> 0 | V97: =IF((B97+C97+F97+L97+O97)<>0,"ok","-") -> -
A98: -គម្រោងវិនិយោគជាទុន | B98: =SUM(B99:B100) -> 0 | C98: =D98+E98 -> 0 | D98: =SUM(D99:D100) -> 0 | E98: =SUM(E99:E100) -> 0 | F98: =G98+H98 -> 0 | G98: =SUM(G99:G100) -> 0 | H98: =SUM(H99:H100) -> 0 | I98: =J98+K98 -> 0 | J98: =SUM(J99:J100) -> 0 | K98: =SUM(K99:K100) -> 0 | L98: =M98+N98 -> 0 | M98: =SUM(M99:M100) -> 0 | N98: =SUM(N99:N100) -> 0 | O98: =P98+Q98 -> 0 | P98: =SUM(P99:P100) -> 0 | Q98: =SUM(Q99:Q100) -> 0 | R98: =S98+T98 -> 0 | S98: =SUM(S99:S100) -> 0 | T98: =SUM(T99:T100) -> 0 | V98: =IF((B98+C98+F98+L98+O98)<>0,"ok","-") -> -
A99: ១.គម្រោង...... | C99: =D99+E99 -> 0 | F99: =G99+H99 -> 0 | I99: =J99+K99 -> 0 | L99: =M99+N99 -> 0 | O99: =P99+Q99 -> 0 | R99: =S99+T99 -> 0 | V99: =IF((B99+C99+F99+L99+O99)<>0,"ok","-") -> -
A100: ២.គម្រោង...... | C100: =D100+E100 -> 0 | F100: =G100+H100 -> 0 | I100: =J100+K100 -> 0 | L100: =M100+N100 -> 0 | O100: =P100+Q100 -> 0 | R100: =S100+T100 -> 0 | V100: =IF((B100+C100+F100+L100+O100)<>0,"ok","-") -> -
A101: -គម្រោងជំនួយបច្ចេកទេស | B101: =SUM(B102:B103) -> 0 | C101: =D101+E101 -> 0 | D101: =SUM(D102:D103) -> 0 | E101: =SUM(E102:E103) -> 0 | F101: =G101+H101 -> 0 | G101: =SUM(G102:G103) -> 0 | H101: =SUM(H102:H103) -> 0 | I101: =J101+K101 -> 0 | J101: =SUM(J102:J103) -> 0 | K101: =SUM(K102:K103) -> 0 | L101: =M101+N101 -> 0 | M101: =SUM(M102:M103) -> 0 | N101: =SUM(N102:N103) -> 0 | O101: =P101+Q101 -> 0 | P101: =SUM(P102:P103) -> 0 | Q101: =SUM(Q102:Q103) -> 0 | R101: =S101+T101 -> 0 | S101: =SUM(S102:S103) -> 0 | T101: =SUM(T102:T103) -> 0 | V101: =IF((B101+C101+F101+L101+O101)<>0,"ok","-") -> -
A102: ៣.គម្រោង...... | C102: =D102+E102 -> 0 | F102: =G102+H102 -> 0 | I102: =J102+K102 -> 0 | L102: =M102+N102 -> 0 | O102: =P102+Q102 -> 0 | R102: =S102+T102 -> 0 | V102: =IF((B102+C102+F102+L102+O102)<>0,"ok","-") -> -
A103: ៤.គម្រោង...... | C103: =D103+E103 -> 0 | F103: =G103+H103 -> 0 | I103: =J103+K103 -> 0 | L103: =M103+N103 -> 0 | O103: =P103+Q103 -> 0 | R103: =S103+T103 -> 0 | V103: =IF((B103+C103+F103+L103+O103)<>0,"ok","-") -> -
A104: គោលបំណងគោលនយោបាយទី២ | B104: =B105 -> 9000 | C104: =D104+E104 -> 20414.8 | D104: =D105+D151+D233 -> 1184.8 | E104: =E105+E151+E233 -> 19230 | F104: =G104+H104 -> 14690.5 | G104: =G105+G151+G233 -> 5703.3 | H104: =H105+H151+H233 -> 8987.2 | I104: =J104+K104 -> 0 | J104: =J105+J151+J233 -> 0 | K104: =K105+K151+K233 -> 0 | L104: =M104+N104 -> 12000 | M104: =M105+M151+M233 -> 0 | N104: =N105+N151+N233 -> 12000 | O104: =P104+Q104 -> 4518.5 | P104: =P105+P151+P233 -> 4518.5 | Q104: =Q105+Q151+Q233 -> 0 | R104: =S104+T104 -> 0 | S104: =S105+S151+S233 -> 0 | T104: =T105+T151+T233 -> 0 | V104: =IF((B104+C104+F104+L104+O104)<>0,"ok","-") -> ok
...

Sheet PIP-Status 2017-18 
A4: សម្រង់ស្ថានភាព​គម្រោងវិនិយោគសាធារណៈ ឆ្នាំ២០១៧-២០១៨ នៃក្រសួងសេដ្ឋកិច្ចនិងហិរញ្ញវត្ថុ
U6: ឯកតា៖លានរៀល
A7: ឈ្មោះគម្រោង | B7: តម្លៃគម្រោង | C7: ឆ្នាំ២០១៧ | L7: ឆ្នាំ២០១៨ | R7: ឆ្នាំ២០១៩ | U7: ផ្សេងៗ
C8: គម្រោងស្នើសុំ | F8: គម្រោងអនុម័ត | I8: ចំណាយ​អនុវត្តជាក់ស្ដែង | L8: គម្រោងស្នើសុំ | O8: គម្រោងអនុម័ត | R8: គម្រោងស្នើសុំ
C9: សរុប | D9: ហិរ.ក្នុងប្រ/ទ | E9: ហិរ.ក្រៅប្រ/ទ | F9: សរុប | G9: ហិរ.ក្នុងប្រ/ទ | H9: ហិរ.ក្រៅប្រ/ទ | I9: សរុប | J9: ហិរ.ក្នុងប្រ/ទ | K9: ហិរ.ក្រៅប្រ/ទ | L9: សរុប | M9: ហិរ.ក្នុងប្រ/ទ | N9: ហិរ.ក្រៅប្រ/ទ | O9: សរុប | P9: ហិរ.ក្នុងប្រ/ទ | Q9: ហិរ.ក្រៅប្រ/ទ | R9: សរុប | S9: ហិរ.ក្នុងប្រ/ទ | T9: ហិរ.ក្រៅប្រ/ទ
A10: សរុបក្រសួងសេដ្ឋកិច្ចនិងហិរញ្ញវត្ថុ | B10: =B11 -> 0 | C10: =D10+E10 -> 20414.8 | D10: =D11+D104 -> 1184.8 | E10: =E11+E104 -> 19230 | F10: =G10+H10 -> 14690.5 | G10: =G11+G104 -> 5703.3 | H10: =H11+H104 -> 8987.2 | I10: =J10+K10 -> 0 | J10: =J11+J104 -> 0 | K10: =K11+K104 -> 0 | L10: =M10+N10 -> 55378.2 | M10: =M11+M104 -> 46878.2 | N10: =N11+N104 -> 8500 | O10: =P10+Q10 -> 0 | P10: =P11+P104 -> 0 | Q10: =Q11+Q104 -> 0 | R10: =S10+T10 -> 0 | S10: =S11+S104 -> 0 | T10: =T11+T104 -> 0 | V10: =IF((B10+C10+F10+L10+O10)<>0,"ok","-") -> ok
A11: គោលបំណងគោលនយោបាយទី១ | B11: =B12 -> 0 | C11: =D11+E11 -> 0 | D11: =D12+D58 -> 0 | E11: =E12+E58 -> 0 | F11: =G11+H11 -> 0 | G11: =G12+G58 -> 0 | H11: =H12+H58 -> 0 | I11: =J11+K11 -> 0 | J11: =J12+J58 -> 0 | K11: =K12+K58 -> 0 | L11: =M11+N11 -> 1500 | M11: =M12+M58 -> 1500 | N11: =N12+N58 -> 0 | O11: =P11+Q11 -> 0 | P11: =P12+P58 -> 0 | Q11: =Q12+Q58 -> 0 | R11: =S11+T11 -> 0 | S11: =S12+S58 -> 0 | T11: =T12+T58 -> 0 | V11: =IF((B11+C11+F11+L11+O11)<>0,"ok","-") -> ok
A12: កម្មវិធីទី១ | B12: =B13 -> 0 | C12: =D12+E12 -> 0 | D12: =D13+D28+D43 -> 0 | E12: =E13+E28+E43 -> 0 | F12: =G12+H12 -> 0 | G12: =G13+G28+G43 -> 0 | H12: =H13+H28+H43 -> 0 | I12: =J12+K12 -> 0 | J12: =J13+J28+J43 -> 0 | K12: =K13+K28+K43 -> 0 | L12: =M12+N12 -> 0 | M12: =M13+M28+M43 -> 0 | N12: =N13+N28+N43 -> 0 | O12: =P12+Q12 -> 0 | P12: =P13+P28+P43 -> 0 | Q12: =Q13+Q28+Q43 -> 0 | R12: =S12+T12 -> 0 | S12: =S13+S28+S43 -> 0 | T12: =T13+T28+T43 -> 0 | V12: =IF((B12+C12+F12+L12+O12)<>0,"ok","-") -> -
A13: អនុកម្មវិធីទី១.១ (អគ្គនាយកដ្ឋានគោលនយោបាយ) | B13: =B14+B21 -> 0 | C13: =D13+E13 -> 0 | D13: =D14+D21 -> 0 | E13: =E14+E21 -> 0 | F13: =G13+H13 -> 0 | G13: =G14+G21 -> 0 | H13: =H14+H21 -> 0 | I13: =J13+K13 -> 0 | J13: =J14+J21 -> 0 | K13: =K14+K21 -> 0 | L13: =M13+N13 -> 0 | M13: =M14+M21 -> 0 | N13: =N14+N21 -> 0 | O13: =P13+Q13 -> 0 | P13: =P14+P21 -> 0 | Q13: =Q14+Q21 -> 0 | R13: =S13+T13 -> 0 | S13: =S14+S21 -> 0 | T13: =T14+T21 -> 0 | V13: =IF((B13+C13+F13+L13+O13)<>0,"ok","-") -> -
A14: I. សរុបគម្រោងកំពុងដំណើរការ | B14: =B15+B18 -> 0 | C14: =D14+E14 -> 0 | D14: =D15+D18 -> 0 | E14: =E15+E18 -> 0 | F14: =G14+H14 -> 0 | G14: =G15+G18 -> 0 | H14: =H15+H18 -> 0 | I14: =J14+K14 -> 0 | J14: =J15+J18 -> 0 | K14: =K15+K18 -> 0 | L14: =M14+N14 -> 0 | M14: =M15+M18 -> 0 | N14: =N15+N18 -> 0 | O14: =P14+Q14 -> 0 | P14: =P15+P18 -> 0 | Q14: =Q15+Q18 -> 0 | R14: =S14+T14 -> 0 | S14: =S15+S18 -> 0 | T14: =T15+T18 -> 0 | V14: =IF((B14+C14+F14+L14+O14)<>0,"ok","-") -> -
A15: -គម្រោងវិនិយោគជាទុន | B15: =SUM(B16:B17) -> 0 | C15: =D15+E15 -> 0 | D15: =SUM(D16:D17) -> 0 | E15: =SUM(E16:E17) -> 0 | F15: =G15+H15 -> 0 | G15: =SUM(G16:G17) -> 0 | H15: =SUM(H16:H17) -> 0 | I15: =J15+K15 -> 0 | J15: =SUM(J16:J17) -> 0 | K15: =SUM(K16:K17) -> 0 | L15: =M15+N15 -> 0 | M15: =SUM(M16:M17) -> 0 | N15: =SUM(N16:N17) -> 0 | O15: =P15+Q15 -> 0 | P15: =SUM(P16:P17) -> 0 | Q15: =SUM(Q16:Q17) -> 0 | R15: =S15+T15 -> 0 | S15: =SUM(S16:S17) -> 0 | T15: =SUM(T16:T17) -> 0 | V15: =IF((B15+C15+F15+L15+O15)<>0,"ok","-") -> -
A16: ១.គម្រោង...... | C16: =D16+E16 -> 0 | F16: =G16+H16 -> 0 | I16: =J16+K16 -> 0 | L16: =M16+N16 -> 0 | O16: =P16+Q16 -> 0 | R16: =S16+T16 -> 0 | V16: =IF((B16+C16+F16+L16+O16)<>0,"ok","-") -> -
A17: ២.គម្រោង...... | C17: =D17+E17 -> 0 | F17: =G17+H17 -> 0 | I17: =J17+K17 -> 0 | L17: =M17+N17 -> 0 | O17: =P17+Q17 -> 0 | R17: =S17+T17 -> 0 | V17: =IF((B17+C17+F17+L17+O17)<>0,"ok","-") -> -
A18: -គម្រោងជំនួយបច្ចេកទេស | B18: =SUM(B19:B20) -> 0 | C18: =D18+E18 -> 0 | D18: =SUM(D19:D20) -> 0 | E18: =SUM(E19:E20) -> 0 | F18: =G18+H18 -> 0 | G18: =SUM(G19:G20) -> 0 | H18: =SUM(H19:H20) -> 0 | I18: =J18+K18 -> 0 | J18: =SUM(J19:J20) -> 0 | K18: =SUM(K19:K20) -> 0 | L18: =M18+N18 -> 0 | M18: =SUM(M19:M20) -> 0 | N18: =SUM(N19:N20) -> 0 | O18: =P18+Q18 -> 0 | P18: =SUM(P19:P20) -> 0 | Q18: =SUM(Q19:Q20) -> 0 | R18: =S18+T18 -> 0 | S18: =SUM(S19:S20) -> 0 | T18: =SUM(T19:T20) -> 0 | V18: =IF((B18+C18+F18+L18+O18)<>0,"ok","-") -> -
A19: ៣.គម្រោង...... | C19: =D19+E19 -> 0 | F19: =G19+H19 -> 0 | I19: =J19+K19 -> 0 | L19: =M19+N19 -> 0 | O19: =P19+Q19 -> 0 | R19: =S19+T19 -> 0 | V19: =IF((B19+C19+F19+L19+O19)<>0,"ok","-") -> -
A20: ៤.គម្រោង...... | C20: =D20+E20 -> 0 | F20: =G20+H20 -> 0 | I20: =J20+K20 -> 0 | L20: =M20+N20 -> 0 | O20: =P20+Q20 -> 0 | R20: =S20+T20 -> 0 | V20: =IF((B20+C20+F20+L20+O20)<>0,"ok","-") -> -
A21: II. សរុបគម្រោងស្នើសុំថ្មី (ដើម្បីអនុវត្ត ផ.យ.អ.ជ) | B21: =B22+B25 -> 0 | C21: =D21+E21 -> 0 | D21: =D22+D25 -> 0 | E21: =E22+E25 -> 0 | F21: =G21+H21 -> 0 | G21: =G22+G25 -> 0 | H21: =H22+H25 -> 0 | I21: =J21+K21 -> 0 | J21: =J22+J25 -> 0 | K21: =K22+K25 -> 0 | L21: =M21+N21 -> 0 | M21: =M22+M25 -> 0 | N21: =N22+N25 -> 0 | O21: =P21+Q21 -> 0 | P21: =P22+P25 -> 0 | Q21: =Q22+Q25 -> 0 | R21: =S21+T21 -> 0 | S21: =S22+S25 -> 0 | T21: =T22+T25 -> 0 | V21: =IF((B21+C21+F21+L21+O21)<>0,"ok","-") -> -
A22: -គម្រោងវិនិយោគជាទុន | B22: =SUM(B23:B24) -> 0 | C22: =D22+E22 -> 0 | D22: =SUM(D23:D24) -> 0 | E22: =SUM(E23:E24) -> 0 | F22: =G22+H22 -> 0 | G22: =SUM(G23:G24) -> 0 | H22: =SUM(H23:H24) -> 0 | I22: =J22+K22 -> 0 | J22: =SUM(J23:J24) -> 0 | K22: =SUM(K23:K24) -> 0 | L22: =M22+N22 -> 0 | M22: =SUM(M23:M24) -> 0 | N22: =SUM(N23:N24) -> 0 | O22: =P22+Q22 -> 0 | P22: =SUM(P23:P24) -> 0 | Q22: =SUM(Q23:Q24) -> 0 | R22: =S22+T22 -> 0 | S22: =SUM(S23:S24) -> 0 | T22: =SUM(T23:T24) -> 0 | V22: =IF((B22+C22+F22+L22+O22)<>0,"ok","-") -> -
A23: ១.គម្រោង...... | C23: =D23+E23 -> 0 | F23: =G23+H23 -> 0 | I23: =J23+K23 -> 0 | L23: =M23+N23 -> 0 | O23: =P23+Q23 -> 0 | R23: =S23+T23 -> 0 | V23: =IF((B23+C23+F23+L23+O23)<>0,"ok","-") -> -
A24: ២.គម្រោង...... | C24: =D24+E24 -> 0 | F24: =G24+H24 -> 0 | I24: =J24+K24 -> 0 | L24: =M24+N24 -> 0 | O24: =P24+Q24 -> 0 | R24: =S24+T24 -> 0 | V24: =IF((B24+C24+F24+L24+O24)<>0,"ok","-") -> -
A25: -គម្រោងជំនួយបច្ចេកទេស | B25: =SUM(B26:B27) -> 0 | C25: =D25+E25 -> 0 | D25: =SUM(D26:D27) -> 0 | E25: =SUM(E26:E27) -> 0 | F25: =G25+H25 -> 0 | G25: =SUM(G26:G27) -> 0 | H25: =SUM(H26:H27) -> 0 | I25: =J25+K25 -> 0 | J25: =SUM(J26:J27) -> 0 | K25: =SUM(K26:K27) -> 0 | L25: =M25+N25 -> 0 | M25: =SUM(M26:M27) -> 0 | N25: =SUM(N26:N27) -> 0 | O25: =P25+Q25 -> 0 | P25: =SUM(P26:P27) -> 0 | Q25: =SUM(Q26:Q27) -> 0 | R25: =S25+T25 -> 0 | S25: =SUM(S26:S27) -> 0 | T25: =SUM(T26:T27) -> 0 | V25: =IF((B25+C25+F25+L25+O25)<>0,"ok","-") -> -
A26: ៣.គម្រោង...... | C26: =D26+E26 -> 0 | F26: =G26+H26 -> 0 | I26: =J26+K26 -> 0 | L26: =M26+N26 -> 0 | O26: =P26+Q26 -> 0 | R26: =S26+T26 -> 0 | V26: =IF((B26+C26+F26+L26+O26)<>0,"ok","-") -> -
A27: ៤.គម្រោង...... | C27: =D27+E27 -> 0 | F27: =G27+H27 -> 0 | I27: =J27+K27 -> 0 | L27: =M27+N27 -> 0 | O27: =P27+Q27 -> 0 | R27: =S27+T27 -> 0 | V27: =IF((B27+C27+F27+L27+O27)<>0,"ok","-") -> -
A28: អនុកម្មវិធីទី១.២ (ឧត្តមក្រុមប្រឹក្សាសេដ្ឋកិច្ចជាតិ) | B28: =B29+B36 -> 0 | C28: =D28+E28 -> 0 | D28: =D29+D36 -> 0 | E28: =E29+E36 -> 0 | F28: =G28+H28 -> 0 | G28: =G29+G36 -> 0 | H28: =H29+H36 -> 0 | I28: =J28+K28 -> 0 | J28: =J29+J36 -> 0 | K28: =K29+K36 -> 0 | L28: =M28+N28 -> 0 | M28: =M29+M36 -> 0 | N28: =N29+N36 -> 0 | O28: =P28+Q28 -> 0 | P28: =P29+P36 -> 0 | Q28: =Q29+Q36 -> 0 | R28: =S28+T28 -> 0 | S28: =S29+S36 -> 0 | T28: =T29+T36 -> 0 | V28: =IF((B28+C28+F28+L28+O28)<>0,"ok","-") -> -
A29: I. សរុបគម្រោងកំពុងដំណើរការ | B29: =B30+B33 -> 0 | C29: =D29+E29 -> 0 | D29: =D30+D33 -> 0 | E29: =E30+E33 -> 0 | F29: =G29+H29 -> 0 | G29: =G30+G33 -> 0 | H29: =H30+H33 -> 0 | I29: =J29+K29 -> 0 | J29: =J30+J33 -> 0 | K29: =K30+K33 -> 0 | L29: =M29+N29 -> 0 | M29: =M30+M33 -> 0 | N29: =N30+N33 -> 0 | O29: =P29+Q29 -> 0 | P29: =P30+P33 -> 0 | Q29: =Q30+Q33 -> 0 | R29: =S29+T29 -> 0 | S29: =S30+S33 -> 0 | T29: =T30+T33 -> 0 | V29: =IF((B29+C29+F29+L29+O29)<>0,"ok","-") -> -
A30: -គម្រោងវិនិយោគជាទុន | B30: =SUM(B31:B32) -> 0 | C30: =D30+E30 -> 0 | D30: =SUM(D31:D32) -> 0 | E30: =SUM(E31:E32) -> 0 | F30: =G30+H30 -> 0 | G30: =SUM(G31:G32) -> 0 | H30: =SUM(H31:H32) -> 0 | I30: =J30+K30 -> 0 | J30: =SUM(J31:J32) -> 0 | K30: =SUM(K31:K32) -> 0 | L30: =M30+N30 -> 0 | M30: =SUM(M31:M32) -> 0 | N30: =SUM(N31:N32) -> 0 | O30: =P30+Q30 -> 0 | P30: =SUM(P31:P32) -> 0 | Q30: =SUM(Q31:Q32) -> 0 | R30: =S30+T30 -> 0 | S30: =SUM(S31:S32) -> 0 | T30: =SUM(T31:T32) -> 0 | V30: =IF((B30+C30+F30+L30+O30)<>0,"ok","-") -> -
A31: ១.គម្រោង...... | C31: =D31+E31 -> 0 | F31: =G31+H31 -> 0 | I31: =J31+K31 -> 0 | L31: =M31+N31 -> 0 | O31: =P31+Q31 -> 0 | R31: =S31+T31 -> 0 | V31: =IF((B31+C31+F31+L31+O31)<>0,"ok","-") -> -
A32: ២.គម្រោង...... | C32: =D32+E32 -> 0 | F32: =G32+H32 -> 0 | I32: =J32+K32 -> 0 | L32: =M32+N32 -> 0 | O32: =P32+Q32 -> 0 | R32: =S32+T32 -> 0 | V32: =IF((B32+C32+F32+L32+O32)<>0,"ok","-") -> -
A33: -គម្រោងជំនួយបច្ចេកទេស | B33: =SUM(B34:B35) -> 0 | C33: =D33+E33 -> 0 | D33: =SUM(D34:D35) -> 0 | E33: =SUM(E34:E35) -> 0 | F33: =G33+H33 -> 0 | G33: =SUM(G34:G35) -> 0 | H33: =SUM(H34:H35) -> 0 | I33: =J33+K33 -> 0 | J33: =SUM(J34:J35) -> 0 | K33: =SUM(K34:K35) -> 0 | L33: =M33+N33 -> 0 | M33: =SUM(M34:M35) -> 0 | N33: =SUM(N34:N35) -> 0 | O33: =P33+Q33 -> 0 | P33: =SUM(P34:P35) -> 0 | Q33: =SUM(Q34:Q35) -> 0 | R33: =S33+T33 -> 0 | S33: =SUM(S34:S35) -> 0 | T33: =SUM(T34:T35) -> 0 | V33: =IF((B33+C33+F33+L33+O33)<>0,"ok","-") -> -
A34: ៣.គម្រោង...... | C34: =D34+E34 -> 0 | F34: =G34+H34 -> 0 | I34: =J34+K34 -> 0 | L34: =M34+N34 -> 0 | O34: =P34+Q34 -> 0 | R34: =S34+T34 -> 0 | V34: =IF((B34+C34+F34+L34+O34)<>0,"ok","-") -> -
A35: ៤.គម្រោង...... | C35: =D35+E35 -> 0 | F35: =G35+H35 -> 0 | I35: =J35+K35 -> 0 | L35: =M35+N35 -> 0 | O35: =P35+Q35 -> 0 | R35: =S35+T35 -> 0 | V35: =IF((B35+C35+F35+L35+O35)<>0,"ok","-") -> -
A36: II. សរុបគម្រោងស្នើសុំថ្មី (ដើម្បីអនុវត្ត ផ.យ.អ.ជ) | B36: =B37+B40 -> 0 | C36: =D36+E36 -> 0 | D36: =D37+D40 -> 0 | E36: =E37+E40 -> 0 | F36: =G36+H36 -> 0 | G36: =G37+G40 -> 0 | H36: =H37+H40 -> 0 | I36: =J36+K36 -> 0 | J36: =J37+J40 -> 0 | K36: =K37+K40 -> 0 | L36: =M36+N36 -> 0 | M36: =M37+M40 -> 0 | N36: =N37+N40 -> 0 | O36: =P36+Q36 -> 0 | P36: =P37+P40 -> 0 | Q36: =Q37+Q40 -> 0 | R36: =S36+T36 -> 0 | S36: =S37+S40 -> 0 | T36: =T37+T40 -> 0 | V36: =IF((B36+C36+F36+L36+O36)<>0,"ok","-") -> -
A37: -គម្រោងវិនិយោគជាទុន | B37: =SUM(B38:B39) -> 0 | C37: =D37+E37 -> 0 | D37: =SUM(D38:D39) -> 0 | E37: =SUM(E38:E39) -> 0 | F37: =G37+H37 -> 0 | G37: =SUM(G38:G39) -> 0 | H37: =SUM(H38:H39) -> 0 | I37: =J37+K37 -> 0 | J37: =SUM(J38:J39) -> 0 | K37: =SUM(K38:K39) -> 0 | L37: =M37+N37 -> 0 | M37: =SUM(M38:M39) -> 0 | N37: =SUM(N38:N39) -> 0 | O37: =P37+Q37 -> 0 | P37: =SUM(P38:P39) -> 0 | Q37: =SUM(Q38:Q39) -> 0 | R37: =S37+T37 -> 0 | S37: =SUM(S38:S39) -> 0 | T37: =SUM(T38:T39) -> 0 | V37: =IF((B37+C37+F37+L37+O37)<>0,"ok","-") -> -
A38: ១.គម្រោង...... | C38: =D38+E38 -> 0 | F38: =G38+H38 -> 0 | I38: =J38+K38 -> 0 | L38: =M38+N38 -> 0 | O38: =P38+Q38 -> 0 | R38: =S38+T38 -> 0 | V38: =IF((B38+C38+F38+L38+O38)<>0,"ok","-") -> -
A39: ២.គម្រោង...... | C39: =D39+E39 -> 0 | F39: =G39+H39 -> 0 | I39: =J39+K39 -> 0 | L39: =M39+N39 -> 0 | O39: =P39+Q39 -> 0 | R39: =S39+T39 -> 0 | V39: =IF((B39+C39+F39+L39+O39)<>0,"ok","-") -> -
A40: -គម្រោងជំនួយបច្ចេកទេស | B40: =SUM(B41:B42) -> 0 | C40: =D40+E40 -> 0 | D40: =SUM(D41:D42) -> 0 | E40: =SUM(E41:E42) -> 0 | F40: =G40+H40 -> 0 | G40: =SUM(G41:G42) -> 0 | H40: =SUM(H41:H42) -> 0 | I40: =J40+K40 -> 0 | J40: =SUM(J41:J42) -> 0 | K40: =SUM(K41:K42) -> 0 | L40: =M40+N40 -> 0 | M40: =SUM(M41:M42) -> 0 | N40: =SUM(N41:N42) -> 0 | O40: =P40+Q40 -> 0 | P40: =SUM(P41:P42) -> 0 | Q40: =SUM(Q41:Q42) -> 0 | R40: =S40+T40 -> 0 | S40: =SUM(S41:S42) -> 0 | T40: =SUM(T41:T42) -> 0 | V40: =IF((B40+C40+F40+L40+O40)<>0,"ok","-") -> -
A41: ៣.គម្រោង...... | C41: =D41+E41 -> 0 | F41: =G41+H41 -> 0 | I41: =J41+K41 -> 0 | L41: =M41+N41 -> 0 | O41: =P41+Q41 -> 0 | R41: =S41+T41 -> 0 | V41: =IF((B41+C41+F41+L41+O41)<>0,"ok","-") -> -
A42: ៤.គម្រោង...... | C42: =D42+E42 -> 0 | F42: =G42+H42 -> 0 | I42: =J42+K42 -> 0 | L42: =M42+N42 -> 0 | O42: =P42+Q42 -> 0 | R42: =S42+T42 -> 0 | V42: =IF((B42+C42+F42+L42+O42)<>0,"ok","-") -> -
A43: អនុកម្មវិធីទី១.៣ (លេខាធិការដ្ឋាន គ.ផ.ក) | B43: =B44+B51 -> 0 | C43: =D43+E43 -> 0 | D43: =D44+D51 -> 0 | E43: =E44+E51 -> 0 | F43: =G43+H43 -> 0 | G43: =G44+G51 -> 0 | H43: =H44+H51 -> 0 | I43: =J43+K43 -> 0 | J43: =J44+J51 -> 0 | K43: =K44+K51 -> 0 | L43: =M43+N43 -> 0 | M43: =M44+M51 -> 0 | N43: =N44+N51 -> 0 | O43: =P43+Q43 -> 0 | P43: =P44+P51 -> 0 | Q43: =Q44+Q51 -> 0 | R43: =S43+T43 -> 0 | S43: =S44+S51 -> 0 | T43: =T44+T51 -> 0 | V43: =IF((B43+C43+F43+L43+O43)<>0,"ok","-") -> -
A44: I. សរុបគម្រោងកំពុងដំណើរការ | B44: =B45+B48 -> 0 | C44: =D44+E44 -> 0 | D44: =D45+D48 -> 0 | E44: =E45+E48 -> 0 | F44: =G44+H44 -> 0 | G44: =G45+G48 -> 0 | H44: =H45+H48 -> 0 | I44: =J44+K44 -> 0 | J44: =J45+J48 -> 0 | K44: =K45+K48 -> 0 | L44: =M44+N44 -> 0 | M44: =M45+M48 -> 0 | N44: =N45+N48 -> 0 | O44: =P44+Q44 -> 0 | P44: =P45+P48 -> 0 | Q44: =Q45+Q48 -> 0 | R44: =S44+T44 -> 0 | S44: =S45+S48 -> 0 | T44: =T45+T48 -> 0 | V44: =IF((B44+C44+F44+L44+O44)<>0,"ok","-") -> -
A45: -គម្រោងវិនិយោគជាទុន | B45: =SUM(B46:B47) -> 0 | C45: =D45+E45 -> 0 | D45: =SUM(D46:D47) -> 0 | E45: =SUM(E46:E47) -> 0 | F45: =G45+H45 -> 0 | G45: =SUM(G46:G47) -> 0 | H45: =SUM(H46:H47) -> 0 | I45: =J45+K45 -> 0 | J45: =SUM(J46:J47) -> 0 | K45: =SUM(K46:K47) -> 0 | L45: =M45+N45 -> 0 | M45: =SUM(M46:M47) -> 0 | N45: =SUM(N46:N47) -> 0 | O45: =P45+Q45 -> 0 | P45: =SUM(P46:P47) -> 0 | Q45: =SUM(Q46:Q47) -> 0 | R45: =S45+T45 -> 0 | S45: =SUM(S46:S47) -> 0 | T45: =SUM(T46:T47) -> 0 | V45: =IF((B45+C45+F45+L45+O45)<>0,"ok","-") -> -
A46: ១.គម្រោង...... | C46: =D46+E46 -> 0 | F46: =G46+H46 -> 0 | I46: =J46+K46 -> 0 | L46: =M46+N46 -> 0 | O46: =P46+Q46 -> 0 | R46: =S46+T46 -> 0 | V46: =IF((B46+C46+F46+L46+O46)<>0,"ok","-") -> -
A47: ២.គម្រោង...... | C47: =D47+E47 -> 0 | F47: =G47+H47 -> 0 | I47: =J47+K47 -> 0 | L47: =M47+N47 -> 0 | O47: =P47+Q47 -> 0 | R47: =S47+T47 -> 0 | V47: =IF((B47+C47+F47+L47+O47)<>0,"ok","-") -> -
A48: -គម្រោងជំនួយបច្ចេកទេស | B48: =SUM(B49:B50) -> 0 | C48: =D48+E48 -> 0 | D48: =SUM(D49:D50) -> 0 | E48: =SUM(E49:E50) -> 0 | F48: =G48+H48 -> 0 | G48: =SUM(G49:G50) -> 0 | H48: =SUM(H49:H50) -> 0 | I48: =J48+K48 -> 0 | J48: =SUM(J49:J50) -> 0 | K48: =SUM(K49:K50) -> 0 | L48: =M48+N48 -> 0 | M48: =SUM(M49:M50) -> 0 | N48: =SUM(N49:N50) -> 0 | O48: =P48+Q48 -> 0 | P48: =SUM(P49:P50) -> 0 | Q48: =SUM(Q49:Q50) -> 0 | R48: =S48+T48 -> 0 | S48: =SUM(S49:S50) -> 0 | T48: =SUM(T49:T50) -> 0 | V48: =IF((B48+C48+F48+L48+O48)<>0,"ok","-") -> -
A49: ៣.គម្រោង...... | C49: =D49+E49 -> 0 | F49: =G49+H49 -> 0 | I49: =J49+K49 -> 0 | L49: =M49+N49 -> 0 | O49: =P49+Q49 -> 0 | R49: =S49+T49 -> 0 | V49: =IF((B49+C49+F49+L49+O49)<>0,"ok","-") -> -
A50: ៤.គម្រោង...... | C50: =D50+E50 -> 0 | F50: =G50+H50 -> 0 | I50: =J50+K50 -> 0 | L50: =M50+N50 -> 0 | O50: =P50+Q50 -> 0 | R50: =S50+T50 -> 0 | V50: =IF((B50+C50+F50+L50+O50)<>0,"ok","-") -> -
A51: II. សរុបគម្រោងស្នើសុំថ្មី (ដើម្បីអនុវត្ត ផ.យ.អ.ជ) | B51: =B52+B55 -> 0 | C51: =D51+E51 -> 0 | D51: =D52+D55 -> 0 | E51: =E52+E55 -> 0 | F51: =G51+H51 -> 0 | G51: =G52+G55 -> 0 | H51: =H52+H55 -> 0 | I51: =J51+K51 -> 0 | J51: =J52+J55 -> 0 | K51: =K52+K55 -> 0 | L51: =M51+N51 -> 0 | M51: =M52+M55 -> 0 | N51: =N52+N55 -> 0 | O51: =P51+Q51 -> 0 | P51: =P52+P55 -> 0 | Q51: =Q52+Q55 -> 0 | R51: =S51+T51 -> 0 | S51: =S52+S55 -> 0 | T51: =T52+T55 -> 0 | V51: =IF((B51+C51+F51+L51+O51)<>0,"ok","-") -> -
A52: -គម្រោងវិនិយោគជាទុន | B52: =SUM(B53:B54) -> 0 | C52: =D52+E52 -> 0 | D52: =SUM(D53:D54) -> 0 | E52: =SUM(E53:E54) -> 0 | F52: =G52+H52 -> 0 | G52: =SUM(G53:G54) -> 0 | H52: =SUM(H53:H54) -> 0 | I52: =J52+K52 -> 0 | J52: =SUM(J53:J54) -> 0 | K52: =SUM(K53:K54) -> 0 | L52: =M52+N52 -> 0 | M52: =SUM(M53:M54) -> 0 | N52: =SUM(N53:N54) -> 0 | O52: =P52+Q52 -> 0 | P52: =SUM(P53:P54) -> 0 | Q52: =SUM(Q53:Q54) -> 0 | R52: =S52+T52 -> 0 | S52: =SUM(S53:S54) -> 0 | T52: =SUM(T53:T54) -> 0 | V52: =IF((B52+C52+F52+L52+O52)<>0,"ok","-") -> -
A53: ១.គម្រោង...... | C53: =D53+E53 -> 0 | F53: =G53+H53 -> 0 | I53: =J53+K53 -> 0 | L53: =M53+N53 -> 0 | O53: =P53+Q53 -> 0 | R53: =S53+T53 -> 0 | V53: =IF((B53+C53+F53+L53+O53)<>0,"ok","-") -> -
A54: ២.គម្រោង...... | C54: =D54+E54 -> 0 | F54: =G54+H54 -> 0 | I54: =J54+K54 -> 0 | L54: =M54+N54 -> 0 | O54: =P54+Q54 -> 0 | R54: =S54+T54 -> 0 | V54: =IF((B54+C54+F54+L54+O54)<>0,"ok","-") -> -
A55: -គម្រោងជំនួយបច្ចេកទេស | B55: =SUM(B56:B57) -> 0 | C55: =D55+E55 -> 0 | D55: =SUM(D56:D57) -> 0 | E55: =SUM(E56:E57) -> 0 | F55: =G55+H55 -> 0 | G55: =SUM(G56:G57) -> 0 | H55: =SUM(H56:H57) -> 0 | I55: =J55+K55 -> 0 | J55: =SUM(J56:J57) -> 0 | K55: =SUM(K56:K57) -> 0 | L55: =M55+N55 -> 0 | M55: =SUM(M56:M57) -> 0 | N55: =SUM(N56:N57) -> 0 | O55: =P55+Q55 -> 0 | P55: =SUM(P56:P57) -> 0 | Q55: =SUM(Q56:Q57) -> 0 | R55: =S55+T55 -> 0 | S55: =SUM(S56:S57) -> 0 | T55: =SUM(T56:T57) -> 0 | V55: =IF((B55+C55+F55+L55+O55)<>0,"ok","-") -> -
A56: ៣.គម្រោង...... | C56: =D56+E56 -> 0 | F56: =G56+H56 -> 0 | I56: =J56+K56 -> 0 | L56: =M56+N56 -> 0 | O56: =P56+Q56 -> 0 | R56: =S56+T56 -> 0 | V56: =IF((B56+C56+F56+L56+O56)<>0,"ok","-") -> -
A57: ៤.គម្រោង...... | C57: =D57+E57 -> 0 | F57: =G57+H57 -> 0 | I57: =J57+K57 -> 0 | L57: =M57+N57 -> 0 | O57: =P57+Q57 -> 0 | R57: =S57+T57 -> 0 | V57: =IF((B57+C57+F57+L57+O57)<>0,"ok","-") -> -
A58: កម្មវិធីទី២ | B58: =B59 -> 0 | C58: =D58+E58 -> 0 | D58: =D59+D74+D89 -> 0 | E58: =E59+E74+E89 -> 0 | F58: =G58+H58 -> 0 | G58: =G59+G74+G89 -> 0 | H58: =H59+H74+H89 -> 0 | I58: =J58+K58 -> 0 | J58: =J59+J74+J89 -> 0 | K58: =K59+K74+K89 -> 0 | L58: =M58+N58 -> 1500 | M58: =M59+M74+M89 -> 1500 | N58: =N59+N74+N89 -> 0 | O58: =P58+Q58 -> 0 | P58: =P59+P74+P89 -> 0 | Q58: =Q59+Q74+Q89 -> 0 | R58: =S58+T58 -> 0 | S58: =S59+S74+S89 -> 0 | T58: =T59+T74+T89 -> 0 | V58: =IF((B58+C58+F58+L58+O58)<>0,"ok","-") -> ok
A59: អនុកម្មវិធីទី២.១ (អគ្គនាយកដ្ឋានឧស្សាហកម្មហិរ) | B59: =B60+B67 -> 0 | C59: =D59+E59 -> 0 | D59: =D60+D67 -> 0 | E59: =E60+E67 -> 0 | F59: =G59+H59 -> 0 | G59: =G60+G67 -> 0 | H59: =H60+H67 -> 0 | I59: =J59+K59 -> 0 | J59: =J60+J67 -> 0 | K59: =K60+K67 -> 0 | L59: =M59+N59 -> 0 | M59: =M60+M67 -> 0 | N59: =N60+N67 -> 0 | O59: =P59+Q59 -> 0 | P59: =P60+P67 -> 0 | Q59: =Q60+Q67 -> 0 | R59: =S59+T59 -> 0 | S59: =S60+S67 -> 0 | T59: =T60+T67 -> 0 | V59: =IF((B59+C59+F59+L59+O59)<>0,"ok","-") -> -
A60: I. សរុបគម្រោងកំពុងដំណើរការ | B60: =B61+B64 -> 0 | C60: =D60+E60 -> 0 | D60: =D61+D64 -> 0 | E60: =E61+E64 -> 0 | F60: =G60+H60 -> 0 | G60: =G61+G64 -> 0 | H60: =H61+H64 -> 0 | I60: =J60+K60 -> 0 | J60: =J61+J64 -> 0 | K60: =K61+K64 -> 0 | L60: =M60+N60 -> 0 | M60: =M61+M64 -> 0 | N60: =N61+N64 -> 0 | O60: =P60+Q60 -> 0 | P60: =P61+P64 -> 0 | Q60: =Q61+Q64 -> 0 | R60: =S60+T60 -> 0 | S60: =S61+S64 -> 0 | T60: =T61+T64 -> 0 | V60: =IF((B60+C60+F60+L60+O60)<>0,"ok","-") -> -
A61: -គម្រោងវិនិយោគជាទុន | B61: =SUM(B62:B63) -> 0 | C61: =D61+E61 -> 0 | D61: =SUM(D62:D63) -> 0 | E61: =SUM(E62:E63) -> 0 | F61: =G61+H61 -> 0 | G61: =SUM(G62:G63) -> 0 | H61: =SUM(H62:H63) -> 0 | I61: =J61+K61 -> 0 | J61: =SUM(J62:J63) -> 0 | K61: =SUM(K62:K63) -> 0 | L61: =M61+N61 -> 0 | M61: =SUM(M62:M63) -> 0 | N61: =SUM(N62:N63) -> 0 | O61: =P61+Q61 -> 0 | P61: =SUM(P62:P63) -> 0 | Q61: =SUM(Q62:Q63) -> 0 | R61: =S61+T61 -> 0 | S61: =SUM(S62:S63) -> 0 | T61: =SUM(T62:T63) -> 0 | V61: =IF((B61+C61+F61+L61+O61)<>0,"ok","-") -> -
A62: ១.គម្រោង...... | C62: =D62+E62 -> 0 | F62: =G62+H62 -> 0 | I62: =J62+K62 -> 0 | L62: =M62+N62 -> 0 | O62: =P62+Q62 -> 0 | R62: =S62+T62 -> 0 | V62: =IF((B62+C62+F62+L62+O62)<>0,"ok","-") -> -
A63: ២.គម្រោង...... | C63: =D63+E63 -> 0 | F63: =G63+H63 -> 0 | I63: =J63+K63 -> 0 | L63: =M63+N63 -> 0 | O63: =P63+Q63 -> 0 | R63: =S63+T63 -> 0 | V63: =IF((B63+C63+F63+L63+O63)<>0,"ok","-") -> -
A64: -គម្រោងជំនួយបច្ចេកទេស | B64: =SUM(B65:B66) -> 0 | C64: =D64+E64 -> 0 | D64: =SUM(D65:D66) -> 0 | E64: =SUM(E65:E66) -> 0 | F64: =G64+H64 -> 0 | G64: =SUM(G65:G66) -> 0 | H64: =SUM(H65:H66) -> 0 | I64: =J64+K64 -> 0 | J64: =SUM(J65:J66) -> 0 | K64: =SUM(K65:K66) -> 0 | L64: =M64+N64 -> 0 | M64: =SUM(M65:M66) -> 0 | N64: =SUM(N65:N66) -> 0 | O64: =P64+Q64 -> 0 | P64: =SUM(P65:P66) -> 0 | Q64: =SUM(Q65:Q66) -> 0 | R64: =S64+T64 -> 0 | S64: =SUM(S65:S66) -> 0 | T64: =SUM(T65:T66) -> 0 | V64: =IF((B64+C64+F64+L64+O64)<>0,"ok","-") -> -
A65: ៣.គម្រោង...... | C65: =D65+E65 -> 0 | F65: =G65+H65 -> 0 | I65: =J65+K65 -> 0 | L65: =M65+N65 -> 0 | O65: =P65+Q65 -> 0 | R65: =S65+T65 -> 0 | V65: =IF((B65+C65+F65+L65+O65)<>0,"ok","-") -> -
A66: ៤.គម្រោង...... | C66: =D66+E66 -> 0 | F66: =G66+H66 -> 0 | I66: =J66+K66 -> 0 | L66: =M66+N66 -> 0 | O66: =P66+Q66 -> 0 | R66: =S66+T66 -> 0 | V66: =IF((B66+C66+F66+L66+O66)<>0,"ok","-") -> -
A67: II. សរុបគម្រោងស្នើសុំថ្មី (ដើម្បីអនុវត្ត ផ.យ.អ.ជ) | B67: =B68+B71 -> 0 | C67: =D67+E67 -> 0 | D67: =D68+D71 -> 0 | E67: =E68+E71 -> 0 | F67: =G67+H67 -> 0 | G67: =G68+G71 -> 0 | H67: =H68+H71 -> 0 | I67: =J67+K67 -> 0 | J67: =J68+J71 -> 0 | K67: =K68+K71 -> 0 | L67: =M67+N67 -> 0 | M67: =M68+M71 -> 0 | N67: =N68+N71 -> 0 | O67: =P67+Q67 -> 0 | P67: =P68+P71 -> 0 | Q67: =Q68+Q71 -> 0 | R67: =S67+T67 -> 0 | S67: =S68+S71 -> 0 | T67: =T68+T71 -> 0 | V67: =IF((B67+C67+F67+L67+O67)<>0,"ok","-") -> -
A68: -គម្រោងវិនិយោគជាទុន | B68: =SUM(B69:B70) -> 0 | C68: =D68+E68 -> 0 | D68: =SUM(D69:D70) -> 0 | E68: =SUM(E69:E70) -> 0 | F68: =G68+H68 -> 0 | G68: =SUM(G69:G70) -> 0 | H68: =SUM(H69:H70) -> 0 | I68: =J68+K68 -> 0 | J68: =SUM(J69:J70) -> 0 | K68: =SUM(K69:K70) -> 0 | L68: =M68+N68 -> 0 | M68: =SUM(M69:M70) -> 0 | N68: =SUM(N69:N70) -> 0 | O68: =P68+Q68 -> 0 | P68: =SUM(P69:P70) -> 0 | Q68: =SUM(Q69:Q70) -> 0 | R68: =S68+T68 -> 0 | S68: =SUM(S69:S70) -> 0 | T68: =SUM(T69:T70) -> 0 | V68: =IF((B68+C68+F68+L68+O68)<>0,"ok","-") -> -
A69: ១.គម្រោង...... | C69: =D69+E69 -> 0 | F69: =G69+H69 -> 0 | I69: =J69+K69 -> 0 | L69: =M69+N69 -> 0 | O69: =P69+Q69 -> 0 | R69: =S69+T69 -> 0 | V69: =IF((B69+C69+F69+L69+O69)<>0,"ok","-") -> -
A70: ២.គម្រោង...... | C70: =D70+E70 -> 0 | F70: =G70+H70 -> 0 | I70: =J70+K70 -> 0 | L70: =M70+N70 -> 0 | O70: =P70+Q70 -> 0 | R70: =S70+T70 -> 0 | V70: =IF((B70+C70+F70+L70+O70)<>0,"ok","-") -> -
A71: -គម្រោងជំនួយបច្ចេកទេស | B71: =SUM(B72:B73) -> 0 | C71: =D71+E71 -> 0 | D71: =SUM(D72:D73) -> 0 | E71: =SUM(E72:E73) -> 0 | F71: =G71+H71 -> 0 | G71: =SUM(G72:G73) -> 0 | H71: =SUM(H72:H73) -> 0 | I71: =J71+K71 -> 0 | J71: =SUM(J72:J73) -> 0 | K71: =SUM(K72:K73) -> 0 | L71: =M71+N71 -> 0 | M71: =SUM(M72:M73) -> 0 | N71: =SUM(N72:N73) -> 0 | O71: =P71+Q71 -> 0 | P71: =SUM(P72:P73) -> 0 | Q71: =SUM(Q72:Q73) -> 0 | R71: =S71+T71 -> 0 | S71: =SUM(S72:S73) -> 0 | T71: =SUM(T72:T73) -> 0 | V71: =IF((B71+C71+F71+L71+O71)<>0,"ok","-") -> -
A72: ៣.គម្រោង...... | C72: =D72+E72 -> 0 | F72: =G72+H72 -> 0 | I72: =J72+K72 -> 0 | L72: =M72+N72 -> 0 | O72: =P72+Q72 -> 0 | R72: =S72+T72 -> 0 | V72: =IF((B72+C72+F72+L72+O72)<>0,"ok","-") -> -
A73: ៤.គម្រោង...... | C73: =D73+E73 -> 0 | F73: =G73+H73 -> 0 | I73: =J73+K73 -> 0 | L73: =M73+N73 -> 0 | O73: =P73+Q73 -> 0 | R73: =S73+T73 -> 0 | V73: =IF((B73+C73+F73+L73+O73)<>0,"ok","-") -> -
A74: អនុកម្មវិធីទី២.២ (ក្រុមប្រឹក្សាជាតិគណនេយ្យ) | B74: =B75+B82 -> 0 | C74: =D74+E74 -> 0 | D74: =D75+D82 -> 0 | E74: =E75+E82 -> 0 | F74: =G74+H74 -> 0 | G74: =G75+G82 -> 0 | H74: =H75+H82 -> 0 | I74: =J74+K74 -> 0 | J74: =J75+J82 -> 0 | K74: =K75+K82 -> 0 | L74: =M74+N74 -> 0 | M74: =M75+M82 -> 0 | N74: =N75+N82 -> 0 | O74: =P74+Q74 -> 0 | P74: =P75+P82 -> 0 | Q74: =Q75+Q82 -> 0 | R74: =S74+T74 -> 0 | S74: =S75+S82 -> 0 | T74: =T75+T82 -> 0 | V74: =IF((B74+C74+F74+L74+O74)<>0,"ok","-") -> -
A75: I. សរុបគម្រោងកំពុងដំណើរការ | B75: =B76+B79 -> 0 | C75: =D75+E75 -> 0 | D75: =D76+D79 -> 0 | E75: =E76+E79 -> 0 | F75: =G75+H75 -> 0 | G75: =G76+G79 -> 0 | H75: =H76+H79 -> 0 | I75: =J75+K75 -> 0 | J75: =J76+J79 -> 0 | K75: =K76+K79 -> 0 | L75: =M75+N75 -> 0 | M75: =M76+M79 -> 0 | N75: =N76+N79 -> 0 | O75: =P75+Q75 -> 0 | P75: =P76+P79 -> 0 | Q75: =Q76+Q79 -> 0 | R75: =S75+T75 -> 0 | S75: =S76+S79 -> 0 | T75: =T76+T79 -> 0 | V75: =IF((B75+C75+F75+L75+O75)<>0,"ok","-") -> -
A76: -គម្រោងវិនិយោគជាទុន | B76: =SUM(B77:B78) -> 0 | C76: =D76+E76 -> 0 | D76: =SUM(D77:D78) -> 0 | E76: =SUM(E77:E78) -> 0 | F76: =G76+H76 -> 0 | G76: =SUM(G77:G78) -> 0 | H76: =SUM(H77:H78) -> 0 | I76: =J76+K76 -> 0 | J76: =SUM(J77:J78) -> 0 | K76: =SUM(K77:K78) -> 0 | L76: =M76+N76 -> 0 | M76: =SUM(M77:M78) -> 0 | N76: =SUM(N77:N78) -> 0 | O76: =P76+Q76 -> 0 | P76: =SUM(P77:P78) -> 0 | Q76: =SUM(Q77:Q78) -> 0 | R76: =S76+T76 -> 0 | S76: =SUM(S77:S78) -> 0 | T76: =SUM(T77:T78) -> 0 | V76: =IF((B76+C76+F76+L76+O76)<>0,"ok","-") -> -
A77: ១.គម្រោង...... | C77: =D77+E77 -> 0 | F77: =G77+H77 -> 0 | I77: =J77+K77 -> 0 | L77: =M77+N77 -> 0 | O77: =P77+Q77 -> 0 | R77: =S77+T77 -> 0 | V77: =IF((B77+C77+F77+L77+O77)<>0,"ok","-") -> -
A78: ២.គម្រោង...... | C78: =D78+E78 -> 0 | F78: =G78+H78 -> 0 | I78: =J78+K78 -> 0 | L78: =M78+N78 -> 0 | O78: =P78+Q78 -> 0 | R78: =S78+T78 -> 0 | V78: =IF((B78+C78+F78+L78+O78)<>0,"ok","-") -> -
A79: -គម្រោងជំនួយបច្ចេកទេស | B79: =SUM(B80:B81) -> 0 | C79: =D79+E79 -> 0 | D79: =SUM(D80:D81) -> 0 | E79: =SUM(E80:E81) -> 0 | F79: =G79+H79 -> 0 | G79: =SUM(G80:G81) -> 0 | H79: =SUM(H80:H81) -> 0 | I79: =J79+K79 -> 0 | J79: =SUM(J80:J81) -> 0 | K79: =SUM(K80:K81) -> 0 | L79: =M79+N79 -> 0 | M79: =SUM(M80:M81) -> 0 | N79: =SUM(N80:N81) -> 0 | O79: =P79+Q79 -> 0 | P79: =SUM(P80:P81) -> 0 | Q79: =SUM(Q80:Q81) -> 0 | R79: =S79+T79 -> 0 | S79: =SUM(S80:S81) -> 0 | T79: =SUM(T80:T81) -> 0 | V79: =IF((B79+C79+F79+L79+O79)<>0,"ok","-") -> -
A80: ៣.គម្រោង...... | C80: =D80+E80 -> 0 | F80: =G80+H80 -> 0 | I80: =J80+K80 -> 0 | L80: =M80+N80 -> 0 | O80: =P80+Q80 -> 0 | R80: =S80+T80 -> 0 | V80: =IF((B80+C80+F80+L80+O80)<>0,"ok","-") -> -
A81: ៤.គម្រោង...... | C81: =D81+E81 -> 0 | F81: =G81+H81 -> 0 | I81: =J81+K81 -> 0 | L81: =M81+N81 -> 0 | O81: =P81+Q81 -> 0 | R81: =S81+T81 -> 0 | V81: =IF((B81+C81+F81+L81+O81)<>0,"ok","-") -> -
A82: II. សរុបគម្រោងស្នើសុំថ្មី (ដើម្បីអនុវត្ត ផ.យ.អ.ជ) | B82: =B83+B86 -> 0 | C82: =D82+E82 -> 0 | D82: =D83+D86 -> 0 | E82: =E83+E86 -> 0 | F82: =G82+H82 -> 0 | G82: =G83+G86 -> 0 | H82: =H83+H86 -> 0 | I82: =J82+K82 -> 0 | J82: =J83+J86 -> 0 | K82: =K83+K86 -> 0 | L82: =M82+N82 -> 0 | M82: =M83+M86 -> 0 | N82: =N83+N86 -> 0 | O82: =P82+Q82 -> 0 | P82: =P83+P86 -> 0 | Q82: =Q83+Q86 -> 0 | R82: =S82+T82 -> 0 | S82: =S83+S86 -> 0 | T82: =T83+T86 -> 0 | V82: =IF((B82+C82+F82+L82+O82)<>0,"ok","-") -> -
A83: -គម្រោងវិនិយោគជាទុន | B83: =SUM(B84:B85) -> 0 | C83: =D83+E83 -> 0 | D83: =SUM(D84:D85) -> 0 | E83: =SUM(E84:E85) -> 0 | F83: =G83+H83 -> 0 | G83: =SUM(G84:G85) -> 0 | H83: =SUM(H84:H85) -> 0 | I83: =J83+K83 -> 0 | J83: =SUM(J84:J85) -> 0 | K83: =SUM(K84:K85) -> 0 | L83: =M83+N83 -> 0 | M83: =SUM(M84:M85) -> 0 | N83: =SUM(N84:N85) -> 0 | O83: =P83+Q83 -> 0 | P83: =SUM(P84:P85) -> 0 | Q83: =SUM(Q84:Q85) -> 0 | R83: =S83+T83 -> 0 | S83: =SUM(S84:S85) -> 0 | T83: =SUM(T84:T85) -> 0 | V83: =IF((B83+C83+F83+L83+O83)<>0,"ok","-") -> -
A84: ១.គម្រោង...... | C84: =D84+E84 -> 0 | F84: =G84+H84 -> 0 | I84: =J84+K84 -> 0 | L84: =M84+N84 -> 0 | O84: =P84+Q84 -> 0 | R84: =S84+T84 -> 0 | V84: =IF((B84+C84+F84+L84+O84)<>0,"ok","-") -> -
A85: ២.គម្រោង...... | C85: =D85+E85 -> 0 | F85: =G85+H85 -> 0 | I85: =J85+K85 -> 0 | L85: =M85+N85 -> 0 | O85: =P85+Q85 -> 0 | R85: =S85+T85 -> 0 | V85: =IF((B85+C85+F85+L85+O85)<>0,"ok","-") -> -
A86: -គម្រោងជំនួយបច្ចេកទេស | B86: =SUM(B87:B88) -> 0 | C86: =D86+E86 -> 0 | D86: =SUM(D87:D88) -> 0 | E86: =SUM(E87:E88) -> 0 | F86: =G86+H86 -> 0 | G86: =SUM(G87:G88) -> 0 | H86: =SUM(H87:H88) -> 0 | I86: =J86+K86 -> 0 | J86: =SUM(J87:J88) -> 0 | K86: =SUM(K87:K88) -> 0 | L86: =M86+N86 -> 0 | M86: =SUM(M87:M88) -> 0 | N86: =SUM(N87:N88) -> 0 | O86: =P86+Q86 -> 0 | P86: =SUM(P87:P88) -> 0 | Q86: =SUM(Q87:Q88) -> 0 | R86: =S86+T86 -> 0 | S86: =SUM(S87:S88) -> 0 | T86: =SUM(T87:T88) -> 0 | V86: =IF((B86+C86+F86+L86+O86)<>0,"ok","-") -> -
A87: ៣.គម្រោង...... | C87: =D87+E87 -> 0 | F87: =G87+H87 -> 0 | I87: =J87+K87 -> 0 | L87: =M87+N87 -> 0 | O87: =P87+Q87 -> 0 | R87: =S87+T87 -> 0 | V87: =IF((B87+C87+F87+L87+O87)<>0,"ok","-") -> -
A88: ៤.គម្រោង...... | C88: =D88+E88 -> 0 | F88: =G88+H88 -> 0 | I88: =J88+K88 -> 0 | L88: =M88+N88 -> 0 | O88: =P88+Q88 -> 0 | R88: =S88+T88 -> 0 | V88: =IF((B88+C88+F88+L88+O88)<>0,"ok","-") -> -
A89: អនុកម្មវិធីទី២.៣ (គណៈកម្មការមូលបត្រកម្ពុជា) | B89: =B90+B97 -> 4000 | C89: =D89+E89 -> 0 | D89: =D90+D97 -> 0 | E89: =E90+E97 -> 0 | F89: =G89+H89 -> 0 | G89: =G90+G97 -> 0 | H89: =H90+H97 -> 0 | I89: =J89+K89 -> 0 | J89: =J90+J97 -> 0 | K89: =K90+K97 -> 0 | L89: =M89+N89 -> 1500 | M89: =M90+M97 -> 1500 | N89: =N90+N97 -> 0 | O89: =P89+Q89 -> 0 | P89: =P90+P97 -> 0 | Q89: =Q90+Q97 -> 0 | R89: =S89+T89 -> 0 | S89: =S90+S97 -> 0 | T89: =T90+T97 -> 0 | V89: =IF((B89+C89+F89+L89+O89)<>0,"ok","-") -> ok
A90: I. សរុបគម្រោងកំពុងដំណើរការ | B90: =B91+B94 -> 0 | C90: =D90+E90 -> 0 | D90: =D91+D94 -> 0 | E90: =E91+E94 -> 0 | F90: =G90+H90 -> 0 | G90: =G91+G94 -> 0 | H90: =H91+H94 -> 0 | I90: =J90+K90 -> 0 | J90: =J91+J94 -> 0 | K90: =K91+K94 -> 0 | L90: =M90+N90 -> 0 | M90: =M91+M94 -> 0 | N90: =N91+N94 -> 0 | O90: =P90+Q90 -> 0 | P90: =P91+P94 -> 0 | Q90: =Q91+Q94 -> 0 | R90: =S90+T90 -> 0 | S90: =S91+S94 -> 0 | T90: =T91+T94 -> 0 | V90: =IF((B90+C90+F90+L90+O90)<>0,"ok","-") -> -
A91: -គម្រោងវិនិយោគជាទុន | B91: =SUM(B92:B93) -> 0 | C91: =D91+E91 -> 0 | D91: =SUM(D92:D93) -> 0 | E91: =SUM(E92:E93) -> 0 | F91: =G91+H91 -> 0 | G91: =SUM(G92:G93) -> 0 | H91: =SUM(H92:H93) -> 0 | I91: =J91+K91 -> 0 | J91: =SUM(J92:J93) -> 0 | K91: =SUM(K92:K93) -> 0 | L91: =M91+N91 -> 0 | M91: =SUM(M92:M93) -> 0 | N91: =SUM(N92:N93) -> 0 | O91: =P91+Q91 -> 0 | P91: =SUM(P92:P93) -> 0 | Q91: =SUM(Q92:Q93) -> 0 | R91: =S91+T91 -> 0 | S91: =SUM(S92:S93) -> 0 | T91: =SUM(T92:T93) -> 0 | V91: =IF((B91+C91+F91+L91+O91)<>0,"ok","-") -> -
A92: ១.គម្រោង...... | C92: =D92+E92 -> 0 | F92: =G92+H92 -> 0 | I92: =J92+K92 -> 0 | L92: =M92+N92 -> 0 | O92: =P92+Q92 -> 0 | R92: =S92+T92 -> 0 | V92: =IF((B92+C92+F92+L92+O92)<>0,"ok","-") -> -
A93: ២.គម្រោង...... | C93: =D93+E93 -> 0 | F93: =G93+H93 -> 0 | I93: =J93+K93 -> 0 | L93: =M93+N93 -> 0 | O93: =P93+Q93 -> 0 | R93: =S93+T93 -> 0 | V93: =IF((B93+C93+F93+L93+O93)<>0,"ok","-") -> -
A94: -គម្រោងជំនួយបច្ចេកទេស | B94: =SUM(B95:B96) -> 0 | C94: =D94+E94 -> 0 | D94: =SUM(D95:D96) -> 0 | E94: =SUM(E95:E96) -> 0 | F94: =G94+H94 -> 0 | G94: =SUM(G95:G96) -> 0 | H94: =SUM(H95:H96) -> 0 | I94: =J94+K94 -> 0 | J94: =SUM(J95:J96) -> 0 | K94: =SUM(K95:K96) -> 0 | L94: =M94+N94 -> 0 | M94: =SUM(M95:M96) -> 0 | N94: =SUM(N95:N96) -> 0 | O94: =P94+Q94 -> 0 | P94: =SUM(P95:P96) -> 0 | Q94: =SUM(Q95:Q96) -> 0 | R94: =S94+T94 -> 0 | S94: =SUM(S95:S96) -> 0 | T94: =SUM(T95:T96) -> 0 | V94: =IF((B94+C94+F94+L94+O94)<>0,"ok","-") -> -
A95: ៣.គម្រោង...... | C95: =D95+E95 -> 0 | F95: =G95+H95 -> 0 | I95: =J95+K95 -> 0 | L95: =M95+N95 -> 0 | O95: =P95+Q95 -> 0 | R95: =S95+T95 -> 0 | V95: =IF((B95+C95+F95+L95+O95)<>0,"ok","-") -> -
A96: ៤.គម្រោង...... | C96: =D96+E96 -> 0 | F96: =G96+H96 -> 0 | I96: =J96+K96 -> 0 | L96: =M96+N96 -> 0 | O96: =P96+Q96 -> 0 | R96: =S96+T96 -> 0 | V96: =IF((B96+C96+F96+L96+O96)<>0,"ok","-") -> -
A97: II. សរុបគម្រោងស្នើសុំថ្មី (ដើម្បីអនុវត្ត ផ.យ.អ.ជ) | B97: =B98+B101 -> 4000 | C97: =D97+E97 -> 0 | D97: =D98+D101 -> 0 | E97: =E98+E101 -> 0 | F97: =G97+H97 -> 0 | G97: =G98+G101 -> 0 | H97: =H98+H101 -> 0 | I97: =J97+K97 -> 0 | J97: =J98+J101 -> 0 | K97: =K98+K101 -> 0 | L97: =M97+N97 -> 1500 | M97: =M98+M101 -> 1500 | N97: =N98+N101 -> 0 | O97: =P97+Q97 -> 0 | P97: =P98+P101 -> 0 | Q97: =Q98+Q101 -> 0 | R97: =S97+T97 -> 0 | S97: =S98+S101 -> 0 | T97: =T98+T101 -> 0 | V97: =IF((B97+C97+F97+L97+O97)<>0,"ok","-") -> ok
A98: -គម្រោងវិនិយោគជាទុន | B98: =SUM(B99:B100) -> 4000 | C98: =D98+E98 -> 0 | D98: =SUM(D99:D100) -> 0 | E98: =SUM(E99:E100) -> 0 | F98: =G98+H98 -> 0 | G98: =SUM(G99:G100) -> 0 | H98: =SUM(H99:H100) -> 0 | I98: =J98+K98 -> 0 | J98: =SUM(J99:J100) -> 0 | K98: =SUM(K99:K100) -> 0 | L98: =M98+N98 -> 1500 | M98: =SUM(M99:M100) -> 1500 | N98: =SUM(N99:N100) -> 0 | O98: =P98+Q98 -> 0 | P98: =SUM(P99:P100) -> 0 | Q98: =SUM(Q99:Q100) -> 0 | R98: =S98+T98 -> 0 | S98: =SUM(S99:S100) -> 0 | T98: =SUM(T99:T100) -> 0 | V98: =IF((B98+C98+F98+L98+O98)<>0,"ok","-") -> ok
A99: ១.គម្រោងសាងសង់អគារគណៈកម្មការមូលបត្រកម្ពុជា | B99: 4000 | C99: =D99+E99 -> 0 | F99: =G99+H99 -> 0 | I99: =J99+K99 -> 0 | L99: =M99+N99 -> 1500 | M99: 1500 | O99: =P99+Q99 -> 0 | R99: =S99+T99 -> 0 | V99: =IF((B99+C99+F99+L99+O99)<>0,"ok","-") -> ok
A100: ២.គម្រោង...... | C100: =D100+E100 -> 0 | F100: =G100+H100 -> 0 | I100: =J100+K100 -> 0 | L100: =M100+N100 -> 0 | O100: =P100+Q100 -> 0 | R100: =S100+T100 -> 0 | V100: =IF((B100+C100+F100+L100+O100)<>0,"ok","-") -> -
A101: -គម្រោងជំនួយបច្ចេកទេស | B101: =SUM(B102:B103) -> 0 | C101: =D101+E101 -> 0 | D101: =SUM(D102:D103) -> 0 | E101: =SUM(E102:E103) -> 0 | F101: =G101+H101 -> 0 | G101: =SUM(G102:G103) -> 0 | H101: =SUM(H102:H103) -> 0 | I101: =J101+K101 -> 0 | J101: =SUM(J102:J103) -> 0 | K101: =SUM(K102:K103) -> 0 | L101: =M101+N101 -> 0 | M101: =SUM(M102:M103) -> 0 | N101: =SUM(N102:N103) -> 0 | O101: =P101+Q101 -> 0 | P101: =SUM(P102:P103) -> 0 | Q101: =SUM(Q102:Q103) -> 0 | R101: =S101+T101 -> 0 | S101: =SUM(S102:S103) -> 0 | T101: =SUM(T102:T103) -> 0 | V101: =IF((B101+C101+F101+L101+O101)<>0,"ok","-") -> -
A102: ៣.គម្រោង...... | C102: =D102+E102 -> 0 | F102: =G102+H102 -> 0 | I102: =J102+K102 -> 0 | L102: =M102+N102 -> 0 | O102: =P102+Q102 -> 0 | R102: =S102+T102 -> 0 | V102: =IF((B102+C102+F102+L102+O102)<>0,"ok","-") -> -
A103: ៤.គម្រោង...... | C103: =D103+E103 -> 0 | F103: =G103+H103 -> 0 | I103: =J103+K103 -> 0 | L103: =M103+N103 -> 0 | O103: =P103+Q103 -> 0 | R103: =S103+T103 -> 0 | V103: =IF((B103+C103+F103+L103+O103)<>0,"ok","-") -> -
A104: គោលបំណងគោលនយោបាយទី២ | B104: =B105 -> 15350 | C104: =D104+E104 -> 20414.8 | D104: =D105+D152+D234 -> 1184.8 | E104: =E105+E152+E234 -> 19230 | F104: =G104+H104 -> 14690.5 | G104: =G105+G152+G234 -> 5703.3 | H104: =H105+H152+H234 -> 8987.2 | I104: =J104+K104 -> 0 | J104: =J105+J152+J234 -> 0 | K104: =K105+K152+K234 -> 0 | L104: =M104+N104 -> 53878.2 | M104: =M105+M152+M234 -> 45378.2 | N104: =N105+N152+N234 -> 8500 | O104: =P104+Q104 -> 0 | P104: =P105+P152+P234 -> 0 | Q104: =Q105+Q152+Q234 -> 0 | R104: =S104+T104 -> 0 | S104: =S105+S152+S234 -> 0 | T104: =T105+T152+T234 -> 0 | V104: =IF((B104+C104+F104+L104+O104)<>0,"ok","-") -> ok
...

Sheet PIP 2019 by Fund-status
B5: ឧបសម្ព័ន្ធទី១៖ តារាងសរុបគម្រោងវិនិយោគរបស់ក្រសួងសេដ្ឋកិច្ចនិងហិរញ្ញវត្ថុ សម្រាប់ដាក់បញ្ជូលក្នុង ក.វ.ស ៣ឆ្នាំរកិល ២០១៩-២០២១ (តាមប្រភេទគម្រោង/ប្រភពហិរញ្ញប្បទាន)
R6: ឯកតា៖ពាន់ដុល្លារអាមេរិក
B7: ឈ្មោះគម្រោង | C7: លេខ PIP | D7: តម្លៃ គម្រោង ស្នើសុំថ្មី | E7: តម្លៃគម្រោង​កំពុងដំណើរការ​ | F7: ចំណាយប៉ាន់ស្មានសរុប | J7: ហិរញ្ញប្បទានបានសន្យាផ្ដល់ | O7: តម្រូវការហិរញ្ញប្បទានបំពេញបន្ថែម
F8: 2019 | G8: 2020 | H8: 2021 | I8: សរុប​ ២០១៩-២០២១ | J8: ប្រភព ហិរញ្ញប្បទាន | K8: 2019 | L8: 2020 | M8: 2021 | N8: សរុប​ ២០១៩-២០២១ | O8: 2019 | P8: 2020 | Q8: 2021 | R8: សរុប​ ២០១៩-២០២១
B9: 1 | C9: 2 | D9: 3 | E9: 4 | F9: 5 | G9: 6 | H9: 7 | I9: 8=5+6+7 | J9: 9 | K9: 10 | L9: 11 | M9: 12 | N9: 13=10+11+12 | O9: 14=5-10 | P9: 15=6-11 | Q9: 16=7-12 | R9: 17=14+15+16
B10: សរុបរួមក្រសួងសេដ្ឋកិច្ចនិងហិរញ្ញវត្ថុ | D10: =D46 -> 29117 | E10: =E13 -> 17487.8 | F10: =F11+F12 -> 31758.3 | G10: =G11+G12 -> 9924.5 | H10: =H11+H12 -> 4922 | I10: =SUM(F10:H10) -> 46604.8 | J10: សរុប | K10: =K11+K12 -> 3050 | L10: =L11+L12 -> 3050 | M10: =M11+M12 -> 0 | N10: =SUM(K10:M10) -> 6100 | O10: =O11+O12 -> 28708.3 | P10: =P11+P12 -> 6874.5 | Q10: =Q11+Q12 -> 4922 | R10: =SUM(O10:Q10) -> 40504.8 | S10: =IF(SUM(F10:I10,K10:R10)<>0, "OK", "-") -> OK
F11: =F14+F47 -> 30258.3 | G11: =G14+G47 -> 8424.5 | H11: =H14+H47 -> 3922 | I11: =SUM(F11:H11) -> 42604.8 | J11: រាជរដ្ឋាភិបាល | K11: =K14+K47 -> 3050 | L11: =L14+L47 -> 3050 | M11: =M14+M47 -> 0 | N11: =SUM(K11:M11) -> 6100 | O11: =O14+O47 -> 27208.3 | P11: =P14+P47 -> 5374.5 | Q11: =Q14+Q47 -> 3922 | R11: =SUM(O11:Q11) -> 36504.8 | S11: =IF(SUM(F11:I11,K11:R11)<>0, "OK", "-") -> OK
F12: =F15+F48 -> 1500 | G12: =G15+G48 -> 1500 | H12: =H15+H48 -> 1000 | I12: =SUM(F12:H12) -> 4000 | J12: ដៃគូអភិវឌ្ឍន៍ | K12: =K15+K48 -> 0 | L12: =L15+L48 -> 0 | M12: =M15+M48 -> 0 | N12: =SUM(K12:M12) -> 0 | O12: =O15+O48 -> 1500 | P12: =P15+P48 -> 1500 | Q12: =Q15+Q48 -> 1000 | R12: =SUM(O12:Q12) -> 4000 | S12: =IF(SUM(F12:I12,K12:R12)<>0, "OK", "-") -> OK
B13: ​I.សរុបគម្រោងកំពុងដំណើរការ | D13: =SUM(D16+D37) -> 0 | E13: =SUM(E16+E37) -> 17487.8 | F13: =F14+F15 -> 11237.8 | G13: =G14+G15 -> 4900 | H13: =H14+H15 -> 1350 | I13: =SUM(F13:H13) -> 17487.8 | J13: សរុប | K13: =K14+K15 -> 3050 | L13: =L14+L15 -> 3050 | M13: =M14+M15 -> 0 | N13: =SUM(K13:M13) -> 6100 | O13: =O14+O15 -> 8187.8 | P13: =P14+P15 -> 1850 | Q13: =Q14+Q15 -> 1350 | R13: =SUM(O13:Q13) -> 11387.8 | S13: =IF(SUM(F13:I13,K13:R13)<>0, "OK", "-") -> OK
F14: =F17+F38 -> 9737.8 | G14: =G17+G38 -> 3400 | H14: =H17+H38 -> 350 | I14: =SUM(F14:H14) -> 13487.8 | J14: រាជរដ្ឋាភិបាល | K14: =K17+K38 -> 3050 | L14: =L17+L38 -> 3050 | M14: =M17+M38 -> 0 | N14: =SUM(K14:M14) -> 6100 | O14: =F14-K14 -> 6687.8 | P14: =G14-L14 -> 350 | Q14: =H14-M14 -> 350 | R14: =SUM(O14:Q14) -> 7387.8 | S14: =IF(SUM(F14:I14,K14:R14)<>0, "OK", "-") -> OK
F15: =F18+F39 -> 1500 | G15: =G18+G39 -> 1500 | H15: =H18+H39 -> 1000 | I15: =SUM(F15:H15) -> 4000 | J15: ដៃគូអភិវឌ្ឍន៍ | K15: =K18+K39 -> 0 | L15: =L18+L39 -> 0 | M15: =M18+M39 -> 0 | N15: =SUM(K15:M15) -> 0 | O15: =F15-K15 -> 1500 | P15: =G15-L15 -> 1500 | Q15: =H15-M15 -> 1000 | R15: =SUM(O15:Q15) -> 4000 | S15: =IF(SUM(F15:I15,K15:R15)<>0, "OK", "-") -> OK
B16: ​-សរុបគម្រោងវិនិយោគទុន | D16: =SUM(D19:D36) -> 0 | E16: =SUM(E19:E36) -> 17487.8 | F16: =F17+F18 -> 11237.8 | G16: =G17+G18 -> 4900 | H16: =H17+H18 -> 1350 | I16: =SUM(F16:H16) -> 17487.8 | J16: សរុប | K16: =K17+K18 -> 3050 | L16: =L17+L18 -> 3050 | M16: =M17+M18 -> 0 | N16: =SUM(K16:M16) -> 6100 | O16: =O17+O18 -> 8187.8 | P16: =P17+P18 -> 1850 | Q16: =Q17+Q18 -> 1350 | R16: =SUM(O16:Q16) -> 11387.8 | S16: =IF(SUM(F16:I16,K16:R16)<>0, "OK", "-") -> OK
F17: =F20+F23+F26+F29+F32+F35 -> 9737.8 | G17: =G20+G23+G26+G29+G32+G35 -> 3400 | H17: =H20+H23+H26+H29+H32+H35 -> 350 | I17: =SUM(F17:H17) -> 13487.8 | J17: រាជរដ្ឋាភិបាល | K17: =K20+K23+K26+K29+K32+K35 -> 3050 | L17: =L20+L23+L26+L29+L32+L35 -> 3050 | M17: =M20+M23+M26+M29+M32+M35 -> 0 | N17: =SUM(K17:M17) -> 6100 | O17: =O20+O23+O26+O29+O32+O35 -> 6687.8 | P17: =P20+P23+P26+P29+P32+P35 -> 350 | Q17: =Q20+Q23+Q26+Q29+Q32+Q35 -> 350 | R17: =SUM(O17:Q17) -> 7387.8 | S17: =IF(SUM(F17:I17,K17:R17)<>0, "OK", "-") -> OK
F18: =F21+F24+F27+F30+F33+F36 -> 1500 | G18: =G21+G24+G27+G30+G33+G36 -> 1500 | H18: =H21+H24+H27+H30+H33+H36 -> 1000 | I18: =SUM(F18:H18) -> 4000 | J18: ដៃគូអភិវឌ្ឍន៍ | K18: =K21+K24+K27+K30+K33+K36 -> 0 | L18: =L21+L24+L27+L30+L33+L36 -> 0 | M18: =M21+M24+M27+M30+M33+M36 -> 0 | N18: =SUM(K18:M18) -> 0 | O18: =O21+O24+O27+O30+O33+O36 -> 1500 | P18: =P21+P24+P27+P30+P33+P36 -> 1500 | Q18: =Q21+Q24+Q27+Q30+Q33+Q36 -> 1000 | R18: =SUM(O18:Q18) -> 4000 | S18: =IF(SUM(F18:I18,K18:R18)<>0, "OK", "-") -> OK
B19: ១.គម្រោងលើកកម្ពស់ហេដ្ឋារចនាសម្ព័ន្ធ សាធារណៈរបស់អគ្គនាយកដ្ឋានគយ និងរដ្ឋាករកម្ពុជា | C19: 509 | E19: =I19 -> 6100 | F19: =F20+F21 -> 3050 | G19: =G20+G21 -> 3050 | H19: =H20+H21 -> 0 | I19: =SUM(F19:H19) -> 6100 | J19: សរុប | K19: =K20+K21 -> 3050 | L19: =L20+L21 -> 3050 | M19: =M20+M21 -> 0 | N19: =SUM(K19:M19) -> 6100 | O19: =O20+O21 -> 0 | P19: =P20+P21 -> 0 | Q19: =Q20+Q21 -> 0 | R19: =SUM(O19:Q19) -> 0 | S19: =IF(SUM(F19:I19,K19:R19)<>0, "OK", "-") -> OK
F20: 3050 | G20: 3050 | I20: =SUM(F20:H20) -> 6100 | J20: រាជរដ្ឋាភិបាល | K20: 3050 | L20: 3050 | N20: =SUM(K20:M20) -> 6100 | O20: =F20-K20 -> 0 | P20: =G20-L20 -> 0 | Q20: =H20-M20 -> 0 | R20: =SUM(O20:Q20) -> 0 | S20: =IF(SUM(F20:I20,K20:R20)<>0, "OK", "-") -> OK
I21: =SUM(F21:H21) -> 0 | J21: ដៃគូអភិវឌ្ឍន៍ | N21: =SUM(K21:M21) -> 0 | O21: =F21-K21 -> 0 | P21: =G21-L21 -> 0 | Q21: =H21-M21 -> 0 | R21: =SUM(O21:Q21) -> 0
B22: ២. គម្រោងប្រព័ន្ធបញ្ជរតែមួយជាតិ | C22: 659 | E22: =I22 -> 2250 | F22: =F23+F24 -> 1550 | G22: =G23+G24 -> 350 | H22: =H23+H24 -> 350 | I22: =SUM(F22:H22) -> 2250 | J22: សរុប | K22: =K23+K24 -> 0 | L22: =L23+L24 -> 0 | M22: =M23+M24 -> 0 | N22: =SUM(K22:M22) -> 0 | O22: =O23+O24 -> 1550 | P22: =P23+P24 -> 350 | Q22: =Q23+Q24 -> 350 | R22: =SUM(O22:Q22) -> 2250 | S22: =IF(SUM(F22:I22,K22:R22)<>0, "OK", "-") -> OK
F23: 1550 | G23: 350 | H23: 350 | I23: =SUM(F23:H23) -> 2250 | J23: រាជរដ្ឋាភិបាល | N23: =SUM(K23:M23) -> 0 | O23: =F23-K23 -> 1550 | P23: =G23-L23 -> 350 | Q23: =H23-M23 -> 350 | R23: =SUM(O23:Q23) -> 2250 | S23: =IF(SUM(F23:I23,K23:R23)<>0, "OK", "-") -> OK
I24: =SUM(F24:H24) -> 0 | J24: ដៃគូអភិវឌ្ឍន៍ | N24: =SUM(K24:M24) -> 0 | O24: =F24-K24 -> 0 | P24: =G24-L24 -> 0 | Q24: =H24-M24 -> 0 | R24: =SUM(O24:Q24) -> 0
B25: ៣.គម្រោងសាងសង់អគារចំណតរថយន្តក្រោមដី Implemented by GDICDM | C25: 655 | E25: =I25 -> 3200 | F25: =F26+F27 -> 3200 | G25: =G26+G27 -> 0 | H25: =H26+H27 -> 0 | I25: =SUM(F25:H25) -> 3200 | J25: សរុប | K25: =K26+K27 -> 0 | L25: =L26+L27 -> 0 | M25: =M26+M27 -> 0 | N25: =SUM(K25:M25) -> 0 | O25: =O26+O27 -> 3200 | P25: =P26+P27 -> 0 | Q25: =Q26+Q27 -> 0 | R25: =SUM(O25:Q25) -> 3200 | S25: =IF(SUM(F25:I25,K25:R25)<>0, "OK", "-") -> OK
F26: 3200 | G26: 0 | H26: 0 | I26: =SUM(F26:H26) -> 3200 | J26: រាជរដ្ឋាភិបាល | N26: =SUM(K26:M26) -> 0 | O26: =F26-K26 -> 3200 | P26: =G26-L26 -> 0 | Q26: =H26-M26 -> 0 | R26: =SUM(O26:Q26) -> 3200 | S26: =IF(SUM(F26:I26,K26:R26)<>0, "OK", "-") -> OK
I27: =SUM(F27:H27) -> 0 | J27: ដៃគូអភិវឌ្ឍន៍ | N27: =SUM(K27:M27) -> 0 | O27: =F27-K27 -> 0 | P27: =G27-L27 -> 0 | Q27: =H27-M27 -> 0 | R27: =SUM(O27:Q27) -> 0
B28: ៤. គម្រោងជួសជុលនិងកែលម្អអគារធំ | C28: 793 | E28: =I28 -> 1937.8 | F28: =F29+F30 -> 1937.8 | G28: =G29+G30 -> 0 | H28: =H29+H30 -> 0 | I28: =SUM(F28:H28) -> 1937.8 | J28: សរុប | K28: =K29+K30 -> 0 | L28: =L29+L30 -> 0 | M28: =M29+M30 -> 0 | N28: =SUM(K28:M28) -> 0 | O28: =O29+O30 -> 1937.8 | P28: =P29+P30 -> 0 | Q28: =Q29+Q30 -> 0 | R28: =SUM(O28:Q28) -> 1937.8 | S28: =IF(SUM(F28:I28,K28:R28)<>0, "OK", "-") -> OK
F29: 1937.8 | G29: 0 | H29: 0 | I29: =SUM(F29:H29) -> 1937.8 | J29: រាជរដ្ឋាភិបាល | N29: =SUM(K29:M29) -> 0 | O29: =F29-K29 -> 1937.8 | P29: =G29-L29 -> 0 | Q29: =H29-M29 -> 0 | R29: =SUM(O29:Q29) -> 1937.8 | S29: =IF(SUM(F29:I29,K29:R29)<>0, "OK", "-") -> OK
I30: =SUM(F30:H30) -> 0 | J30: ដៃគូអភិវឌ្ឍន៍ | N30: =SUM(K30:M30) -> 0 | O30: =F30-K30 -> 0 | P30: =G30-L30 -> 0 | Q30: =H30-M30 -> 0 | R30: =SUM(O30:Q30) -> 0
B31: ៥. គម្រោងសាងសង់អគារមូលបត្រកម្ពុជា | C31: 491 | E31: =I31 -> 4000 | F31: =F32+F33 -> 1500 | G31: =G32+G33 -> 1500 | H31: =H32+H33 -> 1000 | I31: =SUM(F31:H31) -> 4000 | J31: សរុប | K31: =K32+K33 -> 0 | L31: =L32+L33 -> 0 | M31: =M32+M33 -> 0 | N31: =SUM(K31:M31) -> 0 | O31: =O32+O33 -> 1500 | P31: =P32+P33 -> 1500 | Q31: =Q32+Q33 -> 1000 | R31: =SUM(O31:Q31) -> 4000 | S31: =IF(SUM(F31:I31,K31:R31)<>0, "OK", "-") -> OK
I32: =SUM(F32:H32) -> 0 | J32: រាជរដ្ឋាភិបាល | N32: =SUM(K32:M32) -> 0 | O32: =F32-K32 -> 0 | P32: =G32-L32 -> 0 | Q32: =H32-M32 -> 0 | R32: =SUM(O32:Q32) -> 0
F33: 1500 | G33: 1500 | H33: 1000 | I33: =SUM(F33:H33) -> 4000 | J33: ដៃគូអភិវឌ្ឍន៍ | N33: =SUM(K33:M33) -> 0 | O33: =F33-K33 -> 1500 | P33: =G33-L33 -> 1500 | Q33: =H33-M33 -> 1000 | R33: =SUM(O33:Q33) -> 4000 | S33: =IF(SUM(F33:I33,K33:R33)<>0, "OK", "-") -> OK
E34: =I34 -> 0 | F34: =F35+F36 -> 0 | G34: =G35+G36 -> 0 | H34: =H35+H36 -> 0 | I34: =SUM(F34:H34) -> 0 | J34: សរុប | K34: =K35+K36 -> 0 | L34: =L35+L36 -> 0 | M34: =M35+M36 -> 0 | N34: =SUM(K34:M34) -> 0 | O34: =O35+O36 -> 0 | P34: =P35+P36 -> 0 | Q34: =Q35+Q36 -> 0 | R34: =SUM(O34:Q34) -> 0 | S34: =IF(SUM(F34:I34,K34:R34)<>0, "OK", "-") -> -
I35: =SUM(F35:H35) -> 0 | J35: រាជរដ្ឋាភិបាល | N35: =SUM(K35:M35) -> 0 | O35: =F35-K35 -> 0 | P35: =G35-L35 -> 0 | Q35: =H35-M35 -> 0 | R35: =SUM(O35:Q35) -> 0 | S35: =IF(SUM(F35:I35,K35:R35)<>0, "OK", "-") -> -
I36: =SUM(F36:H36) -> 0 | J36: ដៃគូអភិវឌ្ឍន៍ | N36: =SUM(K36:M36) -> 0 | O36: =F36-K36 -> 0 | P36: =G36-L36 -> 0 | Q36: =H36-M36 -> 0 | R36: =SUM(O36:Q36) -> 0 | S36: =IF(SUM(F36:I36,K36:R36)<>0, "OK", "-") -> -
B37: ​-សរុបគម្រោងជំនួយបច្ចេកទេស | D37: =D40+D43 -> 0 | E37: =E40 -> 0 | F37: =F38+F39 -> 0 | G37: =G38+G39 -> 0 | H37: =H38+H39 -> 0 | I37: =SUM(F37:H37) -> 0 | J37: សរុប | K37: =K38+K39 -> 0 | L37: =L38+L39 -> 0 | M37: =M38+M39 -> 0 | N37: =SUM(K37:M37) -> 0 | O37: =O38+O39 -> 0 | P37: =P38+P39 -> 0 | Q37: =Q38+Q39 -> 0 | R37: =SUM(O37:Q37) -> 0 | S37: =IF(SUM(F37:I37,K37:R37)<>0, "OK", "-") -> -
F38: =F41+F44 -> 0 | G38: =G41+G44 -> 0 | H38: =H41+H44 -> 0 | I38: =SUM(F38:H38) -> 0 | J38: រាជរដ្ឋាភិបាល | K38: =K41+K44 -> 0 | L38: =L41+L44 -> 0 | M38: =M41+M44 -> 0 | N38: =SUM(K38:M38) -> 0 | O38: =O41+O44 -> 0 | P38: =P41+P44 -> 0 | Q38: =Q41+Q44 -> 0 | R38: =SUM(O38:Q38) -> 0 | S38: =IF(SUM(F38:I38,K38:R38)<>0, "OK", "-") -> -
F39: =F42+F45 -> 0 | G39: =G42+G45 -> 0 | H39: =H42+H45 -> 0 | I39: =SUM(F39:H39) -> 0 | J39: ដៃគូអភិវឌ្ឍន៍ | K39: =K42+K45 -> 0 | L39: =L42+L45 -> 0 | M39: =M42+M45 -> 0 | N39: =SUM(K39:M39) -> 0 | O39: =O42+O45 -> 0 | P39: =P42+P45 -> 0 | Q39: =Q42+Q45 -> 0 | R39: =SUM(O39:Q39) -> 0 | S39: =IF(SUM(F39:I39,K39:R39)<>0, "OK", "-") -> -
S40: =IF(SUM(F40:I40,K40:R40)<>0, "OK", "-") -> -
S41: =IF(SUM(F41:I41,K41:R41)<>0, "OK", "-") -> -
S42: =IF(SUM(F42:I42,K42:R42)<>0, "OK", "-") -> -
B43: ២. គម្រោង................ | F43: =F44+F45 -> 0 | G43: =G44+G45 -> 0 | H43: =H44+H45 -> 0 | I43: =SUM(F43:H43) -> 0 | J43: សរុប | K43: =K44+K45 -> 0 | L43: =L44+L45 -> 0 | M43: =M44+M45 -> 0 | N43: =SUM(K43:M43) -> 0 | O43: =O44+O45 -> 0 | P43: =P44+P45 -> 0 | Q43: =Q44+Q45 -> 0 | R43: =SUM(O43:Q43) -> 0 | S43: =IF(SUM(F43:I43,K43:R43)<>0, "OK", "-") -> -
I44: =SUM(F44:H44) -> 0 | J44: រាជរដ្ឋាភិបាល | N44: =SUM(K44:M44) -> 0 | O44: =F44-K44 -> 0 | P44: =G44-L44 -> 0 | Q44: =H44-M44 -> 0 | R44: =SUM(O44:Q44) -> 0 | S44: =IF(SUM(F44:I44,K44:R44)<>0, "OK", "-") -> -
I45: =SUM(F45:H45) -> 0 | J45: ដៃគូអភិវឌ្ឍន៍ | N45: =SUM(K45:M45) -> 0 | O45: =F45-K45 -> 0 | P45: =G45-L45 -> 0 | Q45: =H45-M45 -> 0 | R45: =SUM(O45:Q45) -> 0 | S45: =IF(SUM(F45:I45,K45:R45)<>0, "OK", "-") -> -
B46: ​II.សរុបគម្រោងសម្រាប់អនុវត្ត ផយអជ (គម្រោងថ្មី) | D46: =D49+D106 -> 29117 | E46: =E49+E106 -> 0 | F46: =F47+F48 -> 20520.5 | G46: =G47+G48 -> 5024.5 | H46: =H47+H48 -> 3572 | I46: =SUM(F46:H46) -> 29117 | J46: សរុប | K46: =K47+K48 -> 0 | L46: =L47+L48 -> 0 | M46: =M47+M48 -> 0 | N46: =SUM(K46:M46) -> 0 | O46: =O47+O48 -> 20520.5 | P46: =P47+P48 -> 5024.5 | Q46: =Q47+Q48 -> 3572 | R46: =SUM(O46:Q46) -> 29117 | S46: =IF(SUM(F46:I46,K46:R46)<>0, "OK", "-") -> OK
F47: =F50+F107 -> 20520.5 | G47: =G50+G107 -> 5024.5 | H47: =H50+H107 -> 3572 | I47: =SUM(F47:H47) -> 29117 | J47: រាជរដ្ឋាភិបាល | K47: =K50+K107 -> 0 | L47: =L50+L107 -> 0 | M47: =M50+M107 -> 0 | N47: =SUM(K47:M47) -> 0 | O47: =F47-K47 -> 20520.5 | P47: =G47-L47 -> 5024.5 | Q47: =H47-M47 -> 3572 | R47: =SUM(O47:Q47) -> 29117 | S47: =IF(SUM(F47:I47,K47:R47)<>0, "OK", "-") -> OK
F48: =F51+F108 -> 0 | G48: =G51+G108 -> 0 | H48: =H51+H108 -> 0 | I48: =SUM(F48:H48) -> 0 | J48: ដៃគូអភិវឌ្ឍន៍ | K48: =K51+K108 -> 0 | L48: =L51+L108 -> 0 | M48: =M51+M108 -> 0 | N48: =SUM(K48:M48) -> 0 | O48: =F48-K48 -> 0 | P48: =G48-L48 -> 0 | Q48: =H48-M48 -> 0 | R48: =SUM(O48:Q48) -> 0
B49: ​-សរុបគម្រោងវិនិយោគទុន | D49: =SUM(D52:D105) -> 29117 | F49: =F50+F51 -> 20520.5 | G49: =G50+G51 -> 5024.5 | H49: =H50+H51 -> 3572 | I49: =SUM(F49:H49) -> 29117 | J49: សរុប | K49: =K50+K51 -> 0 | L49: =L50+L51 -> 0 | M49: =M50+M51 -> 0 | N49: =SUM(K49:M49) -> 0 | O49: =O50+O51 -> 20520.5 | P49: =P50+P51 -> 5024.5 | Q49: =Q50+Q51 -> 3572 | R49: =SUM(O49:Q49) -> 29117 | S49: =IF(SUM(F49:I49,K49:R49)<>0, "OK", "-") -> OK
F50: =F53+F56+F59+F62+F65+F68+F71+F74+F77+F80+F83+F86+F89+F92+F95+F98+F101+F104 -> 20520.5 | G50: =G53+G56+G59+G62+G65+G68+G71+G74+G77+G80+G83+G86+G89+G92+G95+G98+G101+G104 -> 5024.5 | H50: =H53+H56+H59+H62+H65+H68+H71+H74+H77+H80+H83+H86+H89+H92+H95+H98+H101+H104 -> 3572 | I50: =SUM(F50:H50) -> 29117 | J50: រាជរដ្ឋាភិបាល | K50: =K53+K56+K59+K62+K65+K68+K71+K74+K77+K80+K83+K86+K89+K92+K95+K98+K101+K104 -> 0 | L50: =L53+L56+L59+L62+L65+L68+L71+L74+L77+L80+L83+L86+L89+L92+L95+L98+L101+L104 -> 0 | M50: =M53+M56+M59+M62+M65+M68+M71+M74+M77+M80+M83+M86+M89+M92+M95+M98+M101+M104 -> 0 | N50: =SUM(K50:M50) -> 0 | O50: =O53+O56+O59+O62+O65+O68+O71+O74+O77+O80+O83+O86+O89+O92+O95+O98+O101+O104 -> 20520.5 | P50: =P53+P56+P59+P62+P65+P68+P71+P74+P77+P80+P83+P86+P89+P92+P95+P98+P101+P104 -> 5024.5 | Q50: =Q53+Q56+Q59+Q62+Q65+Q68+Q71+Q74+Q77+Q80+Q83+Q86+Q89+Q92+Q95+Q98+Q101+Q104 -> 3572 | R50: =SUM(O50:Q50) -> 29117 | S50: =IF(SUM(F50:I50,K50:R50)<>0, "OK", "-") -> OK
F51: =F54+F57+F60+F63+F66+F69+F72+F75+F78+F81+F84+F87+F90+F93+F96+F99+F102+F105 -> 0 | G51: =G54+G57+G60+G63+G66+G69+G72+G75+G78+G81+G84+G87+G90+G93+G96+G99+G102+G105 -> 0 | H51: =H54+H57+H60+H63+H66+H69+H72+H75+H78+H81+H84+H87+H90+H93+H96+H99+H102+H105 -> 0 | I51: =SUM(F51:H51) -> 0 | J51: ដៃគូអភិវឌ្ឍន៍ | K51: =K54+K57+K60+K63+K66+K69+K72+K75+K78+K81+K84+K87+K90+K93+K96+K99+K102+K105 -> 0 | L51: =L54+L57+L60+L63+L66+L69+L72+L75+L78+L81+L84+L87+L90+L93+L96+L99+L102+L105 -> 0 | M51: =M54+M57+M60+M63+M66+M69+M72+M75+M78+M81+M84+M87+M90+M93+M96+M99+M102+M105 -> 0 | N51: =SUM(K51:M51) -> 0 | O51: =O54+O57+O60+O63+O66+O69+O72+O75+O78+O81+O84+O87+O90+O93+O96+O99+O102+O105 -> 0 | P51: =P54+P57+P60+P63+P66+P69+P72+P75+P78+P81+P84+P87+P90+P93+P96+P99+P102+P105 -> 0 | Q51: =Q54+Q57+Q60+Q63+Q66+Q69+Q72+Q75+Q78+Q81+Q84+Q87+Q90+Q93+Q96+Q99+Q102+Q105 -> 0 | R51: =SUM(O51:Q51) -> 0
B52: ៦. គម្រោងលើកកម្ពស់ប្រសិទ្ធភាពការងារទប់ស្កាត់ និងបង្ក្រាបអំពើរត់គេចពន្ធ និងបទល្មើសឆ្លងដែនពាក់ព័ន្ធគយ | C52: 510 | D52: =I52 -> 2580 | F52: =F53+F54 -> 2580 | G52: =G53+G54 -> 0 | H52: =H53+H54 -> 0 | I52: =SUM(F52:H52) -> 2580 | J52: សរុប | K52: =K53+K54 -> 0 | L52: =L53+L54 -> 0 | M52: =M53+M54 -> 0 | N52: =SUM(K52:M52) -> 0 | O52: =O53+O54 -> 2580 | P52: =P53+P54 -> 0 | Q52: =Q53+Q54 -> 0 | R52: =SUM(O52:Q52) -> 2580 | S52: =IF(SUM(F52:I52,K52:R52)<>0, "OK", "-") -> OK
F53: 2580 | I53: =SUM(F53:H53) -> 2580 | J53: រាជរដ្ឋាភិបាល | N53: =SUM(K53:M53) -> 0 | O53: =F53-K53 -> 2580 | P53: =G53-L53 -> 0 | Q53: =H53-M53 -> 0 | R53: =SUM(O53:Q53) -> 2580 | S53: =IF(SUM(F53:I53,K53:R53)<>0, "OK", "-") -> OK
I54: =SUM(F54:H54) -> 0 | J54: ដៃគូអភិវឌ្ឍន៍ | N54: =SUM(K54:M54) -> 0 | O54: =F54-K54 -> 0 | P54: =G54-L54 -> 0 | Q54: =H54-M54 -> 0 | R54: =SUM(O54:Q54) -> 0
B55: ៧. គម្រោងសាងសង់អគារសាខាពន្ធដារខណ្ឌចំនួន១ ខេត្តចំនួន៦,ការិយា​ល័យពន្ធដារ១ សាលាជាតិពន្ធដារ និងអគារសាលប្រជុំចំនួន ១ | C55: 492 | D55: =I55 -> 5790.1 | F55: =F56+F57 -> 4456.8 | G55: =G56+G57 -> 888.9 | H55: =H56+H57 -> 444.4 | I55: =SUM(F55:H55) -> 5790.1 | J55: សរុប | K55: =K56+K57 -> 0 | L55: =L56+L57 -> 0 | M55: =M56+M57 -> 0 | N55: =SUM(K55:M55) -> 0 | O55: =O56+O57 -> 4456.8 | P55: =P56+P57 -> 888.9 | Q55: =Q56+Q57 -> 444.4 | R55: =SUM(O55:Q55) -> 5790.1 | S55: =IF(SUM(F55:I55,K55:R55)<>0, "OK", "-") -> OK
F56: 4456.8 | G56: 888.9 | H56: 444.4 | I56: =SUM(F56:H56) -> 5790.1 | J56: រាជរដ្ឋាភិបាល | N56: =SUM(K56:M56) -> 0 | O56: =F56-K56 -> 4456.8 | P56: =G56-L56 -> 888.9 | Q56: =H56-M56 -> 444.4 | R56: =SUM(O56:Q56) -> 5790.1 | S56: =IF(SUM(F56:I56,K56:R56)<>0, "OK", "-") -> OK
I57: =SUM(F57:H57) -> 0 | J57: ដៃគូអភិវឌ្ឍន៍ | N57: =SUM(K57:M57) -> 0 | O57: =F57-K57 -> 0 | P57: =G57-L57 -> 0 | Q57: =H57-M57 -> 0 | R57: =SUM(O57:Q57) -> 0
B58: ៨. គម្រោងទិញដីសម្រាប់សាងសង់អគារសាខាពន្ធដារខណ្ឌពោធិ៍សែនជ័យ | C58: 653 | D58: =I58 -> 2370.4 | F58: =F59+F60 -> 2370.4 | G58: =G59+G60 -> 0 | H58: =H59+H60 -> 0 | I58: =SUM(F58:H58) -> 2370.4 | J58: សរុប | K58: =K59+K60 -> 0 | L58: =L59+L60 -> 0 | M58: =M59+M60 -> 0 | N58: =SUM(K58:M58) -> 0 | O58: =O59+O60 -> 2370.4 | P58: =P59+P60 -> 0 | Q58: =Q59+Q60 -> 0 | R58: =SUM(O58:Q58) -> 2370.4 | S58: =IF(SUM(F58:I58,K58:R58)<>0, "OK", "-") -> OK
F59: 2370.4 | I59: =SUM(F59:H59) -> 2370.4 | J59: រាជរដ្ឋាភិបាល | N59: =SUM(K59:M59) -> 0 | O59: =F59-K59 -> 2370.4 | P59: =G59-L59 -> 0 | Q59: =H59-M59 -> 0 | R59: =SUM(O59:Q59) -> 2370.4 | S59: =IF(SUM(F59:I59,K59:R59)<>0, "OK", "-") -> OK
I60: =SUM(F60:H60) -> 0 | J60: ដៃគូអភិវឌ្ឍន៍ | N60: =SUM(K60:M60) -> 0 | O60: =F60-K60 -> 0 | P60: =G60-L60 -> 0 | Q60: =H60-M60 -> 0 | R60: =SUM(O60:Q60) -> 0
B61: ៩. គម្រោងជួសជុល និងកែលម្អសាខាពន្ធដារខេត្តចំនួន ០៧, សាខាពន្ធដារ ខណ្ឌចំនួន ៧ និងការិយាល័យពន្ធដារ ចំនួន ២ | C61: 652 | D61: =I61 -> 740.7 | F61: =F62+F63 -> 0 | G61: =G62+G63 -> 148.1 | H61: =H62+H63 -> 592.6 | I61: =SUM(F61:H61) -> 740.7 | J61: សរុប | K61: =K62+K63 -> 0 | L61: =L62+L63 -> 0 | M61: =M62+M63 -> 0 | N61: =SUM(K61:M61) -> 0 | O61: =O62+O63 -> 0 | P61: =P62+P63 -> 148.1 | Q61: =Q62+Q63 -> 592.6 | R61: =SUM(O61:Q61) -> 740.7 | S61: =IF(SUM(F61:I61,K61:R61)<>0, "OK", "-") -> OK
G62: 148.1 | H62: 592.6 | I62: =SUM(F62:H62) -> 740.7 | J62: រាជរដ្ឋាភិបាល | N62: =SUM(K62:M62) -> 0 | O62: =F62-K62 -> 0 | P62: =G62-L62 -> 148.1 | Q62: =H62-M62 -> 592.6 | R62: =SUM(O62:Q62) -> 740.7 | S62: =IF(SUM(F62:I62,K62:R62)<>0, "OK", "-") -> OK
I63: =SUM(F63:H63) -> 0 | J63: ដៃគូអភិវឌ្ឍន៍ | N63: =SUM(K63:M63) -> 0 | O63: =F63-K63 -> 0 | P63: =G63-L63 -> 0 | Q63: =H63-M63 -> 0 | R63: =SUM(O63:Q63) -> 0
B64: ១០. គម្រោងអភិវឌ្ឍហេដ្ឋារចនាសម្ព័ន្ធ​ប្រព័ន្ធបច្ចេកវិទ្យាព័ត៌មានដំណាក់កាល​ទី២ | C64: 792 | D64: =I64 -> 3456.8 | F64: =F65+F66 -> 3456.8 | G64: =G65+G66 -> 0 | H64: =H65+H66 -> 0 | I64: =SUM(F64:H64) -> 3456.8 | J64: សរុប | K64: =K65+K66 -> 0 | L64: =L65+L66 -> 0 | M64: =M65+M66 -> 0 | N64: =SUM(K64:M64) -> 0 | O64: =O65+O66 -> 3456.8 | P64: =P65+P66 -> 0 | Q64: =Q65+Q66 -> 0 | R64: =SUM(O64:Q64) -> 3456.8 | S64: =IF(SUM(F64:I64,K64:R64)<>0, "OK", "-") -> OK
F65: 3456.8 | I65: =SUM(F65:H65) -> 3456.8 | J65: រាជរដ្ឋាភិបាល | N65: =SUM(K65:M65) -> 0 | O65: =F65-K65 -> 3456.8 | P65: =G65-L65 -> 0 | Q65: =H65-M65 -> 0 | R65: =SUM(O65:Q65) -> 3456.8 | S65: =IF(SUM(F65:I65,K65:R65)<>0, "OK", "-") -> OK
I66: =SUM(F66:H66) -> 0 | J66: ដៃគូអភិវឌ្ឍន៍ | N66: =SUM(K66:M66) -> 0 | O66: =F66-K66 -> 0 | P66: =G66-L66 -> 0 | Q66: =H66-M66 -> 0 | R66: =SUM(O66:Q66) -> 0
B67: ១១. គម្រោងសាង់សង់ហេដ្ឋារចនាសម្ព័ន្ធរបស់រតនាគាររាជធានី-ខេត្ត ទាំង២២​ និងឃ្លាំងរក្សាទុកឯកសាររបស់អគ្គនាយកដ្ឋានរតនាគារជាតិ | C67: 651 | D67: =I67 -> 4600 | F67: =F68+F69 -> 1600 | G67: =G68+G69 -> 1600 | H67: =H68+H69 -> 1400 | I67: =SUM(F67:H67) -> 4600 | J67: សរុប | K67: =K68+K69 -> 0 | L67: =L68+L69 -> 0 | M67: =M68+M69 -> 0 | N67: =SUM(K67:M67) -> 0 | O67: =O68+O69 -> 1600 | P67: =P68+P69 -> 1600 | Q67: =Q68+Q69 -> 1400 | R67: =SUM(O67:Q67) -> 4600 | S67: =IF(SUM(F67:I67,K67:R67)<>0, "OK", "-") -> OK
F68: 1600 | G68: 1600 | H68: 1400 | I68: =SUM(F68:H68) -> 4600 | J68: រាជរដ្ឋាភិបាល | N68: =SUM(K68:M68) -> 0 | O68: =F68-K68 -> 1600 | P68: =G68-L68 -> 1600 | Q68: =H68-M68 -> 1400 | R68: =SUM(O68:Q68) -> 4600 | S68: =IF(SUM(F68:I68,K68:R68)<>0, "OK", "-") -> OK
I69: =SUM(F69:H69) -> 0 | J69: ដៃគូអភិវឌ្ឍន៍ | N69: =SUM(K69:M69) -> 0 | O69: =F69-K69 -> 0 | P69: =G69-L69 -> 0 | Q69: =H69-M69 -> 0 | R69: =SUM(O69:Q69) -> 0
B70: ១២. គម្រោងសាងសង់អគាររដ្ឋបាល អគ្គនាយកដ្ឋានសវនកម្មផ្ទៃក្នុង | C70: 645 | D70: =I70 -> 600 | F70: =F71+F72 -> 300 | G70: =G71+G72 -> 300 | H70: =H71+H72 -> 0 | I70: =SUM(F70:H70) -> 600 | J70: សរុប | K70: =K71+K72 -> 0 | L70: =L71+L72 -> 0 | M70: =M71+M72 -> 0 | N70: =SUM(K70:M70) -> 0 | O70: =O71+O72 -> 300 | P70: =P71+P72 -> 300 | Q70: =Q71+Q72 -> 0 | R70: =SUM(O70:Q70) -> 600 | S70: =IF(SUM(F70:I70,K70:R70)<>0, "OK", "-") -> OK
F71: 300 | G71: 300 | H71: 0 | I71: =SUM(F71:H71) -> 600 | J71: រាជរដ្ឋាភិបាល | N71: =SUM(K71:M71) -> 0 | O71: =F71-K71 -> 300 | P71: =G71-L71 -> 300 | Q71: =H71-M71 -> 0 | R71: =SUM(O71:Q71) -> 600 | S71: =IF(SUM(F71:I71,K71:R71)<>0, "OK", "-") -> OK
I72: =SUM(F72:H72) -> 0 | J72: ដៃគូអភិវឌ្ឍន៍ | N72: =SUM(K72:M72) -> 0 | O72: =F72-K72 -> 0 | P72: =G72-L72 -> 0 | Q72: =H72-M72 -> 0 | R72: =SUM(O72:Q72) -> 0
B73: ១៣. គម្រោងកែលម្អសំណង់អគារ និង បំពាក់សម្ភារៈបរិក្ខារនៅវិទ្យាស្ថាន សេដ្ឋកិច្ចនិងហិរញ្ញវត្ថុ | C73: 506 | D73: =I73 -> 830 | F73: =F74+F75 -> 830 | G73: =G74+G75 -> 0 | H73: =H74+H75 -> 0 | I73: =SUM(F73:H73) -> 830 | J73: សរុប | K73: =K74+K75 -> 0 | L73: =L74+L75 -> 0 | M73: =M74+M75 -> 0 | N73: =SUM(K73:M73) -> 0 | O73: =O74+O75 -> 830 | P73: =P74+P75 -> 0 | Q73: =Q74+Q75 -> 0 | R73: =SUM(O73:Q73) -> 830 | S73: =IF(SUM(F73:I73,K73:R73)<>0, "OK", "-") -> OK
F74: 830 | I74: =SUM(F74:H74) -> 830 | J74: រាជរដ្ឋាភិបាល | N74: =SUM(K74:M74) -> 0 | O74: =F74-K74 -> 830 | P74: =G74-L74 -> 0 | Q74: =H74-M74 -> 0 | R74: =SUM(O74:Q74) -> 830 | S74: =IF(SUM(F74:I74,K74:R74)<>0, "OK", "-") -> OK
I75: =SUM(F75:H75) -> 0 | J75: ដៃគូអភិវឌ្ឍន៍ | N75: =SUM(K75:M75) -> 0 | O75: =F75-K75 -> 0 | P75: =G75-L75 -> 0 | Q75: =H75-M75 -> 0 | R75: =SUM(O75:Q75) -> 0
B76: ១៤. គម្រោងទិញបរិក្ខារដើម្បីតភ្ជាប់ គម្រោងព័ត៌មានវិទ្យាគ្រប់គ្រងហិរញ្ញ- វត្ថុសាធារណៈសម្រាប់មន្ទីរសេដ្ឋកិច្ច និងហិរញ្ញវត្ថុ ចំនួន១៨រាជធានី ខេត្ត | C76: 644 | D76: =I76 -> 310 | F76: =F77+F78 -> 310 | G76: =G77+G78 -> 0 | H76: =H77+H78 -> 0 | I76: =SUM(F76:H76) -> 310 | J76: សរុប | K76: =K77+K78 -> 0 | L76: =L77+L78 -> 0 | M76: =M77+M78 -> 0 | N76: =SUM(K76:M76) -> 0 | O76: =O77+O78 -> 310 | P76: =P77+P78 -> 0 | Q76: =Q77+Q78 -> 0 | R76: =SUM(O76:Q76) -> 310 | S76: =IF(SUM(F76:I76,K76:R76)<>0, "OK", "-") -> OK
F77: 310 | I77: =SUM(F77:H77) -> 310 | J77: រាជរដ្ឋាភិបាល | N77: =SUM(K77:M77) -> 0 | O77: =F77-K77 -> 310 | P77: =G77-L77 -> 0 | Q77: =H77-M77 -> 0 | R77: =SUM(O77:Q77) -> 310 | S77: =IF(SUM(F77:I77,K77:R77)<>0, "OK", "-") -> OK
I78: =SUM(F78:H78) -> 0 | J78: ដៃគូអភិវឌ្ឍន៍ | N78: =SUM(K78:M78) -> 0 | O78: =F78-K78 -> 0 | P78: =G78-L78 -> 0 | Q78: =H78-M78 -> 0 | R78: =SUM(O78:Q78) -> 0
B79: ១៥. គម្រោងបំពាក់បរិក្ខារសាលប្រជុំនិងទិញម៉ាស៊ីនភ្លើងនៅមន្ទីរសេដ្ឋកិច្ច និងហិរញ្ញវត្ថុចំនួន១១ | C79: 642 | D79: =I79 -> 408 | F79: =F80+F81 -> 395.5 | G79: =G80+G81 -> 12.5 | H79: =H80+H81 -> 0 | I79: =SUM(F79:H79) -> 408 | J79: សរុប | K79: =K80+K81 -> 0 | L79: =L80+L81 -> 0 | M79: =M80+M81 -> 0 | N79: =SUM(K79:M79) -> 0 | O79: =O80+O81 -> 395.5 | P79: =P80+P81 -> 12.5 | Q79: =Q80+Q81 -> 0 | R79: =SUM(O79:Q79) -> 408 | S79: =IF(SUM(F79:I79,K79:R79)<>0, "OK", "-") -> OK
F80: 395.5 | G80: 12.5 | I80: =SUM(F80:H80) -> 408 | J80: រាជរដ្ឋាភិបាល | N80: =SUM(K80:M80) -> 0 | O80: =F80-K80 -> 395.5 | P80: =G80-L80 -> 12.5 | Q80: =H80-M80 -> 0 | R80: =SUM(O80:Q80) -> 408 | S80: =IF(SUM(F80:I80,K80:R80)<>0, "OK", "-") -> OK
I81: =SUM(F81:H81) -> 0 | J81: ដៃគូអភិវឌ្ឍន៍ | N81: =SUM(K81:M81) -> 0 | O81: =F81-K81 -> 0 | P81: =G81-L81 -> 0 | Q81: =H81-M81 -> 0 | R81: =SUM(O81:Q81) -> 0
B82: ១៦. គម្រោងទិញដី​និងសាងសង់​មន្ទីរ​ សេដ្ឋកិច្ច​និង​ហិរញ្ញវត្ថុ​ខេត្តកណ្តាល និងមន្ទីរសេដ្ឋកិច្ចនិងហិរញ្ញវត្ថុរាជធានីភ្នំពេញ | C82: 507 | D82: =I82 -> 4985 | F82: =F83+F84 -> 2500 | G82: =G83+G84 -> 1500 | H82: =H83+H84 -> 985 | I82: =SUM(F82:H82) -> 4985 | J82: សរុប | K82: =K83+K84 -> 0 | L82: =L83+L84 -> 0 | M82: =M83+M84 -> 0 | N82: =SUM(K82:M82) -> 0 | O82: =O83+O84 -> 2500 | P82: =P83+P84 -> 1500 | Q82: =Q83+Q84 -> 985 | R82: =SUM(O82:Q82) -> 4985 | S82: =IF(SUM(F82:I82,K82:R82)<>0, "OK", "-") -> OK
F83: 2500 | G83: 1500 | H83: 985 | I83: =SUM(F83:H83) -> 4985 | J83: រាជរដ្ឋាភិបាល | N83: =SUM(K83:M83) -> 0 | O83: =F83-K83 -> 2500 | P83: =G83-L83 -> 1500 | Q83: =H83-M83 -> 985 | R83: =SUM(O83:Q83) -> 4985 | S83: =IF(SUM(F83:I83,K83:R83)<>0, "OK", "-") -> OK
I84: =SUM(F84:H84) -> 0 | J84: ដៃគូអភិវឌ្ឍន៍ | N84: =SUM(K84:M84) -> 0 | O84: =F84-K84 -> 0 | P84: =G84-L84 -> 0 | Q84: =H84-M84 -> 0 | R84: =SUM(O84:Q84) -> 0
B85: ១៧. គម្រោងសាងសង់និងកែលម្អហេដ្ឋា- រចនាសម្ព័ន្ធរូបវ័ន្តរបស់មន្ទីរសេដ្ឋកិច្ចនិងហិរញ្ញវត្ថុខេត្តចំនួន ៦ | C85: 641 | D85: =I85 -> 1958.5 | F85: =F86+F87 -> 1233.5 | G85: =G86+G87 -> 575 | H85: =H86+H87 -> 150 | I85: =SUM(F85:H85) -> 1958.5 | J85: សរុប | K85: =K86+K87 -> 0 | L85: =L86+L87 -> 0 | M85: =M86+M87 -> 0 | N85: =SUM(K85:M85) -> 0 | O85: =O86+O87 -> 1233.5 | P85: =P86+P87 -> 575 | Q85: =Q86+Q87 -> 150 | R85: =SUM(O85:Q85) -> 1958.5 | S85: =IF(SUM(F85:I85,K85:R85)<>0, "OK", "-") -> OK
F86: 1233.5 | G86: 575 | H86: 150 | I86: =SUM(F86:H86) -> 1958.5 | J86: រាជរដ្ឋាភិបាល | N86: =SUM(K86:M86) -> 0 | O86: =F86-K86 -> 1233.5 | P86: =G86-L86 -> 575 | Q86: =H86-M86 -> 150 | R86: =SUM(O86:Q86) -> 1958.5 | S86: =IF(SUM(F86:I86,K86:R86)<>0, "OK", "-") -> OK
I87: =SUM(F87:H87) -> 0 | J87: ដៃគូអភិវឌ្ឍន៍ | N87: =SUM(K87:M87) -> 0 | O87: =F87-K87 -> 0 | P87: =G87-L87 -> 0 | Q87: =H87-M87 -> 0 | R87: =SUM(O87:Q87) -> 0
B88: ១៨. គម្រោងជួសជុលអគារ​រដ្ឋបាលរបស់មន្ទីរ​សេដ្ឋកិច្ច​និង​ហិរញ្ញវត្ថុចំនួន ២ | C88: 538 | D88: =I88 -> 487.5 | F88: =F89+F90 -> 487.5 | G88: =G89+G90 -> 0 | H88: =H89+H90 -> 0 | I88: =SUM(F88:H88) -> 487.5 | J88: សរុប | K88: =K89+K90 -> 0 | L88: =L89+L90 -> 0 | M88: =M89+M90 -> 0 | N88: =SUM(K88:M88) -> 0 | O88: =O89+O90 -> 487.5 | P88: =P89+P90 -> 0 | Q88: =Q89+Q90 -> 0 | R88: =SUM(O88:Q88) -> 487.5 | S88: =IF(SUM(F88:I88,K88:R88)<>0, "OK", "-") -> OK
F89: 487.5 | I89: =SUM(F89:H89) -> 487.5 | J89: រាជរដ្ឋាភិបាល | N89: =SUM(K89:M89) -> 0 | O89: =F89-K89 -> 487.5 | P89: =G89-L89 -> 0 | Q89: =H89-M89 -> 0 | R89: =SUM(O89:Q89) -> 487.5 | S89: =IF(SUM(F89:I89,K89:R89)<>0, "OK", "-") -> OK
I90: =SUM(F90:H90) -> 0 | J90: ដៃគូអភិវឌ្ឍន៍ | N90: =SUM(K90:M90) -> 0 | O90: =F90-K90 -> 0 | P90: =G90-L90 -> 0 | Q90: =H90-M90 -> 0 | R90: =SUM(O90:Q90) -> 0
D91: =I91 -> 0 | F91: =F92+F93 -> 0 | G91: =G92+G93 -> 0 | H91: =H92+H93 -> 0 | I91: =SUM(F91:H91) -> 0 | J91: សរុប | K91: =K92+K93 -> 0 | L91: =L92+L93 -> 0 | M91: =M92+M93 -> 0 | N91: =SUM(K91:M91) -> 0 | O91: =O92+O93 -> 0 | P91: =P92+P93 -> 0 | Q91: =Q92+Q93 -> 0 | R91: =SUM(O91:Q91) -> 0 | S91: =IF(SUM(F91:I91,K91:R91)<>0, "OK", "-") -> -
I92: =SUM(F92:H92) -> 0 | J92: រាជរដ្ឋាភិបាល | N92: =SUM(K92:M92) -> 0 | O92: =F92-K92 -> 0 | P92: =G92-L92 -> 0 | Q92: =H92-M92 -> 0 | R92: =SUM(O92:Q92) -> 0 | S92: =IF(SUM(F92:I92,K92:R92)<>0, "OK", "-") -> -
I93: =SUM(F93:H93) -> 0 | J93: ដៃគូអភិវឌ្ឍន៍ | N93: =SUM(K93:M93) -> 0 | O93: =F93-K93 -> 0 | P93: =G93-L93 -> 0 | Q93: =H93-M93 -> 0 | R93: =SUM(O93:Q93) -> 0 | S93: =IF(SUM(F93:I93,K93:R93)<>0, "OK", "-") -> -
D94: =I94 -> 0 | F94: =F95+F96 -> 0 | G94: =G95+G96 -> 0 | H94: =H95+H96 -> 0 | I94: =SUM(F94:H94) -> 0 | J94: សរុប | K94: =K95+K96 -> 0 | L94: =L95+L96 -> 0 | M94: =M95+M96 -> 0 | N94: =SUM(K94:M94) -> 0 | O94: =O95+O96 -> 0 | P94: =P95+P96 -> 0 | Q94: =Q95+Q96 -> 0 | R94: =SUM(O94:Q94) -> 0 | S94: =IF(SUM(F94:I94,K94:R94)<>0, "OK", "-") -> -
I95: =SUM(F95:H95) -> 0 | J95: រាជរដ្ឋាភិបាល | N95: =SUM(K95:M95) -> 0 | O95: =F95-K95 -> 0 | P95: =G95-L95 -> 0 | Q95: =H95-M95 -> 0 | R95: =SUM(O95:Q95) -> 0 | S95: =IF(SUM(F95:I95,K95:R95)<>0, "OK", "-") -> -
I96: =SUM(F96:H96) -> 0 | J96: ដៃគូអភិវឌ្ឍន៍ | N96: =SUM(K96:M96) -> 0 | O96: =F96-K96 -> 0 | P96: =G96-L96 -> 0 | Q96: =H96-M96 -> 0 | R96: =SUM(O96:Q96) -> 0 | S96: =IF(SUM(F96:I96,K96:R96)<>0, "OK", "-") -> -
C97: 507 | D97: =I97 -> 0 | F97: =F98+F99 -> 0 | G97: =G98+G99 -> 0 | H97: =H98+H99 -> 0 | I97: =SUM(F97:H97) -> 0 | J97: សរុប | K97: =K98+K99 -> 0 | L97: =L98+L99 -> 0 | M97: =M98+M99 -> 0 | N97: =SUM(K97:M97) -> 0 | O97: =O98+O99 -> 0 | P97: =P98+P99 -> 0 | Q97: =Q98+Q99 -> 0 | R97: =SUM(O97:Q97) -> 0 | S97: =IF(SUM(F97:I97,K97:R97)<>0, "OK", "-") -> -
I98: =SUM(F98:H98) -> 0 | J98: រាជរដ្ឋាភិបាល | N98: =SUM(K98:M98) -> 0 | O98: =F98-K98 -> 0 | P98: =G98-L98 -> 0 | Q98: =H98-M98 -> 0 | R98: =SUM(O98:Q98) -> 0 | S98: =IF(SUM(F98:I98,K98:R98)<>0, "OK", "-") -> -
I99: =SUM(F99:H99) -> 0 | J99: ដៃគូអភិវឌ្ឍន៍ | N99: =SUM(K99:M99) -> 0 | O99: =F99-K99 -> 0 | P99: =G99-L99 -> 0 | Q99: =H99-M99 -> 0 | R99: =SUM(O99:Q99) -> 0 | S99: =IF(SUM(F99:I99,K99:R99)<>0, "OK", "-") -> -
D100: =I100 -> 0 | F100: =F101+F102 -> 0 | G100: =G101+G102 -> 0 | H100: =H101+H102 -> 0 | I100: =SUM(F100:H100) -> 0 | J100: សរុប | K100: =K101+K102 -> 0 | L100: =L101+L102 -> 0 | M100: =M101+M102 -> 0 | N100: =SUM(K100:M100) -> 0 | O100: =O101+O102 -> 0 | P100: =P101+P102 -> 0 | Q100: =Q101+Q102 -> 0 | R100: =SUM(O100:Q100) -> 0 | S100: =IF(SUM(F100:I100,K100:R100)<>0, "OK", "-") -> -
I101: =SUM(F101:H101) -> 0 | J101: រាជរដ្ឋាភិបាល | N101: =SUM(K101:M101) -> 0 | O101: =F101-K101 -> 0 | P101: =G101-L101 -> 0 | Q101: =H101-M101 -> 0 | R101: =SUM(O101:Q101) -> 0 | S101: =IF(SUM(F101:I101,K101:R101)<>0, "OK", "-") -> -
I102: =SUM(F102:H102) -> 0 | J102: ដៃគូអភិវឌ្ឍន៍ | N102: =SUM(K102:M102) -> 0 | O102: =F102-K102 -> 0 | P102: =G102-L102 -> 0 | Q102: =H102-M102 -> 0 | R102: =SUM(O102:Q102) -> 0 | S102: =IF(SUM(F102:I102,K102:R102)<>0, "OK", "-") -> -
C103: 538 | D103: =I103 -> 0 | F103: =F104+F105 -> 0 | G103: =G104+G105 -> 0 | H103: =H104+H105 -> 0 | I103: =SUM(F103:H103) -> 0 | J103: សរុប | K103: =K104+K105 -> 0 | L103: =L104+L105 -> 0 | M103: =M104+M105 -> 0 | N103: =SUM(K103:M103) -> 0 | O103: =O104+O105 -> 0 | P103: =P104+P105 -> 0 | Q103: =Q104+Q105 -> 0 | R103: =SUM(O103:Q103) -> 0 | S103: =IF(SUM(F103:I103,K103:R103)<>0, "OK", "-") -> -
I104: =SUM(F104:H104) -> 0 | J104: រាជរដ្ឋាភិបាល | N104: =SUM(K104:M104) -> 0 | O104: =F104-K104 -> 0 | P104: =G104-L104 -> 0 | Q104: =H104-M104 -> 0 | R104: =SUM(O104:Q104) -> 0 | S104: =IF(SUM(F104:I104,K104:R104)<>0, "OK", "-") -> -
...

Sheet PIP 2019-2021 by BEs
A4: ឧបសម្ព័ន្ធទី២៖ តារាងសរុបគម្រោងវិនិយោគរបស់ក្រសួងសេដ្ឋកិច្ចនិងហិរញ្ញវត្ថុ សម្រាប់ដាក់បញ្ជូលក្នុង ក.វ.ស ៣ឆ្នាំរកិល ២០១៩-២០២១ (តាមអង្គភាពថវិកា)
R5: ឯកតា៖ពាន់ដុល្លារអាមេរិក
B6: ឈ្មោះកម្មវិធី/ ឈ្មោះអនុកម្មវិធី /ឈ្មោះគម្រោង | C6: លេខ PIP | D6: ស្ថានភាពគម្រោង | E6: ប្រភេទគម្រោង | F6: ចំណាយប៉ាន់ស្មានសរុប | J6: ហិរញ្ញប្បទានសន្យាផ្តល់ | N6: តម្រូវការហិរញ្ញប្បទានបំពេញបន្ថែម | R6: ប្រភព ហិរញ្ញប្បទាន
F7: 2019 | G7: 2020 | H7: 2021 | I7: សរុប​៣ឆ្នាំ | J7: 2019 | K7: 2020 | L7: 2021 | M7: សរុប​៣ឆ្នាំ | N7: 2019 | O7: 2020 | P7: 2021 | Q7: សរុប​៣ឆ្នាំ
B9: សរុបរួម ក្រសួង​សេដ្ឋ​កិច្ច​និង​ហិរញ្ញវត្ថុ | F9: =F10+F17+F24+F36+F48 -> 31758.3 | G9: =G10+G17+G24+G36+G48 -> 9924.5 | H9: =H10+H17+H24+H36+H48 -> 4922 | I9: =SUM(F9:H9) -> 46604.8 | J9: =J10+J17+J24+J36+J48 -> 3050 | K9: =K10+K17+K24+K36+K48 -> 3050 | L9: =L10+L17+L24+L36+L48 -> 0 | M9: =SUM(J9:L9) -> 6100 | N9: =N10+N17+N24+N36+N48 -> 28708.3 | O9: =O10+O17+O24+O36+O48 -> 6874.5 | P9: =P10+P17+P24+P36+P48 -> 4922 | Q9: =SUM(N9:P9) -> 40504.8
B10: កម្មវិធីទី១៖ ពង្រឹងនិងបង្កើនប្រសិទ្ធភាពនៃការគ្រប់គ្រងសេដ្ឋកិច្ច | F10: =F11+F13+F15 -> 0 | G10: =G11+G13+G15 -> 0 | H10: =H11+H13+H15 -> 0 | I10: =I11+I13+I15 -> 0 | J10: =J11+J13+J15 -> 0 | K10: =K11+K13+K15 -> 0 | L10: =L11+L13+L15 -> 0 | M10: =M11+M13+M15 -> 0 | ... Q10: =Q11+Q13+Q15 -> 0 | S10: =IF(SUM(I10,Q10), "OK ", "-") -> -
B11: អនុកម្មវិធី ១.១ ៖ អគ្គនាយកដ្ឋានគោលនយោបាយសេដ្ឋកិច្ច និងហិរញ្ញវត្ថុសាធារណៈ | S11: =IF(SUM(I11,Q11), "OK ", "-") -> -
B12: ១. គម្រោង................ | S12: =IF(SUM(I12,Q12), "OK ", "-") -> -
B13: អនុកម្មវិធី ១.២ ៖ គណៈកម្មាធិការផលិតភាពកម្ពុជា | S13: =IF(SUM(I13,Q13), "OK ", "-") -> -
B14: ១. គម្រោង................ | S14: =IF(SUM(I14,Q14), "OK ", "-") -> -
B15: អនុកម្មវិធី ១.៣ ៖ ឧត្តមក្រុមប្រឹក្សាសេដ្ឋកិច្ចកម្ពុជា | S15: =IF(SUM(I15,Q15), "OK ", "-") -> -
B16: ១. គម្រោង................ | S16: =IF(SUM(I16,Q16), "OK ", "-") -> -
B17: កម្មវិធីទី២៖ ពង្រឹងនិងបង្កើនប្រសិទ្ធភាពនៃការគ្រប់គ្រងការត្រួតពិនិត្យ និងការអភិវឌ្ឍន៍វិស័យហិរញ្ញវត្ថុ | F17: =F18+F20+F22 -> 1500 | G17: =G18+G20+G22 -> 1500 | H17: =H18+H20+H22 -> 1000 | I17: =I18+I20+I22 -> 4000 | J17: =J18+J20+J22 -> 0 | K17: =K18+K20+K22 -> 0 | L17: =L18+L20+L22 -> 0 | M17: =M18+M20+M22 -> 0 | ... Q17: =Q18+Q20+Q22 -> 4000 | S17: =IF(SUM(I17,Q17), "OK ", "-") -> OK
B18: អនុកម្មវិធី ២.១ ៖ អគ្គនាយកដ្ឋានឧស្សាហកម្មហិរញ្ញវត្ថុ | S18: =IF(SUM(I18,Q18), "OK ", "-") -> -
B19: ១. គម្រោង................ | S19: =IF(SUM(I19,Q19), "OK ", "-") -> -
B20: អនុកម្មវិធី ២.២ ៖ ក្រុមប្រឹក្សាជាតិគណនេយ្យ | S20: =IF(SUM(I20,Q20), "OK ", "-") -> -
B21: ១. គម្រោង................ | S21: =IF(SUM(I21,Q21), "OK ", "-") -> -
B22: អនុកម្មវិធី ២.៣ ៖ គណៈកម្មការមូលបត្រកម្ពុជា | F22: =SUM(F23) -> 1500 | G22: =SUM(G23) -> 1500 | H22: =SUM(H23) -> 1000 | I22: =SUM(F22:H22) -> 4000 | J22: =SUM(J23) -> 0 | K22: =SUM(K23) -> 0 | L22: =SUM(L23) -> 0 | M22: =SUM(J22:L22) -> 0 | N22: =SUM(N23) -> 1500 | O22: =SUM(O23) -> 1500 | P22: =SUM(P23) -> 1000 | Q22: =SUM(N22:P22) -> 4000 | S22: =IF(SUM(I22,Q22), "OK ", "-") -> OK
B23: ១. គម្រោងសាងសង់អគារគណៈកម្មការមូលបត្រកម្ពុជា | C23: 491 | D23: គម្រោងកំពុងដំណើរការ | E23: វិនិយោគជាទុន | F23: 1500 | G23: 1500 | H23: 1000 | I23: =SUM(F23:H23) -> 4000 | J23: 0 | K23: 0 | L23: 0 | M23: =SUM(J23:L23) -> 0 | N23: =F23-J23 -> 1500 | O23: =G23-K23 -> 1500 | P23: =H23-L23 -> 1000 | Q23: =SUM(N23:P23) -> 4000 | R23: ហិ.រ ក្រៅប្រទេស ADB | S23: =IF(SUM(I23,Q23), "OK ", "-") -> OK
B24: កម្មវិធីទី៣៖ ពង្រឹងនិងបង្កើនស័ក្តិសិទ្ធភាពនិងប្រសិទ្ធភាព នៃការគ្រប់គ្រងការកៀរគរចំណូលថវិកាជាតិ និងទ្រព្យសម្បត្តិរដ្ឋ | F24: =F25+F29+F34 -> 17464 | G24: =G25+G29+G34 -> 4437 | H24: =H25+H29+H34 -> 1387 | I24: =I25+I29+I34 -> 23288 | J24: =J25+J29+J34 -> 3050 | K24: =K25+K29+K34 -> 3050 | L24: =L25+L29+L34 -> 0 | M24: =M25+M29+M34 -> 6100 | ... Q24: =Q25+Q29+Q34 -> 17188 | S24: =IF(SUM(I24,Q24), "OK ", "-") -> OK
B25: អនុកម្មវិធី ៣.១ ៖ អគ្គនាយកដ្ឋានគយ និងរដ្ឋាករកម្ពុជា | F25: =SUM(F26:F28) -> 7180 | G25: =SUM(G26:G28) -> 3400 | H25: =SUM(H26:H28) -> 350 | I25: =SUM(F25:H25) -> 10930 | J25: =SUM(J26:J28) -> 3050 | K25: =SUM(K26:K28) -> 3050 | L25: =SUM(L26:L28) -> 0 | M25: =SUM(J25:L25) -> 6100 | N25: =SUM(N26:N28) -> 4130 | O25: =SUM(O26:O28) -> 350 | P25: =SUM(P26:P28) -> 350 | Q25: =SUM(N25:P25) -> 4830 | S25: =IF(SUM(I25,Q25), "OK ", "-") -> OK
B26: ១. គម្រោងលើកកម្ពស់ហេដ្ឋារចនាសម្ព័ន្ធសាធារណៈ របស់អគ្គនាយកដ្ឋានគយ និងរដ្ឋាករកម្ពុជា | C26: 509 | D26: គម្រោងកំពុងអនុវត្ត | E26: វិនិយោគជាទុន | F26: 3050 | G26: 3050 | I26: =SUM(F26:H26) -> 6100 | J26: 3050 | K26: 3050 | M26: =SUM(J26:L26) -> 6100 | N26: =F26-J26 -> 0 | O26: =G26-K26 -> 0 | P26: =H26-L26 -> 0 | Q26: =SUM(N26:P26) -> 0 | R26: ហិ.រ ក្នុងប្រ/ទ | S26: =IF(SUM(I26,Q26), "OK ", "-") -> OK
B27: ២. គម្រោងប្រព័ន្ធបញ្ជរតែមួយជាតិ | C27: 659 | D27: គម្រោងកំពុងអនុវត្ត | E27: វិនិយោគជាទុន | F27: 1550 | G27: 350 | H27: 350 | I27: =SUM(F27:H27) -> 2250 | M27: =SUM(J27:L27) -> 0 | N27: =F27-J27 -> 1550 | O27: =G27-K27 -> 350 | P27: =H27-L27 -> 350 | Q27: =SUM(N27:P27) -> 2250 | R27: ហិ.រ ក្នុងប្រ/ទ | S27: =IF(SUM(I27,Q27), "OK ", "-") -> OK
B28: ៣. គម្រោងលើកកម្ពស់ប្រសិទ្ធភាពការងារទប់ស្កាត់ និងបង្ក្រាបអំពើរត់គេចពន្ធ និងបទល្មើសឆ្លងដែនពាក់ព័ន្ធគយ | C28: 510 | D28: គម្រោងស្នើសុំថ្មី | E28: វិនិយោគជាទុន | F28: 2580 | I28: =SUM(F28:H28) -> 2580 | M28: =SUM(J28:L28) -> 0 | N28: =F28-J28 -> 2580 | O28: =G28-K28 -> 0 | P28: =H28-L28 -> 0 | Q28: =SUM(N28:P28) -> 2580 | R28: ហិ.រ ក្នុងប្រ/ទ | S28: =IF(SUM(I28,Q28), "OK ", "-") -> OK
B29: អនុកម្មវិធី ៣.២ ៖ អគ្គនាយកដ្ឋានពន្ធដារ | F29: =SUM(F30:F33) -> 10284 | G29: =SUM(G30:G33) -> 1037 | H29: =SUM(H30:H33) -> 1037 | I29: =SUM(F29:H29) -> 12358 | J29: =SUM(J30:J33) -> 0 | K29: =SUM(K30:K33) -> 0 | L29: =SUM(L30:L33) -> 0 | M29: =SUM(J29:L29) -> 0 | N29: =SUM(N30:N33) -> 10284 | O29: =SUM(O30:O33) -> 1037 | P29: =SUM(P30:P33) -> 1037 | Q29: =SUM(N29:P29) -> 12358 | S29: =IF(SUM(I29,Q29), "OK ", "-") -> OK
B30: ១. គម្រោងសាងសង់អគារសាខាពន្ធដារខណ្ឌចំនួន១ ខេត្តចំនួន៦, ការិយាល័យពន្ធដារ១,សាលាជាតិពន្ធដារនិងអគារសាលប្រជុំចំនួន១ | C30: 492 | D30: គម្រោងស្នើសុំថ្មី | E30: វិនិយោគជាទុន | F30: 4456.8 | G30: 888.9 | H30: 444.4 | I30: =SUM(F30:H30) -> 5790.1 | M30: =SUM(J30:L30) -> 0 | N30: =F30-J30 -> 4456.8 | O30: =G30-K30 -> 888.9 | P30: =H30-L30 -> 444.4 | Q30: =SUM(N30:P30) -> 5790.1 | R30: ហិ.រ ក្នុងប្រ/ទ | S30: =IF(SUM(I30,Q30), "OK ", "-") -> OK
B31: ២. គម្រោងទិញដីសម្រាប់សាងសង់អគារសាខាពន្ធដារខណ្ឌពោធិ៍សែនជ័យ | C31: 653 | D31: គម្រោងស្នើសុំថ្មី | E31: វិនិយោគជាទុន | F31: 2370.4 | I31: =SUM(F31:H31) -> 2370.4 | M31: =SUM(J31:L31) -> 0 | N31: =F31-J31 -> 2370.4 | O31: =G31-K31 -> 0 | P31: =H31-L31 -> 0 | Q31: =SUM(N31:P31) -> 2370.4 | R31: ហិ.រ ក្នុងប្រ/ទ | S31: =IF(SUM(I31,Q31), "OK ", "-") -> OK
B32: ៣. គម្រោងជួសជុល និងកែលម្អសាខាពន្ធដារខេត្តចំនួន ០៧, សាខាពន្ធដារ ខណ្ឌចំនួន ៧ និងការិយាល័យពន្ធដារ ចំនួន ២ | C32: 652 | D32: គម្រោងស្នើសុំថ្មី | E32: វិនិយោគជាទុន | G32: 148.1 | H32: 592.6 | I32: =SUM(F32:H32) -> 740.7 | M32: =SUM(J32:L32) -> 0 | N32: =F32-J32 -> 0 | O32: =G32-K32 -> 148.1 | P32: =H32-L32 -> 592.6 | Q32: =SUM(N32:P32) -> 740.7 | R32: ហិ.រ ក្នុងប្រ/ទ | S32: =IF(SUM(I32,Q32), "OK ", "-") -> OK
B33: ៤. គម្រោងអភិវឌ្ឍហេដ្ឋារចនាសម្ព័ន្ធ​ប្រព័ន្ធបច្ចេកវិទ្យាព័ត៌មានដំណាក់កាល​ទី២ | C33: 792 | D33: គម្រោងស្នើសុំថ្មី | E33: វិនិយោគជាទុន | F33: 3456.8 | I33: =SUM(F33:H33) -> 3456.8 | M33: =SUM(J33:L33) -> 0 | N33: =F33-J33 -> 3456.8 | O33: =G33-K33 -> 0 | P33: =H33-L33 -> 0 | Q33: =SUM(N33:P33) -> 3456.8 | R33: ហិ.រ ក្នុងប្រ/ទ | S33: =IF(SUM(I33,Q33), "OK ", "-") -> OK
B34: អនុកម្មវិធី ៣.៣ ៖ អគ្គនាយកដ្ឋានទ្រព្យសម្បត្តិរដ្ឋ និងចំណូលមិនមែនសារពើពន្ធ | S34: =IF(SUM(I34,Q34), "OK ", "-") -> -
B35: ១. គម្រោង................ | S35: =IF(SUM(I35,Q35), "OK ", "-") -> -
B36: កម្មវិធីទី៤៖ ពង្រឹងនិងបង្កើនស័ក្តិសិទ្ធភាពនិងប្រសិទ្ធភាព នៃការគ្រប់គ្រងចំណាយសាធារណៈ | F36: =F37+F39+F41+F43+F45 -> 6737.8 | G36: =G37+G39+G41+G43+G45 -> 1600 | H36: =H37+H39+H41+H43+H45 -> 1400 | I36: =I37+I39+I41+I43+I45 -> 9737.8 | J36: =J37+J39+J41+J43+J45 -> 0 | K36: =K37+K39+K41+K43+K45 -> 0 | L36: =L37+L39+L41+L43+L45 -> 0 | M36: =M37+M39+M41+M43+M45 -> 0 | ... Q36: =Q37+Q39+Q41+Q43+Q45 -> 9737.8 | S36: =IF(SUM(I36,Q36), "OK ", "-") -> OK
B37: អនុកម្មវិធី ៤.១ ៖ អគ្គនាយកដ្ឋានថវិកា | S37: =IF(SUM(I37,Q37), "OK ", "-") -> -
B38: ១. គម្រោង................ | S38: =IF(SUM(I38,Q38), "OK ", "-") -> -
B39: អនុកម្មវិធី ៤.២ ៖ អគ្គនាយកដ្ឋានហិរញ្ញវត្ថុរដ្ឋបាលថ្នាក់ក្រោមជាតិ | S39: =IF(SUM(I39,Q39), "OK ", "-") -> -
B40: ១. គម្រោង................ | S40: =IF(SUM(I40,Q40), "OK ", "-") -> -
B41: អនុកម្មវិធី ៤.៣ ៖ អគ្គនាយកដ្ឋានលទ្ធកម្មសាធារណៈ | S41: =IF(SUM(I41,Q41), "OK ", "-") -> -
B42: ១. គម្រោង................ | S42: =IF(SUM(I42,Q42), "OK ", "-") -> -
B43: អនុកម្មវិធី ៤.៤ ៖ អគ្គនាយកដ្ឋានរតនាគារជាតិ | F43: =F44 -> 1600 | G43: =G44 -> 1600 | H43: =H44 -> 1400 | I43: =SUM(F43:H43) -> 4600 | J43: =J44 -> 0 | K43: =K44 -> 0 | L43: =L44 -> 0 | M43: =SUM(J43:L43) -> 0 | N43: =N44 -> 1600 | O43: =O44 -> 1600 | P43: =P44 -> 1400 | Q43: =SUM(N43:P43) -> 4600 | S43: =IF(SUM(I43,Q43), "OK ", "-") -> OK
B44: ១. គម្រោងសាង់សង់ហេដ្ឋារចនាសម្ព័ន្ធរបស់រតនាគាររាជធានី-ខេត្ត ទាំង២២​និងឃ្លាំងរក្សាទុកឯកសាររបស់អគ្គនាយកដ្ឋានរតនាគារជាតិ | C44: 651 | D44: គម្រោងស្នើសុំថ្មី | E44: វិនិយោគជាទុន | F44: 1600 | G44: 1600 | H44: 1400 | I44: =SUM(F44:H44) -> 4600 | M44: =SUM(J44:L44) -> 0 | N44: =F44-J44 -> 1600 | O44: =G44-K44 -> 1600 | P44: =H44-L44 -> 1400 | Q44: =SUM(N44:P44) -> 4600 | R44: ហិ.រ ក្នុងប្រ/ទ | S44: =IF(SUM(I44,Q44), "OK ", "-") -> OK
B45: អនុកម្មវិធី ៤.៥ ៖ អគ្គនាយកដ្ឋានសហប្រតិបត្តិការអន្តរជាតិ និងគ្រប់គ្រងបំណុល | F45: =SUM(F46:F47) -> 5137.8 | G45: =SUM(G46:G47) -> 0 | H45: =SUM(H46:H47) -> 0 | I45: =SUM(F45:H45) -> 5137.8 | J45: =SUM(J46:J47) -> 0 | K45: =SUM(K46:K47) -> 0 | L45: =SUM(L46:L47) -> 0 | M45: =SUM(J45:L45) -> 0 | N45: =SUM(N46:N47) -> 5137.8 | O45: =SUM(O46:O47) -> 0 | P45: =SUM(P46:P47) -> 0 | Q45: =SUM(N45:P45) -> 5137.8 | S45: =IF(SUM(I45,Q45), "OK ", "-") -> OK
B46: ១.គម្រោងជួសជុលនិងកែលម្អអគារធំ Renovation and Reinforcement of Main Building, Implemented by GDICDM | C46: 793 | D46: គម្រោងកំពុងដំណើរការ | E46: វិនិយោគជាទុន | F46: 1937.8 | G46: 0 | H46: 0 | I46: =SUM(F46:H46) -> 1937.8 | M46: =SUM(J46:L46) -> 0 | N46: =F46-J46 -> 1937.8 | O46: =G46-K46 -> 0 | P46: =H46-L46 -> 0 | Q46: =SUM(N46:P46) -> 1937.8 | R46: ហិ.រ ក្នុងប្រទេស | S46: =IF(SUM(I46,Q46), "OK ", "-") -> OK
B47: ២.គម្រោងសាងសង់ចំណតរថយន្តក្រោមដី Construction of MEF underground car packing, implemented by GDICDM | C47: 655 | D47: គម្រោងកំពុងដំណើរការ | E47: វិនិយោគជាទុន | F47: 3200 | G47: 0 | H47: 0 | I47: =SUM(F47:H47) -> 3200 | M47: =SUM(J47:L47) -> 0 | N47: =F47-J47 -> 3200 | O47: =G47-K47 -> 0 | P47: =H47-L47 -> 0 | Q47: =SUM(N47:P47) -> 3200 | R47: ហិ.រ ក្នុងប្រទេស | S47: =IF(SUM(I47,Q47), "OK ", "-") -> OK
B48: កម្មវិធីទី៥៖ ពង្រឹងនិងបង្កើនស័ក្តិសិទ្ធភាពនិងប្រសិទ្ធភាព នៃការគាំទ្រទូទៅ និងការធានាគណនេយ្យភាពក្នុងការគ្រប់គ្រងហិរញ្ញវត្ថុសាធារណៈ | F48: =F49+F51+F53+F127+F129+F131+F133 -> 6056.5 | G48: =G49+G51+G53+G127+G129+G131+G133 -> 2387.5 | H48: =H49+H51+H53+H127+H129+H131+H133 -> 1135 | I48: =I49+I51+I53+I127+I129+I131+I133 -> 9579 | J48: =J49+J51+J53+J127+J129+J131+J133 -> 0 | K48: =K49+K51+K53+K127+K129+K131+K133 -> 0 | L48: =L49+L51+L53+L127+L129+L131+L133 -> 0 | M48: =M49+M51+M53+M127+M129+M131+M133 -> 0 | ... Q48: =Q49+Q51+Q53+Q127+Q129+Q131+Q133 -> 9579 | S48: =IF(SUM(I48,Q48), "OK ", "-") -> OK
B49: អនុកម្មវិធី ៥.១ ៖ អគ្គលេខាធិការដ្ឋានគណៈកម្មាធិការដឹកនាំការងារកែទម្រង់ការគ្រប់គ្រងហិរញ្ញវត្ថុសាធារណៈ | S49: =IF(SUM(I49,Q49), "OK ", "-") -> -
B50: ១. គម្រោង................ | S50: =IF(SUM(I50,Q50), "OK ", "-") -> -
B51: អនុកម្មវិធី ៥.២ ៖ អគ្គលេខាធិការដ្ឋានក្រសួងសេដ្ឋកិច្ចនិងហិរញ្ញវត្ថុ | S51: =IF(SUM(I51,Q51), "OK ", "-") -> -
B52: ១. គម្រោង................ | S52: =IF(SUM(I52,Q52), "OK ", "-") -> -
B53: អនុកម្មវិធី ៥.៣ ៖មន្ទីរសេដ្ឋកិច្ចនិងហិរញ្ញវត្ថុរាជធានី ខេត្ត | F53: =F54+F57+F62+F65+F67+F69+F73+F75+F77+F80+F85+F87+F91+F93+F95+F98+F101+F103+F105+F107+F110+F113+F117+F120+F123 -> 4926.5 | G53: =G54+G57+G62+G65+G67+G69+G73+G75+G77+G80+G85+G87+G91+G93+G95+G98+G101+G103+G105+G107+G110+G113+G117+G120+G123 -> 2087.5 | H53: =H54+H57+H62+H65+H67+H69+H73+H75+H77+H80+H85+H87+H91+H93+H95+H98+H101+H103+H105+H107+H110+H113+H117+H120+H123 -> 1135 | I53: =SUM(F53:H53) -> 8149 | J53: =J54+J57+J62+J65+J67+J69+J73+J75+J77+J80+J85+J87+J91+J93+J95+J98+J101+J103+J105+J107+J110+J113+J117+J120+J123 -> 0 | K53: =K54+K57+K62+K65+K67+K69+K73+K75+K77+K80+K85+K87+K91+K93+K95+K98+K101+K103+K105+K107+K110+K113+K117+K120+K123 -> 0 | L53: =L54+L57+L62+L65+L67+L69+L73+L75+L77+L80+L85+L87+L91+L93+L95+L98+L101+L103+L105+L107+L110+L113+L117+L120+L123 -> 0 | M53: =SUM(J53:L53) -> 0 | N53: =N54+N57+N62+N65+N67+N69+N73+N75+N77+N80+N85+N87+N91+N93+N95+N98+N101+N103+N105+N107+N110+N113+N117+N120+N123 -> 4926.5 | O53: =O54+O57+O62+O65+O67+O69+O73+O75+O77+O80+O85+O87+O91+O93+O95+O98+O101+O103+O105+O107+O110+O113+O117+O120+O123 -> 2087.5 | P53: =P54+P57+P62+P65+P67+P69+P73+P75+P77+P80+P85+P87+P91+P93+P95+P98+P101+P103+P105+P107+P110+P113+P117+P120+P123 -> 1135 | Q53: =SUM(N53:P53) -> 8149 | S53: =IF(SUM(I53,Q53), "OK ", "-") -> OK
B54: ច.ស ទី១ ៖ មសហវ ខេត្តបន្ទាយមានជ័យ | F54: =SUM(F55:F56) -> 93.5 | G54: =SUM(G55:G56) -> 100 | H54: =SUM(H55:H56) -> 50 | I54: =SUM(F54:H54) -> 243.5 | J54: =SUM(J55:J56) -> 0 | K54: =SUM(K55:K56) -> 0 | L54: =SUM(L55:L56) -> 0 | M54: =SUM(J54:L54) -> 0 | N54: =SUM(N55:N56) -> 93.5 | O54: =SUM(O55:O56) -> 100 | P54: =SUM(P55:P56) -> 50 | Q54: =SUM(N54:P54) -> 243.5 | S54: =IF(SUM(I54,Q54), "OK ", "-") -> OK
B55: ១. គម្រោងសាងសង់សាលប្រជុំ | C55: 641 | D55: គម្រោងស្នើសុំថ្មី | E55: វិនិយោគជាទុន | F55: 93.5 | G55: 0 | H55: 0 | I55: =SUM(F55:H55) -> 93.5 | J55: 0 | K55: 0 | L55: 0 | M55: =SUM(J55:L55) -> 0 | N55: =F55-J55 -> 93.5 | O55: =G55-K55 -> 0 | P55: =H55-L55 -> 0 | Q55: =SUM(N55:P55) -> 93.5 | R55: ហិ.រ ក្នុងប្រ/ទ | S55: =IF(SUM(I55,Q55), "OK ", "-") -> OK
B56: ២. គម្រោងសាងសង់អគារការិយាល័យ ឃ្លាំងដាក់ឯកសារ សម្ភារៈ និងរោងម៉ាស៊ីន | C56: 641 | D56: គម្រោងស្នើសុំថ្មី | E56: វិនិយោគជាទុន | F56: 0 | G56: 100 | H56: 50 | I56: =SUM(F56:H56) -> 150 | J56: 0 | K56: 0 | L56: 0 | M56: =SUM(J56:L56) -> 0 | N56: =F56-J56 -> 0 | O56: =G56-K56 -> 100 | P56: =H56-L56 -> 50 | Q56: =SUM(N56:P56) -> 150 | R56: ហិ.រ ក្នុងប្រ/ទ | S56: =IF(SUM(I56,Q56), "OK ", "-") -> OK
B57: ច.ស ទី២ ៖ មសហវ ខេត្តបាត់ដំបង | F57: =SUM(F58:F61) -> 350 | G57: =SUM(G58:G61) -> 275 | H57: =SUM(H58:H61) -> 0 | I57: =SUM(F57:H57) -> 625 | J57: =SUM(J58:J61) -> 0 | K57: =SUM(K58:K61) -> 0 | L57: =SUM(L58:L61) -> 0 | M57: =SUM(J57:L57) -> 0 | N57: =SUM(N58:N61) -> 350 | O57: =SUM(O58:O61) -> 275 | P57: =SUM(P58:P61) -> 0 | Q57: =SUM(N57:P57) -> 625 | S57: =IF(SUM(I57,Q57), "OK ", "-") -> OK
B58: ១. គម្រោងទិញបរិក្ខារដើម្បីត្រៀមតភ្ជាប់គម្រោង FMIS | C58: 644 | D58: គម្រោងស្នើសុំថ្មី | E58: វិនិយោគជាទុន | F58: 20 | I58: =SUM(F58:H58) -> 20 | M58: =SUM(J58:L58) -> 0 | N58: =F58-J58 -> 20 | O58: =G58-K58 -> 0 | P58: =H58-L58 -> 0 | Q58: =SUM(N58:P58) -> 20 | R58: ហិ.រ ក្នុងប្រ/ទ | S58: =IF(SUM(I58,Q58), "OK ", "-") -> OK
B59: ២. គម្រោងបំពាក់បរិក្ខារបំពាក់អគារ | C59: 642 | D59: គម្រោងស្នើសុំថ្មី | E59: វិនិយោគជាទុន | F59: 42.5 | I59: =SUM(F59:H59) -> 42.5 | M59: =SUM(J59:L59) -> 0 | N59: =F59-J59 -> 42.5 | O59: =G59-K59 -> 0 | P59: =H59-L59 -> 0 | Q59: =SUM(N59:P59) -> 42.5 | R59: ហិ.រ ក្នុងប្រ/ទ | S59: =IF(SUM(I59,Q59), "OK ", "-") -> OK
B60: ៣. គម្រោងសាងសង់អគារសម្រាប់ប្រជុំ | C60: 641 | D60: គម្រោងស្នើសុំថ្មី | E60: វិនិយោគជាទុន | F60: 175 | G60: 275 | I60: =SUM(F60:H60) -> 450 | M60: =SUM(J60:L60) -> 0 | N60: =F60-J60 -> 175 | O60: =G60-K60 -> 275 | P60: =H60-L60 -> 0 | Q60: =SUM(N60:P60) -> 450 | R60: ហិ.រ ក្នុងប្រ/ទ | S60: =IF(SUM(I60,Q60), "OK ", "-") -> OK
B61: ៤. គម្រោងជួសជុលអគារចាស់ ១ | C61: 538 | D61: គម្រោងស្នើសុំថ្មី | E61: វិនិយោគជាទុន | F61: 112.5 | I61: =SUM(F61:H61) -> 112.5 | M61: =SUM(J61:L61) -> 0 | N61: =F61-J61 -> 112.5 | O61: =G61-K61 -> 0 | P61: =H61-L61 -> 0 | Q61: =SUM(N61:P61) -> 112.5 | R61: ហិ.រ ក្នុងប្រ/ទ | S61: =IF(SUM(I61,Q61), "OK ", "-") -> OK
B62: ច.ស ទី៣ ៖ មសហវ ខេត្តកំពង់ចាម | F62: =SUM(F63:F64) -> 215 | G62: =SUM(G63:G64) -> 200 | H62: =SUM(H63:H64) -> 100 | I62: =SUM(F62:H62) -> 515 | J62: =SUM(J63:J64) -> 0 | K62: =SUM(K63:K64) -> 0 | L62: =SUM(L63:L64) -> 0 | M62: =SUM(J62:L62) -> 0 | N62: =SUM(N63:N64) -> 215 | O62: =SUM(O63:O64) -> 200 | P62: =SUM(P63:P64) -> 100 | Q62: =SUM(N62:P62) -> 515 | S62: =IF(SUM(I62,Q62), "OK ", "-") -> OK
B63: ១. គម្រោងទិញម៉ាស៊ីនភ្លើង | C63: 642 | D63: គម្រោងស្នើសុំថ្មី | E63: វិនិយោគជាទុន | F63: 15 | I63: =SUM(F63:H63) -> 15 | M63: =SUM(J63:L63) -> 0 | N63: =F63-J63 -> 15 | O63: =G63-K63 -> 0 | P63: =H63-L63 -> 0 | Q63: =SUM(N63:P63) -> 15 | R63: ហិ.រ ក្នុងប្រ/ទ | S63: =IF(SUM(I63,Q63), "OK ", "-") -> OK
B64: ២. គម្រោងសាងសង់សាលប្រជុំ | C64: 641 | D64: គម្រោងស្នើសុំថ្មី | E64: វិនិយោគជាទុន | F64: 200 | G64: 200 | H64: 100 | I64: =SUM(F64:H64) -> 500 | M64: =SUM(J64:L64) -> 0 | N64: =F64-J64 -> 200 | O64: =G64-K64 -> 200 | P64: =H64-L64 -> 100 | Q64: =SUM(N64:P64) -> 500 | R64: ហិ.រ ក្នុងប្រ/ទ | S64: =IF(SUM(I64,Q64), "OK ", "-") -> OK
B65: ច.ស ទី៤ ៖ មសហវ ខេត្តកំពង់ឆ្នាំង | F65: =F66 -> 20 | G65: =G66 -> 0 | H65: =H66 -> 0 | I65: =SUM(F65:H65) -> 20 | J65: =J66 -> 0 | K65: =K66 -> 0 | L65: =L66 -> 0 | M65: =SUM(J65:L65) -> 0 | N65: =N66 -> 20 | O65: =O66 -> 0 | P65: =P66 -> 0 | Q65: =SUM(N65:P65) -> 20 | S65: =IF(SUM(I65,Q65), "OK ", "-") -> OK
B66: ១.គម្រោងទិញបរិក្ខារដើម្បីត្រៀមតភ្ជាប់គម្រោង FMIS | C66: 644 | D66: គម្រោងស្នើសុំថ្មី | E66: វិនិយោគជាទុន | F66: 20 | I66: =SUM(F66:H66) -> 20 | M66: =SUM(J66:L66) -> 0 | N66: =F66-J66 -> 20 | O66: =G66-K66 -> 0 | P66: =H66-L66 -> 0 | Q66: =SUM(N66:P66) -> 20 | R66: ហិ.រ ក្នុងប្រ/ទ | S66: =IF(SUM(I66,Q66), "OK ", "-") -> OK
B67: ច.ស ទី៥ ៖ មសហវ ខេត្តខេត្តកំពង់ស្ពឺ | F67: =SUM(F68:F68) -> 25 | G67: =SUM(G68:G68) -> 0 | H67: =SUM(H68:H68) -> 0 | I67: =SUM(F67:H67) -> 25 | J67: =SUM(J68:J68) -> 0 | K67: =SUM(K68:K68) -> 0 | L67: =SUM(L68:L68) -> 0 | M67: =SUM(J67:L67) -> 0 | N67: =SUM(N68:N68) -> 25 | O67: =SUM(O68:O68) -> 0 | P67: =SUM(P68:P68) -> 0 | Q67: =SUM(N67:P67) -> 25 | S67: =IF(SUM(I67,Q67), "OK ", "-") -> OK
B68: ១. គម្រោងទិញបរិក្ខារដើម្បីត្រៀមតភ្ជាប់គម្រោង FMIS | C68: 644 | D68: គម្រោងស្នើសុំថ្មី | E68: វិនិយោគជាទុន | F68: 25 | I68: =SUM(F68:H68) -> 25 | M68: =SUM(J68:L68) -> 0 | N68: =F68-J68 -> 25 | O68: =G68-K68 -> 0 | P68: =H68-L68 -> 0 | Q68: =SUM(N68:P68) -> 25 | R68: ហិ.រ ក្នុងប្រ/ទ | S68: =IF(SUM(I68,Q68), "OK ", "-") -> OK
B69: ច.ស ទី៦ ៖ មសហវ ខេត្តកំពង់ធំ | F69: =SUM(F70:F72) -> 395 | G69: =SUM(G70:G72) -> 0 | H69: =SUM(H70:H72) -> 0 | I69: =SUM(F69:H69) -> 395 | J69: =SUM(J70:J72) -> 0 | K69: =SUM(K70:K72) -> 0 | L69: =SUM(L70:L72) -> 0 | M69: =SUM(J69:L69) -> 0 | N69: =SUM(N70:N72) -> 395 | O69: =SUM(O70:O72) -> 0 | P69: =SUM(P70:P72) -> 0 | Q69: =SUM(N69:P69) -> 395 | S69: =IF(SUM(I69,Q69), "OK ", "-") -> OK
B70: ១. គម្រោងទិញបរិក្ខារដើម្បីត្រៀមតភ្ជាប់គម្រោង FMIS | C70: 644 | D70: គម្រោងស្នើសុំថ្មី | E70: វិនិយោគជាទុន | F70: 5 | I70: =SUM(F70:H70) -> 5 | M70: =SUM(J70:L70) -> 0 | N70: =F70-J70 -> 5 | O70: =G70-K70 -> 0 | P70: =H70-L70 -> 0 | Q70: =SUM(N70:P70) -> 5 | R70: ហិ.រ ក្នុងប្រ/ទ | S70: =IF(SUM(I70,Q70), "OK ", "-") -> OK
B71: ២. គម្រោងជួសជុលអគាររដ្ឋបាល | C71: 538 | D71: គម្រោងស្នើសុំថ្មី | E71: វិនិយោគជាទុន | F71: 375 | I71: =SUM(F71:H71) -> 375 | M71: =SUM(J71:L71) -> 0 | N71: =F71-J71 -> 375 | O71: =G71-K71 -> 0 | P71: =H71-L71 -> 0 | Q71: =SUM(N71:P71) -> 375 | R71: ហិ.រ ក្នុងប្រ/ទ | S71: =IF(SUM(I71,Q71), "OK ", "-") -> OK
B72: ៣. គម្រោងទិញម៉ាស៊ីនភ្លើង | C72: 642 | D72: គម្រោងស្នើសុំថ្មី | E72: វិនិយោគជាទុន | F72: 15 | I72: =SUM(F72:H72) -> 15 | M72: =SUM(J72:L72) -> 0 | N72: =F72-J72 -> 15 | O72: =G72-K72 -> 0 | P72: =H72-L72 -> 0 | Q72: =SUM(N72:P72) -> 15 | R72: ហិ.រ ក្នុងប្រ/ទ | S72: =IF(SUM(I72,Q72), "OK ", "-") -> OK
B73: ច.ស ទី៧ ៖ មសហវ ខេត្តកំពត | F73: =F74 -> 20 | G73: =G74 -> 0 | H73: =H74 -> 0 | I73: =SUM(F73:H73) -> 20 | J73: =J74 -> 0 | K73: =K74 -> 0 | L73: =L74 -> 0 | M73: =SUM(J73:L73) -> 0 | N73: =N74 -> 20 | O73: =O74 -> 0 | P73: =P74 -> 0 | Q73: =SUM(N73:P73) -> 20 | S73: =IF(SUM(I73,Q73), "OK ", "-") -> OK
B74: ១. គម្រោងទិញបរិក្ខារដើម្បីត្រៀមតភ្ជាប់គម្រោង FMIS | C74: 644 | D74: គម្រោងស្នើសុំថ្មី | E74: វិនិយោគជាទុន | F74: 20 | I74: =SUM(F74:H74) -> 20 | M74: =SUM(J74:L74) -> 0 | N74: =F74-J74 -> 20 | O74: =G74-K74 -> 0 | P74: =H74-L74 -> 0 | Q74: =SUM(N74:P74) -> 20 | R74: ហិ.រ ក្នុងប្រ/ទ | S74: =IF(SUM(I74,Q74), "OK ", "-") -> OK
B75: ច.ស ទី៨ ៖ មសហវ ខេត្តកណ្តាល | F75: =F76 -> 1000 | G75: =G76 -> 500 | H75: =H76 -> 500 | I75: =SUM(F75:H75) -> 2000 | J75: =J76 -> 0 | K75: =K76 -> 0 | L75: =L76 -> 0 | M75: =SUM(J75:L75) -> 0 | N75: =N76 -> 1000 | O75: =O76 -> 500 | P75: =P76 -> 500 | Q75: =SUM(N75:P75) -> 2000 | S75: =IF(SUM(I75,Q75), "OK ", "-") -> OK
B76: ១. គម្រោងទិញដី និងសាងសង់អគាររដ្ឋបាល មន្ទីរ | C76: 507 | D76: គម្រោងស្នើសុំថ្មី | E76: វិនិយោគជាទុន | F76: 1000 | G76: 500 | H76: 500 | I76: =SUM(F76:H76) -> 2000 | M76: =SUM(J76:L76) -> 0 | N76: =F76-J76 -> 1000 | O76: =G76-K76 -> 500 | P76: =H76-L76 -> 500 | Q76: =SUM(N76:P76) -> 2000 | R76: ហិ.រ ក្នុងប្រ/ទ | S76: =IF(SUM(I76,Q76), "OK ", "-") -> OK
B77: ច.ស ទី៩ ៖ មសហវ ខេត្តកោះកុង | F77: =SUM(F78:F79) -> 45 | G77: =SUM(G78:G79) -> 12.5 | H77: =SUM(H78:H79) -> 0 | I77: =SUM(F77:H77) -> 57.5 | J77: =SUM(J78:J79) -> 0 | K77: =SUM(K78:K79) -> 0 | L77: =SUM(L78:L79) -> 0 | M77: =SUM(J77:L77) -> 0 | N77: =SUM(N78:N79) -> 45 | O77: =SUM(O78:O79) -> 12.5 | P77: =SUM(P78:P79) -> 0 | Q77: =SUM(N77:P77) -> 57.5 | S77: =IF(SUM(I77,Q77), "OK ", "-") -> OK
B78: ១. គម្រោងទិញបរិក្ខារដើម្បីត្រៀមតភ្ជាប់គម្រោង FMIS | C78: 644 | D78: គម្រោងស្នើសុំថ្មី | E78: វិនិយោគជាទុន | F78: 15 | I78: =SUM(F78:H78) -> 15 | M78: =SUM(J78:L78) -> 0 | N78: =F78-J78 -> 15 | O78: =G78-K78 -> 0 | P78: =H78-L78 -> 0 | Q78: =SUM(N78:P78) -> 15 | R78: ហិ.រ ក្នុងប្រ/ទ | S78: =IF(SUM(I78,Q78), "OK ", "-") -> OK
B79: ២. គម្រោងបំពាក់បរិក្ខារសាលប្រជុំ | C79: 642 | D79: គម្រោងស្នើសុំថ្មី | E79: វិនិយោគជាទុន | F79: 30 | G79: 12.5 | I79: =SUM(F79:H79) -> 42.5 | M79: =SUM(J79:L79) -> 0 | N79: =F79-J79 -> 30 | O79: =G79-K79 -> 12.5 | P79: =H79-L79 -> 0 | Q79: =SUM(N79:P79) -> 42.5 | R79: ហិ.រ ក្នុងប្រ/ទ | S79: =IF(SUM(I79,Q79), "OK ", "-") -> OK
B80: ច.ស ទី១០ ៖ មសហវ ខេត្តក្រចេះ | F80: =SUM(F81:F84) -> 298 | G80: =SUM(G81:G84) -> 0 | H80: =SUM(H81:H84) -> 0 | I80: =SUM(F80:H80) -> 298 | J80: =SUM(J81:J84) -> 0 | K80: =SUM(K81:K84) -> 0 | L80: =SUM(L81:L84) -> 0 | M80: =SUM(J80:L80) -> 0 | N80: =SUM(N81:N84) -> 298 | O80: =SUM(O81:O84) -> 0 | P80: =SUM(P81:P84) -> 0 | Q80: =SUM(N80:P80) -> 298 | S80: =IF(SUM(I80,Q80), "OK ", "-") -> OK
B81: ១. គម្រោងទិញបរិក្ខារដើម្បីត្រៀមតភ្ជាប់គម្រោង FMIS | C81: 644 | D81: គម្រោងស្នើសុំថ្មី | E81: វិនិយោគជាទុន | F81: 15 | I81: =SUM(F81:H81) -> 15 | M81: =SUM(J81:L81) -> 0 | N81: =F81-J81 -> 15 | O81: =G81-K81 -> 0 | P81: =H81-L81 -> 0 | Q81: =SUM(N81:P81) -> 15 | R81: ហិ.រ ក្នុងប្រ/ទ | S81: =IF(SUM(I81,Q81), "OK ", "-") -> OK
B82: ២. គម្រោងទិញម៉ាស៊ីនភ្លើង | C82: 642 | D82: គម្រោងស្នើសុំថ្មី | E82: វិនិយោគជាទុន | F82: 13 | I82: =SUM(F82:H82) -> 13 | M82: =SUM(J82:L82) -> 0 | N82: =F82-J82 -> 13 | O82: =G82-K82 -> 0 | P82: =H82-L82 -> 0 | Q82: =SUM(N82:P82) -> 13 | R82: ហិ.រ ក្នុងប្រ/ទ | S82: =IF(SUM(I82,Q82), "OK ", "-") -> OK
B83: ៣. គម្រោងសាងសង់អគារថ្មី ជាការិយាល័យនិងសាលប្រជុំ និងកែលម្អហេដ្ឋារចនាសម្ព័ន្ធមន្ទីរ | C83: 641 | D83: គម្រោងស្នើសុំថ្មី | E83: វិនិយោគជាទុន | F83: 240 | I83: =SUM(F83:H83) -> 240 | M83: =SUM(J83:L83) -> 0 | N83: =F83-J83 -> 240 | O83: =G83-K83 -> 0 | P83: =H83-L83 -> 0 | Q83: =SUM(N83:P83) -> 240 | R83: ហិ.រ ក្នុងប្រ/ទ | S83: =IF(SUM(I83,Q83), "OK ", "-") -> OK
B84: ៤. គម្រោងទិញសម្ភារៈនិងគ្រឿងសង្ហារឹម | C84: 642 | D84: គម្រោងស្នើសុំថ្មី | E84: វិនិយោគជាទុន | F84: 30 | I84: =SUM(F84:H84) -> 30 | M84: =SUM(J84:L84) -> 0 | N84: =F84-J84 -> 30 | O84: =G84-K84 -> 0 | P84: =H84-L84 -> 0 | Q84: =SUM(N84:P84) -> 30 | R84: ហិ.រ ក្នុងប្រ/ទ | S84: =IF(SUM(I84,Q84), "OK ", "-") -> OK
B85: ច.ស ទី១១ ៖ មសហវ ខេត្តមណ្ឌលគិរី | F85: =SUM(F86) -> 25 | G85: =SUM(G86) -> 0 | H85: =SUM(H86) -> 0 | I85: =SUM(F85:H85) -> 25 | J85: =SUM(J86) -> 0 | K85: =SUM(K86) -> 0 | L85: =SUM(L86) -> 0 | M85: =SUM(J85:L85) -> 0 | N85: =SUM(N86) -> 25 | O85: =SUM(O86) -> 0 | P85: =SUM(P86) -> 0 | Q85: =SUM(N85:P85) -> 25 | S85: =IF(SUM(I85,Q85), "OK ", "-") -> OK
B86: ១. គម្រោងទិញបរិក្ខារដើម្បីត្រៀមតភ្ជាប់គម្រោង FMIS | C86: 644 | D86: គម្រោងស្នើសុំថ្មី | E86: វិនិយោគជាទុន | F86: 25 | I86: =SUM(F86:H86) -> 25 | M86: =SUM(J86:L86) -> 0 | N86: =F86-J86 -> 25 | O86: =G86-K86 -> 0 | P86: =H86-L86 -> 0 | Q86: =SUM(N86:P86) -> 25 | R86: ហិ.រ ក្នុងប្រ/ទ | S86: =IF(SUM(I86,Q86), "OK ", "-") -> OK
B87: ច.ស ទី១២ ៖ មសហវ រាជធានីភ្នំពេញ | F87: =SUM(F88:F90) -> 1515 | G87: =SUM(G88:G90) -> 1000 | H87: =SUM(H88:H90) -> 485 | I87: =SUM(F87:H87) -> 3000 | J87: =SUM(J88:J90) -> 0 | K87: =SUM(K88:K90) -> 0 | L87: =SUM(L88:L90) -> 0 | M87: =SUM(J87:L87) -> 0 | N87: =SUM(N88:N90) -> 1515 | O87: =SUM(O88:O90) -> 1000 | P87: =SUM(P88:P90) -> 485 | Q87: =SUM(N87:P87) -> 3000 | S87: =IF(SUM(I87,Q87), "OK ", "-") -> OK
B88: ១. គម្រោងទិញបរិក្ខារដើម្បីត្រៀមតភ្ជាប់គម្រោង FMIS | C88: 644 | D88: គម្រោងស្នើសុំថ្មី | E88: វិនិយោគជាទុន | F88: 15 | I88: =SUM(F88:H88) -> 15 | M88: =SUM(J88:L88) -> 0 | N88: =F88-J88 -> 15 | O88: =G88-K88 -> 0 | P88: =H88-L88 -> 0 | Q88: =SUM(N88:P88) -> 15 | R88: ហិ.រ ក្នុងប្រ/ទ | S88: =IF(SUM(I88,Q88), "OK ", "-") -> OK
B89: ២.គម្រោងទិញដីសាងសង់អគាររដ្ឋបាល មន្ទីរសេដ្ឋកិច្ចនិងហិរញ្ញវត្ថុ | C89: 507 | D89: គម្រោងស្នើសុំថ្មី | E89: វិនិយោគជាទុន | F89: 1500 | G89: 1000 | I89: =SUM(F89:H89) -> 2500 | M89: =SUM(J89:L89) -> 0 | N89: =F89-J89 -> 1500 | O89: =G89-K89 -> 1000 | P89: =H89-L89 -> 0 | Q89: =SUM(N89:P89) -> 2500 | R89: ហិ.រ ក្នុងប្រ/ទ | S89: =IF(SUM(I89,Q89), "OK ", "-") -> OK
B90: ៣.គម្រោងសាងសង់អគាររដ្ឋបាលមន្ទីរសេដ្ឋកិច្ចនិងហិរញ្ញវត្ថុរាជធានី | C90: 507 | D90: គម្រោងស្នើសុំថ្មី | E90: វិនិយោគជាទុន | H90: 485 | I90: =SUM(F90:H90) -> 485 | M90: =SUM(J90:L90) -> 0 | N90: =F90-J90 -> 0 | O90: =G90-K90 -> 0 | P90: =H90-L90 -> 485 | Q90: =SUM(N90:P90) -> 485 | R90: ហិ.រ ក្នុងប្រ/ទ | S90: =IF(SUM(I90,Q90), "OK ", "-") -> OK
B91: ច.ស ទី១៣ ៖ មសហវ ខេត្តព្រះវិហារ | F91: =SUM(F92:F92) -> 20 | G91: =SUM(G92:G92) -> 0 | H91: =SUM(H92:H92) -> 0 | I91: =SUM(F91:H91) -> 20 | J91: =SUM(J92:J92) -> 0 | K91: =SUM(K92:K92) -> 0 | L91: =SUM(L92:L92) -> 0 | M91: =SUM(J91:L91) -> 0 | N91: =SUM(N92:N92) -> 20 | O91: =SUM(O92:O92) -> 0 | P91: =SUM(P92:P92) -> 0 | Q91: =SUM(N91:P91) -> 20 | S91: =IF(SUM(I91,Q91), "OK ", "-") -> OK
B92: ១. គម្រោងទិញម៉ាស៊ីនភ្លើង | C92: 642 | D92: គម្រោងស្នើសុំថ្មី | E92: វិនិយោគជាទុន | F92: 20 | I92: =SUM(F92:H92) -> 20 | M92: =SUM(J92:L92) -> 0 | N92: =F92-J92 -> 20 | O92: =G92-K92 -> 0 | P92: =H92-L92 -> 0 | Q92: =SUM(N92:P92) -> 20 | R92: ហិ.រ ក្នុងប្រ/ទ | S92: =IF(SUM(I92,Q92), "OK ", "-") -> OK
B93: ច.ស ទី១៤ ៖ មសហវ ខេត្តព្រៃវែង | F93: =SUM(F94:F94) -> 15 | G93: =SUM(G94:G94) -> 0 | H93: =SUM(H94:H94) -> 0 | I93: =SUM(F93:H93) -> 15 | J93: =SUM(J94:J94) -> 0 | K93: =SUM(K94:K94) -> 0 | L93: =SUM(L94:L94) -> 0 | M93: =SUM(J93:L93) -> 0 | N93: =SUM(N94:N94) -> 15 | O93: =SUM(O94:O94) -> 0 | P93: =SUM(P94:P94) -> 0 | Q93: =SUM(N93:P93) -> 15 | S93: =IF(SUM(I93,Q93), "OK ", "-") -> OK
B94: ១. គម្រោងទិញបរិក្ខារដើម្បីត្រៀមតភ្ជាប់គម្រោង FMIS | C94: 644 | D94: គម្រោងស្នើសុំថ្មី | E94: វិនិយោគជាទុន | F94: 15 | I94: =SUM(F94:H94) -> 15 | M94: =SUM(J94:L94) -> 0 | N94: =F94-J94 -> 15 | O94: =G94-K94 -> 0 | P94: =H94-L94 -> 0 | Q94: =SUM(N94:P94) -> 15 | R94: ហិ.រ ក្នុងប្រ/ទ | S94: =IF(SUM(I94,Q94), "OK ", "-") -> OK
B95: ច.ស ទី១៥ ៖ មសហវ ខេត្តពោធិ៍សាត់ | F95: =SUM(F96:F97) -> 0 | G95: =SUM(G96:G97) -> 0 | H95: =SUM(H96:H97) -> 0 | I95: =SUM(F95:H95) -> 0 | J95: =SUM(J96:J97) -> 0 | K95: =SUM(K96:K97) -> 0 | L95: =SUM(L96:L97) -> 0 | M95: =SUM(J95:L95) -> 0 | N95: =SUM(N96:N97) -> 0 | O95: =SUM(O96:O97) -> 0 | P95: =SUM(P96:P97) -> 0 | Q95: =SUM(N95:P95) -> 0 | S95: =IF(SUM(I95,Q95), "OK ", "-") -> -
S96: =IF(SUM(I96,Q96), "OK ", "-") -> -
S97: =IF(SUM(I97,Q97), "OK ", "-") -> -
B98: ច.ស ទី១៦ ៖ មសហវ ខេត្តរតនគិរី | F98: =SUM(F99:F100) -> 180 | G98: =SUM(G99:G100) -> 0 | H98: =SUM(H99:H100) -> 0 | I98: =SUM(F98:H98) -> 180 | J98: =SUM(J99:J100) -> 0 | K98: =SUM(K99:K100) -> 0 | L98: =SUM(L99:L100) -> 0 | M98: =SUM(J98:L98) -> 0 | N98: =SUM(N99:N100) -> 180 | O98: =SUM(O99:O100) -> 0 | P98: =SUM(P99:P100) -> 0 | Q98: =SUM(N98:P98) -> 180 | S98: =IF(SUM(I98,Q98), "OK ", "-") -> OK
B99: ១. គម្រោងទិញបរិក្ខារដើម្បីត្រៀមតភ្ជាប់គម្រោង FMIS | C99: 644 | D99: គម្រោងស្នើសុំថ្មី | E99: វិនិយោគជាទុន | F99: 30 | I99: =SUM(F99:H99) -> 30 | M99: =SUM(J99:L99) -> 0 | N99: =F99-J99 -> 30 | O99: =G99-K99 -> 0 | P99: =H99-L99 -> 0 | Q99: =SUM(N99:P99) -> 30 | R99: ហិ.រ ក្នុងប្រ/ទ | S99: =IF(SUM(I99,Q99), "OK ", "-") -> OK
B100: ២. គម្រោងសាងសង់អគារស្នាក់នៅមន្រ្តី | C100: 641 | D100: គម្រោងស្នើសុំថ្មី | E100: វិនិយោគជាទុន | F100: 150 | I100: =SUM(F100:H100) -> 150 | M100: =SUM(J100:L100) -> 0 | N100: =F100-J100 -> 150 | O100: =G100-K100 -> 0 | P100: =H100-L100 -> 0 | Q100: =SUM(N100:P100) -> 150 | R100: ហិ.រ ក្នុងប្រ/ទ | S100: =IF(SUM(I100,Q100), "OK ", "-") -> OK
B101: ច.ស ទី១៧ ៖ មសហវ ខេត្តសៀមរាប | F101: =SUM(F102) -> 25 | G101: =SUM(G102) -> 0 | H101: =SUM(H102) -> 0 | I101: =SUM(F101:H101) -> 25 | J101: =SUM(J102) -> 0 | K101: =SUM(K102) -> 0 | L101: =SUM(L102) -> 0 | M101: =SUM(J101:L101) -> 0 | N101: =SUM(N102) -> 25 | O101: =SUM(O102) -> 0 | P101: =SUM(P102) -> 0 | Q101: =SUM(N101:P101) -> 25 | S101: =IF(SUM(I101,Q101), "OK ", "-") -> OK
B102: ១. គម្រោងទិញបរិក្ខារដើម្បីត្រៀមតភ្ជាប់គម្រោង FMIS | C102: 644 | D102: គម្រោងស្នើសុំថ្មី | E102: វិនិយោគជាទុន | F102: 25 | I102: =SUM(F102:H102) -> 25 | M102: =SUM(J102:L102) -> 0 | N102: =F102-J102 -> 25 | O102: =G102-K102 -> 0 | P102: =H102-L102 -> 0 | Q102: =SUM(N102:P102) -> 25 | R102: ហិ.រ ក្នុងប្រ/ទ | S102: =IF(SUM(I102,Q102), "OK ", "-") -> OK
B103: ច.ស ទី១៨ ៖ មសហវ ខេត្តព្រះសីហនុ | S103: =IF(SUM(I103,Q103), "OK ", "-") -> -
B104: ១. គម្រោង................ | S104: =IF(SUM(I104,Q104), "OK ", "-") -> -
...

Sheet pip_project (2)
A4: ឧបសម្ព័ន្ធទី២៖ តារាងសរុបគម្រោងវិនិយោគរបស់ក្រសួងសេដ្ឋកិច្ចនិងហិរញ្ញវត្ថុ សម្រាប់ដាក់បញ្ជូលក្នុង ក.វ.ស ៣ឆ្នាំរំកិល ២០២៣-២០២៥ (តាមអង្គភាពថវិកា)
A5: id | B5: pip_inv_id | C5: program_id | D5: sub_program_id | E5: entity_id | F5: project_name_en | G5: project_name_kh | H5: structure_sub_program | I5: structure_sub_program | J5: structure_sub_program | K5: pip_no | L5: project_status | M5: project_type | N5: project_status_ | O5: project_type_ | P5: est_costing_year_0 | Q5: est_costing_year_1 | R5: est_costing_year_2 | T5: s_fin_year_0 | U5: s_fin_year_1 | V5: s_fin_year_2 | X5: add_req_fin_year_0 | Y5: add_req_fin_year_1 | Z5: add_req_fin_year_2 | AB5: finance_resource_id | AC5: finance_resource
C6: =MATCH(H6,[1]កម្មវិធី!$E$2:$E$6) -> 2 | G6: កម្មវិធីទី៣៖ ការគ្រប់គ្រងចំណូលសាធារណៈ និងទ្រព្យសម្បត្តិរដ្ឋ | H6: កម្មវិធីទី៣ | I6: ការគ្រប់គ្រងចំណូលសាធារណៈនិងទ្រព្យសម្បត្តិរដ្ឋ | J6: =RIGHT(G6,LEN(G6)-SEARCH("៖",G6)) -> ការគ្រប់គ្រងចំណូលសាធារណៈ និងទ្រព្យសម្បត្តិរដ្ឋ | P6: =P7+P9 -> 3400 | Q6: =Q7+Q9 -> 1050 | R6: =R7+R9 -> 100 | S6: =S7+S9 -> 4550 | T6: =T7+T9 -> 0 | U6: =U7+U9 -> 0 | V6: =V7+V9 -> 0 | W6: =W7+W9 -> 0 | ... AA6: =AA7+AA9 -> 4550 | AD6: =IF(SUM(S6,AA6), "OK ", "-") -> OK | AH6: =800000000/4000 -> 200000
D7: =MATCH(H7,[2]អនុកម្មវិធី!$E$2:$E$33,0) -> 13 | E7: 6 | G7: អនុកម្មវិធី ៣.១ ៖ អគ្គនាយកដ្ឋានគយនិងរដ្ឋាករកម្ពុជា | H7: អនុកម្មវិធីទី៣.១ | I7: អគ្គនាយកដ្ឋានគយនិងរដ្ឋាករកម្ពុជា | J7: =TRIM(RIGHT(G7,LEN(G7)-SEARCH("៖",G7))) -> អគ្គនាយកដ្ឋានគយនិងរដ្ឋាករកម្ពុជា | P7: =SUM(P8:P8) -> 2000 | Q7: =SUM(Q8:Q8) -> 1000 | R7: =SUM(R8:R8) -> 0 | S7: =SUM(P7:R7) -> 3000 | T7: =SUM(T8:T8) -> 0 | U7: =SUM(U8:U8) -> 0 | V7: =SUM(V8:V8) -> 0 | W7: =SUM(T7:V7) -> 0 | X7: =SUM(X8:X8) -> 2000 | Y7: =SUM(Y8:Y8) -> 1000 | Z7: =SUM(Z8:Z8) -> 0 | AA7: =SUM(X7:Z7) -> 3000 | AD7: =IF(SUM(S7,AA7), "OK ", "-") -> OK
A8: 1 | C8: 2 | D8: 13 | E8: 6 | F8: ១. គម្រោងប្រព័ន្ធបញ្ជរតែមួយជាតិ (ដំណាក់កាលទី៣) | G8: ១. គម្រោងប្រព័ន្ធបញ្ជរតែមួយជាតិ (ដំណាក់កាលទី៣) | K8: 659 | L8: 4 | M8: 1 | N8: គម្រោងស្នើសុំថ្មី | O8: វិនិយោគជាទុន | P8: 2000 | Q8: 1000 | R8: 0 | S8: =SUM(P8:R8) -> 3000 | W8: =SUM(T8:V8) -> 0 | X8: =P8-T8 -> 2000 | Y8: =Q8-U8 -> 1000 | Z8: =R8-V8 -> 0 | AA8: =SUM(X8:Z8) -> 3000 | AB8: 8 | AC8: ហិ.រ ក្នុងប្រ/ទ | AD8: =IF(SUM(S8,AA8), "OK ", "-") -> OK
D9: =MATCH(H9,[2]អនុកម្មវិធី!$E$2:$E$33,0) -> 14 | E9: 7 | G9: អនុកម្មវិធី ៣.២ ៖ អគ្គនាយកដ្ឋានពន្ធដារ | H9: អនុកម្មវិធីទី៣.២ | I9: អគ្គនាយកដ្ឋានពន្ធដារ | J9: =TRIM(RIGHT(G9,LEN(G9)-SEARCH("៖",G9))) -> អគ្គនាយកដ្ឋានពន្ធដារ | P9: =SUM(P10:P11) -> 1400 | Q9: =SUM(Q10:Q11) -> 50 | R9: =SUM(R10:R11) -> 100 | S9: =SUM(P9:R9) -> 1550 | T9: =SUM(T10:T11) -> 0 | U9: =SUM(U10:U11) -> 0 | V9: =SUM(V10:V11) -> 0 | W9: =SUM(T9:V9) -> 0 | X9: =SUM(X10:X11) -> 1400 | Y9: =SUM(Y10:Y11) -> 50 | Z9: =SUM(Z10:Z11) -> 100 | AA9: =SUM(X9:Z9) -> 1550 | AD9: =IF(SUM(S9,AA9), "OK ", "-") -> OK
A10: 2 | C10: 2 | D10: 14 | E10: 7 | F10: ១. គម្រោងសាងសង់អគារសាខាពន្ធដារខណ្ឌចំនួន០១ និងអគារការិយាល័យពន្ធដារស្រុកស្ទឹងហាវ ០១ | G10: ១. គម្រោងសាងសង់អគារសាខាពន្ធដារខណ្ឌចំនួន០១ និងអគារការិយាល័យពន្ធដារស្រុកស្ទឹងហាវ ០១ | K10: 492 | L10: 4 | M10: 1 | N10: គម្រោងស្នើសុំថ្មី | O10: វិនិយោគជាទុន | P10: 900 | Q10: 0 | R10: 100 | S10: =SUM(P10:R10) -> 1000 | W10: =SUM(T10:V10) -> 0 | X10: =P10-T10 -> 900 | Y10: =Q10-U10 -> 0 | Z10: =R10-V10 -> 100 | AA10: =SUM(X10:Z10) -> 1000 | AB10: 8 | AC10: ហិ.រ ក្នុងប្រ/ទ | AD10: =IF(SUM(S10,AA10), "OK ", "-") -> OK
A11: 3 | C11: 2 | D11: 14 | E11: 7 | F11: ២. គម្រោងជួសជុលនិងកែលម្អអគារសាខាពន្ធដារខណ្ឌចំនួន០១ ការិយាល័យពន្ធដារក្រុងចំនួន០១ និងស្រុកចំនួន ០១ | G11: ២. គម្រោងជួសជុលនិងកែលម្អអគារសាខាពន្ធដារខណ្ឌចំនួន០១ ការិយាល័យពន្ធដារក្រុងចំនួន០១ និងស្រុកចំនួន ០១ | K11: 652 | L11: 4 | M11: 1 | N11: គម្រោងស្នើសុំថ្មី | O11: វិនិយោគជាទុន | P11: 500 | Q11: 50 | R11: 0 | S11: =SUM(P11:R11) -> 550 | W11: =SUM(T11:V11) -> 0 | X11: =P11-T11 -> 500 | Y11: =Q11-U11 -> 50 | Z11: =R11-V11 -> 0 | AA11: =SUM(X11:Z11) -> 550 | AB11: 8 | AC11: ហិ.រ ក្នុងប្រ/ទ | AD11: =IF(SUM(S11,AA11), "OK ", "-") -> OK
C12: =MATCH(H12,[1]កម្មវិធី!$E$2:$E$6) -> 3 | G12: កម្មវិធីទី៤៖ ការគ្រប់គ្រងចំណាយសាធារណៈ និងប្រព័ន្ធហិរញ្ញវត្ថុសាធារណៈ | H12: កម្មវិធីទី៤ | I12: ការគ្រប់គ្រងចំណាយសាធារណៈ និងប្រព័ន្ធហិរញ្ញវត្ថុសាធារណៈ | J12: =RIGHT(G12,LEN(G12)-SEARCH("៖",G12)) -> ការគ្រប់គ្រងចំណាយសាធារណៈ និងប្រព័ន្ធហិរញ្ញវត្ថុសាធារណៈ | P12: =P13 -> 2400 | Q12: =Q13 -> 2400 | R12: =R13 -> 1800 | S12: =S13 -> 6600 | T12: =T13 -> 0 | U12: =U13 -> 0 | V12: =V13 -> 0 | W12: =W13 -> 0 | ... AA12: =AA13 -> 6600 | AD12: =IF(SUM(S12,AA12), "OK ", "-") -> OK
D13: =MATCH(H13,[2]អនុកម្មវិធី!$E$2:$E$33,0) -> 21 | E13: 9 | G13: អនុកម្មវិធី ៤.៤ ៖ អគ្គនាយកដ្ឋានរតនាគារជាតិ | H13: អនុកម្មវិធីទី៤.៤ | I13: អគ្គនាយកដ្ឋានរតនាគារជាតិ | J13: =TRIM(RIGHT(G13,LEN(G13)-SEARCH("៖",G13))) -> អគ្គនាយកដ្ឋានរតនាគារជាតិ | P13: =P14 -> 2400 | Q13: =Q14 -> 2400 | R13: =R14 -> 1800 | S13: =SUM(P13:R13) -> 6600 | T13: =T14 -> 0 | U13: =U14 -> 0 | V13: =V14 -> 0 | W13: =SUM(T13:V13) -> 0 | X13: =X14 -> 2400 | Y13: =Y14 -> 2400 | Z13: =Z14 -> 1800 | AA13: =SUM(X13:Z13) -> 6600 | AD13: =IF(SUM(S13,AA13), "OK ", "-") -> OK
A14: 4 | C14: 3 | D14: 21 | E14: 9 | F14: ១. គម្រោងសាងសង់ហេដ្ឋារចនាសម្ព័ន្ធរបស់រតនាគារខេត្ត ចំនួន ២២​ | G14: ១. គម្រោងសាងសង់ហេដ្ឋារចនាសម្ព័ន្ធរបស់រតនាគារខេត្ត ចំនួន ២២​ | K14: 651 | L14: 4 | M14: 1 | N14: គម្រោងស្នើសុំថ្មី | O14: វិនិយោគជាទុន | P14: 2400 | Q14: 2400 | R14: 1800 | S14: =SUM(P14:R14) -> 6600 | W14: =SUM(T14:V14) -> 0 | X14: =P14-T14 -> 2400 | Y14: =Q14-U14 -> 2400 | Z14: =R14-V14 -> 1800 | AA14: =SUM(X14:Z14) -> 6600 | AB14: 8 | AC14: ហិ.រ ក្នុងប្រ/ទ | AD14: =IF(SUM(S14,AA14), "OK ", "-") -> OK
C15: =MATCH(H15,[1]កម្មវិធី!$E$2:$E$6) -> 4 | G15: កម្មវិធីទី៥៖ កិច្ចការរដ្ឋបាលនិងអភិវឌ្ឍស្ថាប័ន | H15: កម្មវិធីទី៥ | I15: កិច្ចការរដ្ឋបាលនិងអភិវឌ្ឍស្ថាប័ន | J15: =RIGHT(G15,LEN(G15)-SEARCH("៖",G15)) -> កិច្ចការរដ្ឋបាលនិងអភិវឌ្ឍស្ថាប័ន | P15: =P16 -> 4232.5 | Q15: =Q16 -> 1862.5 | R15: =R16 -> 562.5 | S15: =S16 -> 6657.5 | T15: =T16 -> 0 | U15: =U16 -> 0 | V15: =V16 -> 0 | W15: =W16 -> 0 | ... AA15: =AA16 -> 6657.5 | AD15: =IF(SUM(S15,AA15), "OK ", "-") -> OK
D16: =MATCH(H16,[2]អនុកម្មវិធី!$E$2:$E$33,0) -> 30 | E16: 28 | G16: អនុកម្មវិធី ៥.៣ ៖មន្ទីរសេដ្ឋកិច្ចនិងហិរញ្ញវត្ថុរាជធានី ខេត្ត | H16: អនុកម្មវិធីទី៥.៣ | I16: មន្ទីរសេដ្ឋកិច្ច​និងហិរញ្ញវត្ថុ​ រាជធានី ខេត្ត | J16: =TRIM(RIGHT(G16,LEN(G16)-SEARCH("៖",G16))) -> មន្ទីរសេដ្ឋកិច្ចនិងហិរញ្ញវត្ថុរាជធានី ខេត្ត | P16: =P17+P24 -> 4232.5 | Q16: =Q17+Q24 -> 1862.5 | R16: =R17+R24 -> 562.5 | S16: =S17+S24 -> 6657.5 | T16: =T17+T24 -> 0 | U16: =U17+U24 -> 0 | V16: =V17+V24 -> 0 | W16: =W17+W24 -> 0 | ... AA16: =AA17+AA24 -> 6657.5 | AD16: =IF(SUM(S16,AA16), "OK ", "-") -> OK
A17: 5 | C17: 4 | D17: 30 | E17: 28 | F17: ១.គម្រោងសាងសង់ហេដ្ឋារចនាសម្ព័ន្ធរូបវ័ន្តរបស់មន្ទីរសេដ្ឋកិច្ចនិងហិរញ្ញវត្ថុខេត្តចំនួន៥ | G17: ១.គម្រោងសាងសង់ហេដ្ឋារចនាសម្ព័ន្ធរូបវ័ន្តរបស់មន្ទីរសេដ្ឋកិច្ចនិងហិរញ្ញវត្ថុខេត្តចំនួន៥ | K17: 641 | L17: 4 | M17: 1 | N17: គម្រោងស្នើសុំថ្មី | O17: វិនិយោគជាទុន | P17: =SUM(P18:P23) -> 1232.5 | Q17: =SUM(Q18:Q23) -> 362.5 | R17: =SUM(R18:R23) -> 62.5 | S17: =SUM(S18:S23) -> 1657.5 | T17: =SUM(T18:T23) -> 0 | U17: =SUM(U18:U23) -> 0 | V17: =SUM(V18:V23) -> 0 | W17: =SUM(W18:W23) -> 0 | ... AA17: =SUM(AA18:AA23) -> 1657.5 | AB17: 8 | AC17: ហិ.រ ក្នុងប្រ/ទ | AD17: =IF(SUM(S17,AA17), "OK ", "-") -> OK
B18: 5 | E18: 1 | G18: - សាងសង់អគាររដ្ឋបាល | K18: មសហវ ខេត្តបន្ទាយមានជ័យ | P18: 62.5 | Q18: 62.5 | R18: 62.5 | S18: =SUM(P18:R18) -> 187.5 | T18: 0 | U18: 0 | V18: 0 | W18: =SUM(T18:V18) -> 0 | X18: =P18-T18 -> 62.5 | Y18: =Q18-U18 -> 62.5 | Z18: =R18-V18 -> 62.5 | AA18: =SUM(X18:Z18) -> 187.5 | AD18: =IF(SUM(S18,AA18), "OK ", "-") -> OK | AH18: =62500*3 -> 187500
B19: 5 | E19: 2 | G19: - សាងសង់អគាររដ្ឋបាលថ្មីកម្ពស់១ជាន់ (E1) | K19: មសហវ.ខេត្តបាត់ដំបង | P19: 300 | Q19: 300 | S19: =SUM(P19:R19) -> 600 | W19: =SUM(T19:V19) -> 0 | X19: =P19-T19 -> 300 | Y19: =Q19-U19 -> 300 | Z19: =R19-V19 -> 0 | AA19: =SUM(X19:Z19) -> 600 | AD19: =IF(SUM(S19,AA19), "OK ", "-") -> OK
B20: 5 | E20: 3 | G20: - សាងសង់អគារថ្មី | K20: មសហវ. ខេត្តកំពង់ស្ពឺ | P20: 235 | S20: =SUM(P20:R20) -> 235 | W20: =SUM(T20:V20) -> 0 | X20: =P20-T20 -> 235 | Y20: =Q20-U20 -> 0 | Z20: =R20-V20 -> 0 | AA20: =SUM(X20:Z20) -> 235 | AD20: =IF(SUM(S20,AA20), "OK ", "-") -> OK
B21: 5 | E21: 4 | G21: - សាងសង់របងជុំវិញមន្ទីរ | P21: 135 | S21: =SUM(P21:R21) -> 135 | W21: =SUM(T21:V21) -> 0 | X21: =P21-T21 -> 135 | Y21: =Q21-U21 -> 0 | Z21: =R21-V21 -> 0 | AA21: =SUM(X21:Z21) -> 135 | AD21: =IF(SUM(S21,AA21), "OK ", "-") -> OK
B22: 5 | E22: 5 | G22: - សាងសង់របង | K22: មសហវ ខេត្តព្រះវិហារ | P22: 125 | S22: =SUM(P22:R22) -> 125 | W22: =SUM(T22:V22) -> 0 | X22: =P22-T22 -> 125 | Y22: =Q22-U22 -> 0 | Z22: =R22-V22 -> 0 | AA22: =SUM(X22:Z22) -> 125 | AD22: =IF(SUM(S22,AA22), "OK ", "-") -> OK
B23: 5 | E23: 6 | G23: - សាងសង់អគាររដ្ឋបាលថ្មី | K23: មសហវ ខេត្តឧត្តរមានជ័យ | P23: 375 | S23: =SUM(P23:R23) -> 375 | W23: =SUM(T23:V23) -> 0 | X23: =P23-T23 -> 375 | Y23: =Q23-U23 -> 0 | Z23: =R23-V23 -> 0 | AA23: =SUM(X23:Z23) -> 375 | AD23: =IF(SUM(S23,AA23), "OK ", "-") -> OK
A24: 6 | C24: 4 | D24: 30 | E24: 28 | F24: ២.គម្រោងទិញដីសម្រាប់មន្ទីរសេដ្ឋកិច្ចខេត្តកណ្តាលនិងសាងសង់អគារ មន្ទីរសេដ្ឋកិច្ចនិងហិរញ្ញវត្ថុខេត្តកណ្តាល និងអគារមន្ទីរសេដ្ឋកិច្ចនិងហិរញ្ញវត្ថុ រាជធានីភ្នំពេញ | G24: ២.គម្រោងទិញដីសម្រាប់មន្ទីរសេដ្ឋកិច្ចខេត្តកណ្តាលនិងសាងសង់អគារ មន្ទីរសេដ្ឋកិច្ចនិងហិរញ្ញវត្ថុខេត្តកណ្តាល និងអគារមន្ទីរសេដ្ឋកិច្ចនិងហិរញ្ញវត្ថុ រាជធានីភ្នំពេញ | K24: 507 | N24: គម្រោងស្នើសុំថ្មី | O24: វិនិយោគជាទុន | P24: =SUM(P25:P26) -> 3000 | Q24: =SUM(Q25:Q26) -> 1500 | R24: =SUM(R25:R26) -> 500 | S24: =SUM(S25:S26) -> 5000 | T24: =SUM(T25:T26) -> 0 | U24: =SUM(U25:U26) -> 0 | V24: =SUM(V25:V26) -> 0 | W24: =SUM(W25:W26) -> 0 | ... AA24: =SUM(AA25:AA26) -> 5000 | AB24: 8 | AC24: ហិ.រ ក្នុងប្រ/ទ | AD24: =IF(SUM(S24,AA24), "OK ", "-") -> OK
B25: 6 | E25: 1 | G25: - ទិញដី និងសាងសង់អគាររដ្ឋបាល មន្ទីរ | K25: មសហវ ខេត្តកណ្តាល | P25: 2500 | Q25: 1000 | R25: 500 | S25: =SUM(P25:R25) -> 4000 | W25: =SUM(T25:V25) -> 0 | X25: =P25-T25 -> 2500 | Y25: =Q25-U25 -> 1000 | Z25: =R25-V25 -> 500 | AA25: =SUM(X25:Z25) -> 4000 | AD25: =IF(SUM(S25,AA25), "OK ", "-") -> OK
B26: 6 | E26: 2 | G26: - សាងសង់អគារមន្ទីរសេដ្ឋកិច្ចនិងហិរញ្ញវត្ថុរាជធានី និងបំពាក់បរិក្ខារ | K26: មសហវ រាជធានីភ្នំពេញ | P26: 500 | Q26: 500 | S26: =SUM(P26:R26) -> 1000 | W26: =SUM(T26:V26) -> 0 | X26: =P26-T26 -> 500 | Y26: =Q26-U26 -> 500 | Z26: =R26-V26 -> 0 | AA26: =SUM(X26:Z26) -> 1000 | AD26: =IF(SUM(S26,AA26), "OK ", "-") -> OK

Sheet pip_project (3)
A1: id | B1: pip_inv_id | C1: program_id | D1: sub_program_id | E1: entity_id | F1: project_name_en | G1: project_name_kh | H1: structure_sub_program | I1: structure_sub_program | J1: pip_no | K1: project_status | L1: project_type | M1: project_status_ | N1: project_type_ | O1: est_costing_year_0 | P1: est_costing_year_1 | Q1: est_costing_year_2 | S1: s_fin_year_0 | T1: s_fin_year_1 | U1: s_fin_year_2 | W1: add_req_fin_year_0 | X1: add_req_fin_year_1 | Y1: add_req_fin_year_2 | AA1: finance_resource_id | AB1: finance_resource
C2: =MATCH(H2,[1]កម្មវិធី!$E$2:$E$6) -> 2 | G2: កម្មវិធីទី៣៖ ការគ្រប់គ្រងចំណូលសាធារណៈ និងទ្រព្យសម្បត្តិរដ្ឋ | H2: កម្មវិធីទី៣ | I2: =RIGHT(G2,LEN(G2)-SEARCH("៖",G2)) -> ការគ្រប់គ្រងចំណូលសាធារណៈ និងទ្រព្យសម្បត្តិរដ្ឋ | O2: =O3+O5 -> 3400 | P2: =P3+P5 -> 1050 | Q2: =Q3+Q5 -> 100 | R2: =R3+R5 -> 4550 | S2: =S3+S5 -> 0 | T2: =T3+T5 -> 0 | U2: =U3+U5 -> 0 | V2: =V3+V5 -> 0 | ... Z2: =Z3+Z5 -> 4550 | AC2: =IF(SUM(R2,Z2), "OK ", "-") -> OK | AG2: =800000000/4000 -> 200000
D3: =MATCH(H3,[2]អនុកម្មវិធី!$E$2:$E$33,0) -> 13 | G3: អនុកម្មវិធី ៣.១ ៖ អគ្គនាយកដ្ឋានគយនិងរដ្ឋាករកម្ពុជា | H3: អនុកម្មវិធីទី៣.១ | I3: =RIGHT(G3,LEN(G3)-SEARCH("៖",G3)) -> អគ្គនាយកដ្ឋានគយនិងរដ្ឋាករកម្ពុជា | O3: =SUM(O4:O4) -> 2000 | P3: =SUM(P4:P4) -> 1000 | Q3: =SUM(Q4:Q4) -> 0 | R3: =SUM(O3:Q3) -> 3000 | S3: =SUM(S4:S4) -> 0 | T3: =SUM(T4:T4) -> 0 | U3: =SUM(U4:U4) -> 0 | V3: =SUM(S3:U3) -> 0 | W3: =SUM(W4:W4) -> 2000 | X3: =SUM(X4:X4) -> 1000 | Y3: =SUM(Y4:Y4) -> 0 | Z3: =SUM(W3:Y3) -> 3000 | AC3: =IF(SUM(R3,Z3), "OK ", "-") -> OK
A4: 1 | C4: 2 | D4: 13 | F4: ១. គម្រោងប្រព័ន្ធបញ្ជរតែមួយជាតិ (ដំណាក់កាលទី៣) | G4: ១. គម្រោងប្រព័ន្ធបញ្ជរតែមួយជាតិ (ដំណាក់កាលទី៣) | J4: 659 | K4: 4 | L4: 1 | M4: គម្រោងស្នើសុំថ្មី | N4: វិនិយោគជាទុន | O4: 2000 | P4: 1000 | Q4: 0 | R4: =SUM(O4:Q4) -> 3000 | V4: =SUM(S4:U4) -> 0 | W4: =O4-S4 -> 2000 | X4: =P4-T4 -> 1000 | Y4: =Q4-U4 -> 0 | Z4: =SUM(W4:Y4) -> 3000 | AA4: 8 | AB4: ហិ.រ ក្នុងប្រ/ទ | AC4: =IF(SUM(R4,Z4), "OK ", "-") -> OK
D5: =MATCH(H5,[2]អនុកម្មវិធី!$E$2:$E$33,0) -> 14 | G5: អនុកម្មវិធី ៣.២ ៖ អគ្គនាយកដ្ឋានពន្ធដារ | H5: អនុកម្មវិធីទី៣.២ | I5: =RIGHT(G5,LEN(G5)-SEARCH("៖",G5)) -> អគ្គនាយកដ្ឋានពន្ធដារ | O5: =SUM(O6:O7) -> 1400 | P5: =SUM(P6:P7) -> 50 | Q5: =SUM(Q6:Q7) -> 100 | R5: =SUM(O5:Q5) -> 1550 | S5: =SUM(S6:S7) -> 0 | T5: =SUM(T6:T7) -> 0 | U5: =SUM(U6:U7) -> 0 | V5: =SUM(S5:U5) -> 0 | W5: =SUM(W6:W7) -> 1400 | X5: =SUM(X6:X7) -> 50 | Y5: =SUM(Y6:Y7) -> 100 | Z5: =SUM(W5:Y5) -> 1550 | AC5: =IF(SUM(R5,Z5), "OK ", "-") -> OK
A6: 2 | C6: 2 | D6: 14 | F6: ១. គម្រោងសាងសង់អគារសាខាពន្ធដារខណ្ឌចំនួន០១ និងអគារការិយាល័យពន្ធដារស្រុកស្ទឹងហាវ ០១ | G6: ១. គម្រោងសាងសង់អគារសាខាពន្ធដារខណ្ឌចំនួន០១ និងអគារការិយាល័យពន្ធដារស្រុកស្ទឹងហាវ ០១ | J6: 492 | K6: 4 | L6: 1 | M6: គម្រោងស្នើសុំថ្មី | N6: វិនិយោគជាទុន | O6: 900 | P6: 0 | Q6: 100 | R6: =SUM(O6:Q6) -> 1000 | V6: =SUM(S6:U6) -> 0 | W6: =O6-S6 -> 900 | X6: =P6-T6 -> 0 | Y6: =Q6-U6 -> 100 | Z6: =SUM(W6:Y6) -> 1000 | AA6: 8 | AB6: ហិ.រ ក្នុងប្រ/ទ | AC6: =IF(SUM(R6,Z6), "OK ", "-") -> OK
A7: 3 | C7: 2 | D7: 14 | F7: ២. គម្រោងជួសជុលនិងកែលម្អអគារសាខាពន្ធដារខណ្ឌចំនួន០១ ការិយាល័យពន្ធដារក្រុងចំនួន០១ និងស្រុកចំនួន ០១ | G7: ២. គម្រោងជួសជុលនិងកែលម្អអគារសាខាពន្ធដារខណ្ឌចំនួន០១ ការិយាល័យពន្ធដារក្រុងចំនួន០១ និងស្រុកចំនួន ០១ | J7: 652 | K7: 4 | L7: 1 | M7: គម្រោងស្នើសុំថ្មី | N7: វិនិយោគជាទុន | O7: 500 | P7: 50 | Q7: 0 | R7: =SUM(O7:Q7) -> 550 | V7: =SUM(S7:U7) -> 0 | W7: =O7-S7 -> 500 | X7: =P7-T7 -> 50 | Y7: =Q7-U7 -> 0 | Z7: =SUM(W7:Y7) -> 550 | AA7: 8 | AB7: ហិ.រ ក្នុងប្រ/ទ | AC7: =IF(SUM(R7,Z7), "OK ", "-") -> OK
C8: =MATCH(H8,[1]កម្មវិធី!$E$2:$E$6) -> 3 | G8: កម្មវិធីទី៤៖ ការគ្រប់គ្រងចំណាយសាធារណៈ និងប្រព័ន្ធហិរញ្ញវត្ថុសាធារណៈ | H8: កម្មវិធីទី៤ | I8: =RIGHT(G8,LEN(G8)-SEARCH("៖",G8)) -> ការគ្រប់គ្រងចំណាយសាធារណៈ និងប្រព័ន្ធហិរញ្ញវត្ថុសាធារណៈ | O8: =O9 -> 2400 | P8: =P9 -> 2400 | Q8: =Q9 -> 1800 | R8: =R9 -> 6600 | S8: =S9 -> 0 | T8: =T9 -> 0 | U8: =U9 -> 0 | V8: =V9 -> 0 | ... Z8: =Z9 -> 6600 | AC8: =IF(SUM(R8,Z8), "OK ", "-") -> OK
D9: =MATCH(H9,[2]អនុកម្មវិធី!$E$2:$E$33,0) -> 21 | G9: អនុកម្មវិធី ៤.៤ ៖ អគ្គនាយកដ្ឋានរតនាគារជាតិ | H9: អនុកម្មវិធីទី៤.៤ | I9: =RIGHT(G9,LEN(G9)-SEARCH("៖",G9)) -> អគ្គនាយកដ្ឋានរតនាគារជាតិ | O9: =O10 -> 2400 | P9: =P10 -> 2400 | Q9: =Q10 -> 1800 | R9: =SUM(O9:Q9) -> 6600 | S9: =S10 -> 0 | T9: =T10 -> 0 | U9: =U10 -> 0 | V9: =SUM(S9:U9) -> 0 | W9: =W10 -> 2400 | X9: =X10 -> 2400 | Y9: =Y10 -> 1800 | Z9: =SUM(W9:Y9) -> 6600 | AC9: =IF(SUM(R9,Z9), "OK ", "-") -> OK
A10: 4 | C10: 3 | D10: 21 | F10: ១. គម្រោងសាងសង់ហេដ្ឋារចនាសម្ព័ន្ធរបស់រតនាគារខេត្ត ចំនួន ២២​ | G10: ១. គម្រោងសាងសង់ហេដ្ឋារចនាសម្ព័ន្ធរបស់រតនាគារខេត្ត ចំនួន ២២​ | J10: 651 | K10: 4 | L10: 1 | M10: គម្រោងស្នើសុំថ្មី | N10: វិនិយោគជាទុន | O10: 2400 | P10: 2400 | Q10: 1800 | R10: =SUM(O10:Q10) -> 6600 | V10: =SUM(S10:U10) -> 0 | W10: =O10-S10 -> 2400 | X10: =P10-T10 -> 2400 | Y10: =Q10-U10 -> 1800 | Z10: =SUM(W10:Y10) -> 6600 | AA10: 8 | AB10: ហិ.រ ក្នុងប្រ/ទ | AC10: =IF(SUM(R10,Z10), "OK ", "-") -> OK
C11: =MATCH(H11,[1]កម្មវិធី!$E$2:$E$6) -> 4 | G11: កម្មវិធីទី៥៖ កិច្ចការរដ្ឋបាលនិងអភិវឌ្ឍស្ថាប័ន | H11: កម្មវិធីទី៥ | I11: =RIGHT(G11,LEN(G11)-SEARCH("៖",G11)) -> កិច្ចការរដ្ឋបាលនិងអភិវឌ្ឍស្ថាប័ន | O11: =O12 -> 4232.5 | P11: =P12 -> 1862.5 | Q11: =Q12 -> 562.5 | R11: =R12 -> 6657.5 | S11: =S12 -> 0 | T11: =T12 -> 0 | U11: =U12 -> 0 | V11: =V12 -> 0 | ... Z11: =Z12 -> 6657.5 | AC11: =IF(SUM(R11,Z11), "OK ", "-") -> OK
D12: =MATCH(H12,[2]អនុកម្មវិធី!$E$2:$E$33,0) -> 30 | G12: អនុកម្មវិធី ៥.៣ ៖មន្ទីរសេដ្ឋកិច្ចនិងហិរញ្ញវត្ថុរាជធានី ខេត្ត | H12: អនុកម្មវិធីទី៥.៣ | I12: =RIGHT(G12,LEN(G12)-SEARCH("៖",G12)) -> មន្ទីរសេដ្ឋកិច្ចនិងហិរញ្ញវត្ថុរាជធានី ខេត្ត | O12: =O13+O20 -> 4232.5 | P12: =P13+P20 -> 1862.5 | Q12: =Q13+Q20 -> 562.5 | R12: =R13+R20 -> 6657.5 | S12: =S13+S20 -> 0 | T12: =T13+T20 -> 0 | U12: =U13+U20 -> 0 | V12: =V13+V20 -> 0 | ... Z12: =Z13+Z20 -> 6657.5 | AC12: =IF(SUM(R12,Z12), "OK ", "-") -> OK
A13: 5 | C13: 4 | D13: 30 | F13: ១.គម្រោងសាងសង់ហេដ្ឋារចនាសម្ព័ន្ធរូបវ័ន្តរបស់មន្ទីរសេដ្ឋកិច្ចនិងហិរញ្ញវត្ថុខេត្តចំនួន៥ | G13: ១.គម្រោងសាងសង់ហេដ្ឋារចនាសម្ព័ន្ធរូបវ័ន្តរបស់មន្ទីរសេដ្ឋកិច្ចនិងហិរញ្ញវត្ថុខេត្តចំនួន៥ | J13: 641 | K13: 4 | L13: 1 | M13: គម្រោងស្នើសុំថ្មី | N13: វិនិយោគជាទុន | O13: =SUM(O14:O19) -> 1232.5 | P13: =SUM(P14:P19) -> 362.5 | Q13: =SUM(Q14:Q19) -> 62.5 | R13: =SUM(R14:R19) -> 1657.5 | S13: =SUM(S14:S19) -> 0 | T13: =SUM(T14:T19) -> 0 | U13: =SUM(U14:U19) -> 0 | V13: =SUM(V14:V19) -> 0 | ... Z13: =SUM(Z14:Z19) -> 1657.5 | AA13: 8 | AB13: ហិ.រ ក្នុងប្រ/ទ | AC13: =IF(SUM(R13,Z13), "OK ", "-") -> OK
B14: 5 | E14: 1 | F14: - សាងសង់អគាររដ្ឋបាល | G14: - សាងសង់អគាររដ្ឋបាល | J14: មសហវ ខេត្តបន្ទាយមានជ័យ | O14: 62.5 | P14: 62.5 | Q14: 62.5 | R14: =SUM(O14:Q14) -> 187.5 | S14: 0 | T14: 0 | U14: 0 | V14: =SUM(S14:U14) -> 0 | W14: =O14-S14 -> 62.5 | X14: =P14-T14 -> 62.5 | Y14: =Q14-U14 -> 62.5 | Z14: =SUM(W14:Y14) -> 187.5 | AC14: =IF(SUM(R14,Z14), "OK ", "-") -> OK | AG14: =62500*3 -> 187500
B15: 5 | E15: 2 | F15: - សាងសង់អគាររដ្ឋបាលថ្មីកម្ពស់១ជាន់ (E1) | G15: - សាងសង់អគាររដ្ឋបាលថ្មីកម្ពស់១ជាន់ (E1) | J15: មសហវ.ខេត្តបាត់ដំបង | O15: 300 | P15: 300 | R15: =SUM(O15:Q15) -> 600 | V15: =SUM(S15:U15) -> 0 | W15: =O15-S15 -> 300 | X15: =P15-T15 -> 300 | Y15: =Q15-U15 -> 0 | Z15: =SUM(W15:Y15) -> 600 | AC15: =IF(SUM(R15,Z15), "OK ", "-") -> OK
B16: 5 | E16: 3 | F16: - សាងសង់អគារថ្មី | G16: - សាងសង់អគារថ្មី | J16: មសហវ. ខេត្តកំពង់ស្ពឺ | O16: 235 | R16: =SUM(O16:Q16) -> 235 | V16: =SUM(S16:U16) -> 0 | W16: =O16-S16 -> 235 | X16: =P16-T16 -> 0 | Y16: =Q16-U16 -> 0 | Z16: =SUM(W16:Y16) -> 235 | AC16: =IF(SUM(R16,Z16), "OK ", "-") -> OK
B17: 5 | E17: 4 | F17: - សាងសង់របងជុំវិញមន្ទីរ | G17: - សាងសង់របងជុំវិញមន្ទីរ | O17: 135 | R17: =SUM(O17:Q17) -> 135 | V17: =SUM(S17:U17) -> 0 | W17: =O17-S17 -> 135 | X17: =P17-T17 -> 0 | Y17: =Q17-U17 -> 0 | Z17: =SUM(W17:Y17) -> 135 | AC17: =IF(SUM(R17,Z17), "OK ", "-") -> OK
B18: 5 | E18: 5 | F18: - សាងសង់របង | G18: - សាងសង់របង | J18: មសហវ ខេត្តព្រះវិហារ | O18: 125 | R18: =SUM(O18:Q18) -> 125 | V18: =SUM(S18:U18) -> 0 | W18: =O18-S18 -> 125 | X18: =P18-T18 -> 0 | Y18: =Q18-U18 -> 0 | Z18: =SUM(W18:Y18) -> 125 | AC18: =IF(SUM(R18,Z18), "OK ", "-") -> OK
B19: 5 | E19: 6 | F19: - សាងសង់អគាររដ្ឋបាលថ្មី | G19: - សាងសង់អគាររដ្ឋបាលថ្មី | J19: មសហវ ខេត្តឧត្តរមានជ័យ | O19: 375 | R19: =SUM(O19:Q19) -> 375 | V19: =SUM(S19:U19) -> 0 | W19: =O19-S19 -> 375 | X19: =P19-T19 -> 0 | Y19: =Q19-U19 -> 0 | Z19: =SUM(W19:Y19) -> 375 | AC19: =IF(SUM(R19,Z19), "OK ", "-") -> OK
A20: 6 | C20: 4 | D20: 30 | F20: ២.គម្រោងទិញដីសម្រាប់មន្ទីរសេដ្ឋកិច្ចខេត្តកណ្តាលនិងសាងសង់អគារ មន្ទីរសេដ្ឋកិច្ចនិងហិរញ្ញវត្ថុខេត្តកណ្តាល និងអគារមន្ទីរសេដ្ឋកិច្ចនិងហិរញ្ញវត្ថុ រាជធានីភ្នំពេញ | G20: ២.គម្រោងទិញដីសម្រាប់មន្ទីរសេដ្ឋកិច្ចខេត្តកណ្តាលនិងសាងសង់អគារ មន្ទីរសេដ្ឋកិច្ចនិងហិរញ្ញវត្ថុខេត្តកណ្តាល និងអគារមន្ទីរសេដ្ឋកិច្ចនិងហិរញ្ញវត្ថុ រាជធានីភ្នំពេញ | J20: 507 | M20: គម្រោងស្នើសុំថ្មី | N20: វិនិយោគជាទុន | O20: =SUM(O21:O22) -> 3000 | P20: =SUM(P21:P22) -> 1500 | Q20: =SUM(Q21:Q22) -> 500 | R20: =SUM(R21:R22) -> 5000 | S20: =SUM(S21:S22) -> 0 | T20: =SUM(T21:T22) -> 0 | U20: =SUM(U21:U22) -> 0 | V20: =SUM(V21:V22) -> 0 | ... Z20: =SUM(Z21:Z22) -> 5000 | AA20: 8 | AB20: ហិ.រ ក្នុងប្រ/ទ | AC20: =IF(SUM(R20,Z20), "OK ", "-") -> OK
B21: 6 | E21: 1 | F21: - ទិញដី និងសាងសង់អគាររដ្ឋបាល មន្ទីរ | G21: - ទិញដី និងសាងសង់អគាររដ្ឋបាល មន្ទីរ | J21: មសហវ ខេត្តកណ្តាល | O21: 2500 | P21: 1000 | Q21: 500 | R21: =SUM(O21:Q21) -> 4000 | V21: =SUM(S21:U21) -> 0 | W21: =O21-S21 -> 2500 | X21: =P21-T21 -> 1000 | Y21: =Q21-U21 -> 500 | Z21: =SUM(W21:Y21) -> 4000 | AC21: =IF(SUM(R21,Z21), "OK ", "-") -> OK
B22: 6 | E22: 2 | F22: - សាងសង់អគារមន្ទីរសេដ្ឋកិច្ចនិងហិរញ្ញវត្ថុរាជធានី និងបំពាក់បរិក្ខារ | G22: - សាងសង់អគារមន្ទីរសេដ្ឋកិច្ចនិងហិរញ្ញវត្ថុរាជធានី និងបំពាក់បរិក្ខារ | J22: មសហវ រាជធានីភ្នំពេញ | O22: 500 | P22: 500 | R22: =SUM(O22:Q22) -> 1000 | V22: =SUM(S22:U22) -> 0 | W22: =O22-S22 -> 500 | X22: =P22-T22 -> 500 | Y22: =Q22-U22 -> 0 | Z22: =SUM(W22:Y22) -> 1000 | AC22: =IF(SUM(R22,Z22), "OK ", "-") -> OK

Sheet Finance Resource
A1: id | B1: name_en | C1: name_kh | D1: order_level
A2: 1 | B2: ថវិកាជាតិ | C2: ថវិកាជាតិ | D2: 1
A3: 2 | B3: ជំនួយឥតសំណង | C3: ជំនួយឥតសំណង | D3: 2
A4: 3 | B4: ជំនួយឥតសំណង | C4: ជំនួយឥតសំណង | D4: 3
A5: 4 | B5: ប្រាក់កម្ចីមិនមែនសម្បទាន | C5: ប្រាក់កម្ចីមិនមែនសម្បទាន | D5: 4
A6: 5 | B6: ប្រាក់កម្ចីសម្បទាន | C6: ប្រាក់កម្ចីសម្បទាន | D6: 5
A7: 6 | B7: បញ្ចូលគ្នារវាងថវិកាជាតិ ជំនួយឥតសំណង និងប្រាក់កម្ចី | C7: បញ្ចូលគ្នារវាងថវិកាជាតិ ជំនួយឥតសំណង និងប្រាក់កម្ចី | D7: 6
A8: 7 | B8: កំពុងស្វែងរកជំនួយ | C8: កំពុងស្វែងរកជំនួយ | D8: 7
A9: 8 | B9: ហិរញ្ញប្រទានក្នុងប្រទេស | C9: ហិរញ្ញប្រទានក្នុងប្រទេស | D9: 8

Sheet Project Status
A1: id | B1: name_en | C1: name_kh | D1: order_level
A2: 1 | B2: មិនទាន់រៀបចំ | C2: មិនទាន់រៀបចំ
A3: 2 | B3: កំពុងរៀបចំ | C3: កំពុងរៀបចំ
A4: 3 | B4: បានបញ្ចប់ហើយ | C4: បានបញ្ចប់ហើយ
A5: 4 | B5: គម្រោងស្នើសុំថ្មី | C5: គម្រោងស្នើសុំថ្មី

Sheet Project Type
A1: id | B1: name_en | C1: name_kh | D1: order_level
A2: 1 | B2: វិនិយោគជាទុន | C2: វិនិយោគជាទុន | D2: 1
A3: 2 | B3: គម្រោងជំនួយបច្ចេកទេស | C3: គម្រោងជំនួយបច្ចេកទេស | D3: 2

Sheet pip_project
A4: ឧបសម្ព័ន្ធទី២៖ តារាងសរុបគម្រោងវិនិយោគរបស់ក្រសួងសេដ្ឋកិច្ចនិងហិរញ្ញវត្ថុ សម្រាប់ដាក់បញ្ជូលក្នុង ក.វ.ស ៣ឆ្នាំរំកិល ២០២៣-២០២៥ (តាមអង្គភាពថវិកា)
A5: id | B5: program_id | C5: sub_program_id | D5: entity_id | E5: project_name_en | F5: project_name_kh | G5: structure_sub_program | H5: structure_sub_program | I5: pip_no | J5: project_status | K5: project_type | L5: est_costing_year_0 | M5: est_costing_year_1 | N5: est_costing_year_2 | P5: s_fin_year_0 | Q5: s_fin_year_1 | R5: s_fin_year_2 | T5: add_req_fin_year_0 | U5: add_req_fin_year_1 | V5: add_req_fin_year_2 | X5: fin_resource
F6: ឈ្មោះកម្មវិធី/ ឈ្មោះអនុកម្មវិធី /ឈ្មោះគម្រោង | I6: លេខ PIP | J6: ស្ថានភាពគម្រោង | K6: ប្រភេទគម្រោង | L6: ចំណាយប៉ាន់ស្មានសរុប | P6: ហិរញ្ញប្បទានសន្យាផ្តល់ | T6: តម្រូវការហិរញ្ញប្បទានបំពេញបន្ថែម | X6: ប្រភព ហិរញ្ញប្បទាន
L7: 2023 | M7: 2024 | N7: 2025 | O7: សរុប​៣ឆ្នាំ | P7: 2023 | Q7: 2024 | R7: 2025 | S7: សរុប​៣ឆ្នាំ | T7: 2023 | U7: 2024 | V7: 2025 | W7: សរុប​៣ឆ្នាំ | Y7: =IF(SUM(O7,W7), "OK ", "-") -> -
F8: សរុបរួម ក្រសួង​សេដ្ឋ​កិច្ច​និង​ហិរញ្ញវត្ថុ | L8: =+L9+L15+L18 -> 10032.5 | M8: =+M9+M15+M18 -> 5312.5 | N8: =+N9+N15+N18 -> 2462.5 | O8: =SUM(L8:N8) -> 17807.5 | P8: =+P9+P15+P18 -> 0 | Q8: =+Q9+Q15+Q18 -> 0 | R8: =+R9+R15+R18 -> 0 | S8: =SUM(P8:R8) -> 0 | T8: =+T9+T15+T18 -> 10032.5 | U8: =+U9+U15+U18 -> 5312.5 | V8: =+V9+V15+V18 -> 2462.5 | W8: =SUM(T8:V8) -> 17807.5 | Y8: =IF(SUM(O8,W8), "OK ", "-") -> OK | Z8: 11267.25 | AA8: 5737.25 | AB8: 2487.5
B9: =MATCH(G9,[1]កម្មវិធី!$E$2:$E$6) -> 2 | F9: កម្មវិធីទី៣៖ ការគ្រប់គ្រងចំណូលសាធារណៈ និងទ្រព្យសម្បត្តិរដ្ឋ | G9: កម្មវិធីទី៣ | H9: =RIGHT(F9,LEN(F9)-SEARCH("៖",F9)) -> ការគ្រប់គ្រងចំណូលសាធារណៈ និងទ្រព្យសម្បត្តិរដ្ឋ | L9: =L10+L12 -> 3400 | M9: =M10+M12 -> 1050 | N9: =N10+N12 -> 100 | O9: =O10+O12 -> 4550 | P9: =P10+P12 -> 0 | Q9: =Q10+Q12 -> 0 | R9: =R10+R12 -> 0 | S9: =S10+S12 -> 0 | ... W9: =W10+W12 -> 4550 | Y9: =IF(SUM(O9,W9), "OK ", "-") -> OK | AC9: =800000000/4000 -> 200000
C10: =MATCH(G10,[2]អនុកម្មវិធី!$E$2:$E$33,0) -> 13 | F10: អនុកម្មវិធី ៣.១ ៖ អគ្គនាយកដ្ឋានគយនិងរដ្ឋាករកម្ពុជា | G10: អនុកម្មវិធីទី៣.១ | H10: =RIGHT(F10,LEN(F10)-SEARCH("៖",F10)) -> អគ្គនាយកដ្ឋានគយនិងរដ្ឋាករកម្ពុជា | L10: =SUM(L11:L11) -> 2000 | M10: =SUM(M11:M11) -> 1000 | N10: =SUM(N11:N11) -> 0 | O10: =SUM(L10:N10) -> 3000 | P10: =SUM(P11:P11) -> 0 | Q10: =SUM(Q11:Q11) -> 0 | R10: =SUM(R11:R11) -> 0 | S10: =SUM(P10:R10) -> 0 | T10: =SUM(T11:T11) -> 2000 | U10: =SUM(U11:U11) -> 1000 | V10: =SUM(V11:V11) -> 0 | W10: =SUM(T10:V10) -> 3000 | Y10: =IF(SUM(O10,W10), "OK ", "-") -> OK
A11: 1 | B11: 2 | C11: 13 | F11: ១. គម្រោងប្រព័ន្ធបញ្ជរតែមួយជាតិ (ដំណាក់កាលទី៣) | I11: 659 | J11: គម្រោងស្នើសុំថ្មី | K11: វិនិយោគជាទុន | L11: 2000 | M11: 1000 | N11: 0 | O11: =SUM(L11:N11) -> 3000 | S11: =SUM(P11:R11) -> 0 | T11: =L11-P11 -> 2000 | U11: =M11-Q11 -> 1000 | V11: =N11-R11 -> 0 | W11: =SUM(T11:V11) -> 3000 | X11: ហិ.រ ក្នុងប្រ/ទ | Y11: =IF(SUM(O11,W11), "OK ", "-") -> OK
C12: =MATCH(G12,[2]អនុកម្មវិធី!$E$2:$E$33,0) -> 14 | F12: អនុកម្មវិធី ៣.២ ៖ អគ្គនាយកដ្ឋានពន្ធដារ | G12: អនុកម្មវិធីទី៣.២ | H12: =RIGHT(F12,LEN(F12)-SEARCH("៖",F12)) -> អគ្គនាយកដ្ឋានពន្ធដារ | L12: =SUM(L13:L14) -> 1400 | M12: =SUM(M13:M14) -> 50 | N12: =SUM(N13:N14) -> 100 | O12: =SUM(L12:N12) -> 1550 | P12: =SUM(P13:P14) -> 0 | Q12: =SUM(Q13:Q14) -> 0 | R12: =SUM(R13:R14) -> 0 | S12: =SUM(P12:R12) -> 0 | T12: =SUM(T13:T14) -> 1400 | U12: =SUM(U13:U14) -> 50 | V12: =SUM(V13:V14) -> 100 | W12: =SUM(T12:V12) -> 1550 | Y12: =IF(SUM(O12,W12), "OK ", "-") -> OK
A13: 2 | B13: 2 | C13: 14 | F13: ១. គម្រោងសាងសង់អគារសាខាពន្ធដារខណ្ឌចំនួន០១ និងអគារការិយាល័យពន្ធដារស្រុកស្ទឹងហាវ ០១ | I13: 492 | J13: គម្រោងស្នើសុំថ្មី | K13: វិនិយោគជាទុន | L13: 900 | M13: 0 | N13: 100 | O13: =SUM(L13:N13) -> 1000 | S13: =SUM(P13:R13) -> 0 | T13: =L13-P13 -> 900 | U13: =M13-Q13 -> 0 | V13: =N13-R13 -> 100 | W13: =SUM(T13:V13) -> 1000 | X13: ហិ.រ ក្នុងប្រ/ទ | Y13: =IF(SUM(O13,W13), "OK ", "-") -> OK
A14: 3 | B14: 2 | C14: 14 | F14: ២. គម្រោងជួសជុលនិងកែលម្អអគារសាខាពន្ធដារខណ្ឌចំនួន០១ ការិយាល័យពន្ធដារក្រុងចំនួន០១ និងស្រុកចំនួន ០១ | I14: 652 | J14: គម្រោងស្នើសុំថ្មី | K14: វិនិយោគជាទុន | L14: 500 | M14: 50 | N14: 0 | O14: =SUM(L14:N14) -> 550 | S14: =SUM(P14:R14) -> 0 | T14: =L14-P14 -> 500 | U14: =M14-Q14 -> 50 | V14: =N14-R14 -> 0 | W14: =SUM(T14:V14) -> 550 | X14: ហិ.រ ក្នុងប្រ/ទ | Y14: =IF(SUM(O14,W14), "OK ", "-") -> OK
B15: =MATCH(G15,[1]កម្មវិធី!$E$2:$E$6) -> 3 | F15: កម្មវិធីទី៤៖ ការគ្រប់គ្រងចំណាយសាធារណៈ និងប្រព័ន្ធហិរញ្ញវត្ថុសាធារណៈ | G15: កម្មវិធីទី៤ | H15: =RIGHT(F15,LEN(F15)-SEARCH("៖",F15)) -> ការគ្រប់គ្រងចំណាយសាធារណៈ និងប្រព័ន្ធហិរញ្ញវត្ថុសាធារណៈ | L15: =L16 -> 2400 | M15: =M16 -> 2400 | N15: =N16 -> 1800 | O15: =O16 -> 6600 | P15: =P16 -> 0 | Q15: =Q16 -> 0 | R15: =R16 -> 0 | S15: =S16 -> 0 | ... W15: =W16 -> 6600 | Y15: =IF(SUM(O15,W15), "OK ", "-") -> OK
C16: =MATCH(G16,[2]អនុកម្មវិធី!$E$2:$E$33,0) -> 21 | F16: អនុកម្មវិធី ៤.៤ ៖ អគ្គនាយកដ្ឋានរតនាគារជាតិ | G16: អនុកម្មវិធីទី៤.៤ | H16: =RIGHT(F16,LEN(F16)-SEARCH("៖",F16)) -> អគ្គនាយកដ្ឋានរតនាគារជាតិ | L16: =L17 -> 2400 | M16: =M17 -> 2400 | N16: =N17 -> 1800 | O16: =SUM(L16:N16) -> 6600 | P16: =P17 -> 0 | Q16: =Q17 -> 0 | R16: =R17 -> 0 | S16: =SUM(P16:R16) -> 0 | T16: =T17 -> 2400 | U16: =U17 -> 2400 | V16: =V17 -> 1800 | W16: =SUM(T16:V16) -> 6600 | Y16: =IF(SUM(O16,W16), "OK ", "-") -> OK
A17: 4 | B17: 3 | C17: 21 | F17: ១. គម្រោងសាងសង់ហេដ្ឋារចនាសម្ព័ន្ធរបស់រតនាគារខេត្ត ចំនួន ២២​ | I17: 651 | J17: គម្រោងស្នើសុំថ្មី | K17: វិនិយោគជាទុន | L17: 2400 | M17: 2400 | N17: 1800 | O17: =SUM(L17:N17) -> 6600 | S17: =SUM(P17:R17) -> 0 | T17: =L17-P17 -> 2400 | U17: =M17-Q17 -> 2400 | V17: =N17-R17 -> 1800 | W17: =SUM(T17:V17) -> 6600 | X17: ហិ.រ ក្នុងប្រ/ទ | Y17: =IF(SUM(O17,W17), "OK ", "-") -> OK
B18: =MATCH(G18,[1]កម្មវិធី!$E$2:$E$6) -> 4 | F18: កម្មវិធីទី៥៖ កិច្ចការរដ្ឋបាលនិងអភិវឌ្ឍស្ថាប័ន | G18: កម្មវិធីទី៥ | H18: =RIGHT(F18,LEN(F18)-SEARCH("៖",F18)) -> កិច្ចការរដ្ឋបាលនិងអភិវឌ្ឍស្ថាប័ន | L18: =L19 -> 4232.5 | M18: =M19 -> 1862.5 | N18: =N19 -> 562.5 | O18: =O19 -> 6657.5 | P18: =P19 -> 0 | Q18: =Q19 -> 0 | R18: =R19 -> 0 | S18: =S19 -> 0 | ... W18: =W19 -> 6657.5 | Y18: =IF(SUM(O18,W18), "OK ", "-") -> OK
C19: =MATCH(G19,[2]អនុកម្មវិធី!$E$2:$E$33,0) -> 30 | F19: អនុកម្មវិធី ៥.៣ ៖មន្ទីរសេដ្ឋកិច្ចនិងហិរញ្ញវត្ថុរាជធានី ខេត្ត | G19: អនុកម្មវិធីទី៥.៣ | H19: =RIGHT(F19,LEN(F19)-SEARCH("៖",F19)) -> មន្ទីរសេដ្ឋកិច្ចនិងហិរញ្ញវត្ថុរាជធានី ខេត្ត | L19: =L20+L27 -> 4232.5 | M19: =M20+M27 -> 1862.5 | N19: =N20+N27 -> 562.5 | O19: =O20+O27 -> 6657.5 | P19: =P20+P27 -> 0 | Q19: =Q20+Q27 -> 0 | R19: =R20+R27 -> 0 | S19: =S20+S27 -> 0 | ... W19: =W20+W27 -> 6657.5 | Y19: =IF(SUM(O19,W19), "OK ", "-") -> OK
A20: 5 | B20: 4 | C20: 30 | F20: ១.គម្រោងសាងសង់ហេដ្ឋារចនាសម្ព័ន្ធរូបវ័ន្តរបស់មន្ទីរសេដ្ឋកិច្ចនិងហិរញ្ញវត្ថុខេត្តចំនួន៥ | I20: 641 | J20: គម្រោងស្នើសុំថ្មី | K20: វិនិយោគជាទុន | L20: =SUM(L21:L26) -> 1232.5 | M20: =SUM(M21:M26) -> 362.5 | N20: =SUM(N21:N26) -> 62.5 | O20: =SUM(O21:O26) -> 1657.5 | P20: =SUM(P21:P26) -> 0 | Q20: =SUM(Q21:Q26) -> 0 | R20: =SUM(R21:R26) -> 0 | S20: =SUM(S21:S26) -> 0 | ... W20: =SUM(W21:W26) -> 1657.5 | X20: ហិ.រ ក្នុងប្រ/ទ | Y20: =IF(SUM(O20,W20), "OK ", "-") -> OK
F21: - សាងសង់អគាររដ្ឋបាល | I21: មសហវ ខេត្តបន្ទាយមានជ័យ | L21: 62.5 | M21: 62.5 | N21: 62.5 | O21: =SUM(L21:N21) -> 187.5 | P21: 0 | Q21: 0 | R21: 0 | S21: =SUM(P21:R21) -> 0 | T21: =L21-P21 -> 62.5 | U21: =M21-Q21 -> 62.5 | V21: =N21-R21 -> 62.5 | W21: =SUM(T21:V21) -> 187.5 | Y21: =IF(SUM(O21,W21), "OK ", "-") -> OK | AC21: =62500*3 -> 187500
F22: - សាងសង់អគាររដ្ឋបាលថ្មីកម្ពស់១ជាន់ (E1) | I22: មសហវ.ខេត្តបាត់ដំបង | L22: 300 | M22: 300 | O22: =SUM(L22:N22) -> 600 | S22: =SUM(P22:R22) -> 0 | T22: =L22-P22 -> 300 | U22: =M22-Q22 -> 300 | V22: =N22-R22 -> 0 | W22: =SUM(T22:V22) -> 600 | Y22: =IF(SUM(O22,W22), "OK ", "-") -> OK
F23: - សាងសង់អគារថ្មី | I23: មសហវ. ខេត្តកំពង់ស្ពឺ | L23: 235 | O23: =SUM(L23:N23) -> 235 | S23: =SUM(P23:R23) -> 0 | T23: =L23-P23 -> 235 | U23: =M23-Q23 -> 0 | V23: =N23-R23 -> 0 | W23: =SUM(T23:V23) -> 235 | Y23: =IF(SUM(O23,W23), "OK ", "-") -> OK
F24: - សាងសង់របងជុំវិញមន្ទីរ | L24: 135 | O24: =SUM(L24:N24) -> 135 | S24: =SUM(P24:R24) -> 0 | T24: =L24-P24 -> 135 | U24: =M24-Q24 -> 0 | V24: =N24-R24 -> 0 | W24: =SUM(T24:V24) -> 135 | Y24: =IF(SUM(O24,W24), "OK ", "-") -> OK
F25: - សាងសង់របង | I25: មសហវ ខេត្តព្រះវិហារ | L25: 125 | O25: =SUM(L25:N25) -> 125 | S25: =SUM(P25:R25) -> 0 | T25: =L25-P25 -> 125 | U25: =M25-Q25 -> 0 | V25: =N25-R25 -> 0 | W25: =SUM(T25:V25) -> 125 | Y25: =IF(SUM(O25,W25), "OK ", "-") -> OK
F26: - សាងសង់អគាររដ្ឋបាលថ្មី | I26: មសហវ ខេត្តឧត្តរមានជ័យ | L26: 375 | O26: =SUM(L26:N26) -> 375 | S26: =SUM(P26:R26) -> 0 | T26: =L26-P26 -> 375 | U26: =M26-Q26 -> 0 | V26: =N26-R26 -> 0 | W26: =SUM(T26:V26) -> 375 | Y26: =IF(SUM(O26,W26), "OK ", "-") -> OK
A27: 6 | B27: 4 | C27: 30 | F27: ២.គម្រោងទិញដីសម្រាប់មន្ទីរសេដ្ឋកិច្ចខេត្តកណ្តាលនិងសាងសង់អគារ មន្ទីរសេដ្ឋកិច្ចនិងហិរញ្ញវត្ថុខេត្តកណ្តាល និងអគារមន្ទីរសេដ្ឋកិច្ចនិងហិរញ្ញវត្ថុ រាជធានីភ្នំពេញ | I27: 507 | J27: គម្រោងស្នើសុំថ្មី | K27: វិនិយោគជាទុន | L27: =SUM(L28:L29) -> 3000 | M27: =SUM(M28:M29) -> 1500 | N27: =SUM(N28:N29) -> 500 | O27: =SUM(O28:O29) -> 5000 | P27: =SUM(P28:P29) -> 0 | Q27: =SUM(Q28:Q29) -> 0 | R27: =SUM(R28:R29) -> 0 | S27: =SUM(S28:S29) -> 0 | ... W27: =SUM(W28:W29) -> 5000 | X27: ហិ.រ ក្នុងប្រ/ទ | Y27: =IF(SUM(O27,W27), "OK ", "-") -> OK
F28: - ទិញដី និងសាងសង់អគាររដ្ឋបាល មន្ទីរ | I28: មសហវ ខេត្តកណ្តាល | L28: 2500 | M28: 1000 | N28: 500 | O28: =SUM(L28:N28) -> 4000 | S28: =SUM(P28:R28) -> 0 | T28: =L28-P28 -> 2500 | U28: =M28-Q28 -> 1000 | V28: =N28-R28 -> 500 | W28: =SUM(T28:V28) -> 4000 | Y28: =IF(SUM(O28,W28), "OK ", "-") -> OK
F29: - សាងសង់អគារមន្ទីរសេដ្ឋកិច្ចនិងហិរញ្ញវត្ថុរាជធានី និងបំពាក់បរិក្ខារ | I29: មសហវ រាជធានីភ្នំពេញ | L29: 500 | M29: 500 | O29: =SUM(L29:N29) -> 1000 | S29: =SUM(P29:R29) -> 0 | T29: =L29-P29 -> 500 | U29: =M29-Q29 -> 500 | V29: =N29-R29 -> 0 | W29: =SUM(T29:V29) -> 1000 | Y29: =IF(SUM(O29,W29), "OK ", "-") -> OK

Sheet PIP 2023-2025 by Projects
B4: ឧបសម្ព័ន្ធទី១៖ តារាងសរុបគម្រោងវិនិយោគរបស់ក្រសួងសេដ្ឋកិច្ចនិងហិរញ្ញវត្ថុ សម្រាប់ដាក់បញ្ជូលក្នុង ក.វ.ស ៣ឆ្នាំរំកិល ២០២៣-២០២៥ (ប្រភេទគម្រោង)
R5: ឯកតា៖ពាន់ដុល្លារអាមេរិក
B6: ឈ្មោះគម្រោង | C6: លេខ PIP | D6: ស្ថានភាពគម្រោង | E6: ប្រភេទគម្រោង | F6: ចំណាយប៉ាន់ស្មានសរុប | J6: ហិរញ្ញប្បទានសន្យាផ្តល់ | N6: តម្រូវការហិរញ្ញប្បទានបំពេញបន្ថែម | R6: ប្រភព ហិរញ្ញប្បទាន
F7: 2023 | G7: 2024 | H7: 2025 | I7: សរុប​៣ឆ្នាំ | J7: 2023 | K7: 2024 | L7: 2025 | M7: សរុប​៣ឆ្នាំ | N7: 2023 | O7: 2024 | P7: 2025 | Q7: សរុប​៣ឆ្នាំ | S7: =IF(SUM(I7,Q7), "OK ", "-") -> -
S8: =IF(SUM(I8,Q8), "OK ", "-") -> -
B9: សរុបរួម ក្រសួង​សេដ្ឋ​កិច្ច​និង​ហិរញ្ញវត្ថុ | F9: =SUM(F10:F15) -> 10032.5 | G9: =SUM(G10:G15) -> 5312.5 | H9: =SUM(H10:H15) -> 2462.5 | I9: =SUM(F9:H9) -> 17807.5 | J9: =SUM(J10:J15) -> 0 | K9: =SUM(K10:K15) -> 0 | L9: =SUM(L10:L15) -> 0 | M9: =SUM(J9:L9) -> 0 | N9: =SUM(N10:N15) -> 10032.5 | O9: =SUM(O10:O15) -> 5312.5 | P9: =SUM(P10:P15) -> 2462.5 | Q9: =SUM(N9:P9) -> 17807.5 | S9: =IF(SUM(I9,Q9), "OK ", "-") -> OK
B10: ១. គម្រោងប្រព័ន្ធបញ្ជរតែមួយជាតិ (ដំណាក់កាលទី៣) | C10: 659 | D10: គម្រោងស្នើសុំថ្មី | E10: វិនិយោគជាទុន | F10: 2000 | G10: 1000 | H10: 0 | I10: =SUM(F10:H10) -> 3000 | M10: =SUM(J10:L10) -> 0 | N10: =F10-J10 -> 2000 | O10: =G10-K10 -> 1000 | P10: =H10-L10 -> 0 | Q10: =SUM(N10:P10) -> 3000 | R10: ហិ.រ ក្នុងប្រ/ទ | S10: =IF(SUM(I10,Q10), "OK ", "-") -> OK
B11: ២. គម្រោងសាងសង់អគារសាខាពន្ធដារខណ្ឌចំនួន០១ និងអគារការិយាល័យពន្ធដារស្រុកស្ទឹងហាវ ០១ | C11: 492 | D11: គម្រោងស្នើសុំថ្មី | E11: វិនិយោគជាទុន | F11: 900 | G11: 0 | H11: 100 | I11: =SUM(F11:H11) -> 1000 | M11: =SUM(J11:L11) -> 0 | N11: =F11-J11 -> 900 | O11: =G11-K11 -> 0 | P11: =H11-L11 -> 100 | Q11: =SUM(N11:P11) -> 1000 | R11: ហិ.រ ក្នុងប្រ/ទ | S11: =IF(SUM(I11,Q11), "OK ", "-") -> OK
B12: ៣. គម្រោងជួសជុលនិងកែលម្អអគារសាខាពន្ធដារខណ្ឌចំនួន០១ ការិយាល័យពន្ធដារក្រុងចំនួន០១ និងស្រុកចំនួន ០១ | C12: 652 | D12: គម្រោងស្នើសុំថ្មី | E12: វិនិយោគជាទុន | F12: 500 | G12: 50 | H12: 0 | I12: =SUM(F12:H12) -> 550 | M12: =SUM(J12:L12) -> 0 | N12: =F12-J12 -> 500 | O12: =G12-K12 -> 50 | P12: =H12-L12 -> 0 | Q12: =SUM(N12:P12) -> 550 | R12: ហិ.រ ក្នុងប្រ/ទ | S12: =IF(SUM(I12,Q12), "OK ", "-") -> OK
B13: ៤. គម្រោងសាងសង់ហេដ្ឋារចនាសម្ព័ន្ធរបស់រតនាគារខេត្ត ចំនួន ២២ | C13: 651 | D13: គម្រោងស្នើសុំថ្មី | E13: វិនិយោគជាទុន | F13: 2400 | G13: 2400 | H13: 1800 | I13: =SUM(F13:H13) -> 6600 | M13: =SUM(J13:L13) -> 0 | N13: =F13-J13 -> 2400 | O13: =G13-K13 -> 2400 | P13: =H13-L13 -> 1800 | Q13: =SUM(N13:P13) -> 6600 | R13: ហិ.រ ក្នុងប្រ/ទ | S13: =IF(SUM(I13,Q13), "OK ", "-") -> OK
B14: ៥. គម្រោងសាងសង់ហេដ្ឋារចនាសម្ព័ន្ធរូបវ័ន្តរបស់មន្ទីរសេដ្ឋកិច្ចនិងហិរញ្ញវត្ថុខេត្តចំនួន ៥ | C14: 641 | D14: គម្រោងស្នើសុំថ្មី | E14: វិនិយោគជាទុន | F14: 1232.5 | G14: 362.5 | H14: 62.5 | I14: =SUM(F14:H14) -> 1657.5 | M14: =SUM(J14:L14) -> 0 | N14: =F14-J14 -> 1232.5 | O14: =G14-K14 -> 362.5 | P14: =H14-L14 -> 62.5 | Q14: =SUM(N14:P14) -> 1657.5 | R14: ហិ.រ ក្នុងប្រ/ទ | S14: =IF(SUM(I14,Q14), "OK ", "-") -> OK
B15: ៦. គម្រោងទិញដីសម្រាប់មន្ទីរសេដ្ឋកិច្ចខេត្តកណ្តាល និងសាងសង់អគារមន្ទីរសេដ្ឋកិច្ចនិងហិរញ្ញវត្ថុខេត្តកណ្តាល និងអគារមន្ទីរសេដ្ឋកិច្ចនិងហិរញ្ញវត្ថុរាជធានីភ្នំពេញ | C15: 507 | D15: គម្រោងស្នើសុំថ្មី | E15: វិនិយោគជាទុន | F15: 3000 | G15: =1000+500 -> 1500 | H15: 500 | I15: =SUM(F15:H15) -> 5000 | M15: =SUM(J15:L15) -> 0 | N15: =F15-J15 -> 3000 | O15: =G15-K15 -> 1500 | P15: =H15-L15 -> 500 | Q15: =SUM(N15:P15) -> 5000 | R15: ហិ.រ ក្នុងប្រ/ទ | S15: =IF(SUM(I15,Q15), "OK ", "-") -> OK

Sheet PIP 2023-2025 by BEs
A4: ឧបសម្ព័ន្ធទី២៖ តារាងសរុបគម្រោងវិនិយោគរបស់ក្រសួងសេដ្ឋកិច្ចនិងហិរញ្ញវត្ថុ សម្រាប់ដាក់បញ្ជូលក្នុង ក.វ.ស ៣ឆ្នាំរំកិល ២០២៣-២០២៥ (តាមអង្គភាពថវិកា)
R5: ឯកតា៖ពាន់ដុល្លារអាមេរិក
B6: ឈ្មោះកម្មវិធី/ ឈ្មោះអនុកម្មវិធី /ឈ្មោះគម្រោង | C6: លេខ PIP | D6: ស្ថានភាពគម្រោង | E6: ប្រភេទគម្រោង | F6: ចំណាយប៉ាន់ស្មានសរុប | J6: ហិរញ្ញប្បទានសន្យាផ្តល់ | N6: តម្រូវការហិរញ្ញប្បទានបំពេញបន្ថែម | R6: ប្រភព ហិរញ្ញប្បទាន
F7: 2023 | G7: 2024 | H7: 2025 | I7: សរុប​៣ឆ្នាំ | J7: 2023 | K7: 2024 | L7: 2025 | M7: សរុប​៣ឆ្នាំ | N7: 2023 | O7: 2024 | P7: 2025 | Q7: សរុប​៣ឆ្នាំ | S7: =IF(SUM(I7,Q7), "OK ", "-") -> -
B8: 1 | C8: 2 | D8: 3 | E8: 4 | F8: 5 | G8: 6 | H8: 7 | I8: 8=5+6+7 | J8: 9 | K8: 10 | L8: 11 | M8: 12=9+10+11 | N8: 13=5-9 | O8: 14=6-10 | P8: 15=7-11 | Q8: 16=13+14+15 | R8: 17 | S8: =IF(SUM(I8,Q8), "OK ", "-") -> -
B9: សរុបរួម ក្រសួង​សេដ្ឋ​កិច្ច​និង​ហិរញ្ញវត្ថុ | F9: =+F10+F16+F19 -> 10032.5 | G9: =+G10+G16+G19 -> 5312.5 | H9: =+H10+H16+H19 -> 2462.5 | I9: =SUM(F9:H9) -> 17807.5 | J9: =+J10+J16+J19 -> 0 | K9: =+K10+K16+K19 -> 0 | L9: =+L10+L16+L19 -> 0 | M9: =SUM(J9:L9) -> 0 | N9: =+N10+N16+N19 -> 10032.5 | O9: =+O10+O16+O19 -> 5312.5 | P9: =+P10+P16+P19 -> 2462.5 | Q9: =SUM(N9:P9) -> 17807.5 | S9: =IF(SUM(I9,Q9), "OK ", "-") -> OK | T9: 11267.25 | U9: 5737.25 | V9: 2487.5
B10: កម្មវិធីទី៣៖ ការគ្រប់គ្រងចំណូលសាធារណៈ និងទ្រព្យសម្បត្តិរដ្ឋ | F10: =F11+F13 -> 3400 | G10: =G11+G13 -> 1050 | H10: =H11+H13 -> 100 | I10: =I11+I13 -> 4550 | J10: =J11+J13 -> 0 | K10: =K11+K13 -> 0 | L10: =L11+L13 -> 0 | M10: =M11+M13 -> 0 | ... Q10: =Q11+Q13 -> 4550 | S10: =IF(SUM(I10,Q10), "OK ", "-") -> OK | W10: =800000000/4000 -> 200000
B11: អនុកម្មវិធី ៣.១ ៖ អគ្គនាយកដ្ឋានគយ និងរដ្ឋាករកម្ពុជា | F11: =SUM(F12:F12) -> 2000 | G11: =SUM(G12:G12) -> 1000 | H11: =SUM(H12:H12) -> 0 | I11: =SUM(F11:H11) -> 3000 | J11: =SUM(J12:J12) -> 0 | K11: =SUM(K12:K12) -> 0 | L11: =SUM(L12:L12) -> 0 | M11: =SUM(J11:L11) -> 0 | N11: =SUM(N12:N12) -> 2000 | O11: =SUM(O12:O12) -> 1000 | P11: =SUM(P12:P12) -> 0 | Q11: =SUM(N11:P11) -> 3000 | S11: =IF(SUM(I11,Q11), "OK ", "-") -> OK
B12: ១. គម្រោងប្រព័ន្ធបញ្ជរតែមួយជាតិ (ដំណាក់កាលទី៣) | C12: 659 | D12: គម្រោងស្នើសុំថ្មី | E12: វិនិយោគជាទុន | F12: 2000 | G12: 1000 | H12: 0 | I12: =SUM(F12:H12) -> 3000 | M12: =SUM(J12:L12) -> 0 | N12: =F12-J12 -> 2000 | O12: =G12-K12 -> 1000 | P12: =H12-L12 -> 0 | Q12: =SUM(N12:P12) -> 3000 | R12: ហិ.រ ក្នុងប្រ/ទ | S12: =IF(SUM(I12,Q12), "OK ", "-") -> OK
B13: អនុកម្មវិធី ៣.២ ៖ អគ្គនាយកដ្ឋានពន្ធដារ | F13: =SUM(F14:F15) -> 1400 | G13: =SUM(G14:G15) -> 50 | H13: =SUM(H14:H15) -> 100 | I13: =SUM(F13:H13) -> 1550 | J13: =SUM(J14:J15) -> 0 | K13: =SUM(K14:K15) -> 0 | L13: =SUM(L14:L15) -> 0 | M13: =SUM(J13:L13) -> 0 | N13: =SUM(N14:N15) -> 1400 | O13: =SUM(O14:O15) -> 50 | P13: =SUM(P14:P15) -> 100 | Q13: =SUM(N13:P13) -> 1550 | S13: =IF(SUM(I13,Q13), "OK ", "-") -> OK
B14: ១. គម្រោងសាងសង់អគារសាខាពន្ធដារខណ្ឌចំនួន០១ និងអគារការិយាល័យពន្ធដារស្រុកស្ទឹងហាវ ០១ | C14: 492 | D14: គម្រោងស្នើសុំថ្មី | E14: វិនិយោគជាទុន | F14: 900 | G14: 0 | H14: 100 | I14: =SUM(F14:H14) -> 1000 | M14: =SUM(J14:L14) -> 0 | N14: =F14-J14 -> 900 | O14: =G14-K14 -> 0 | P14: =H14-L14 -> 100 | Q14: =SUM(N14:P14) -> 1000 | R14: ហិ.រ ក្នុងប្រ/ទ | S14: =IF(SUM(I14,Q14), "OK ", "-") -> OK
B15: ២. គម្រោងជួសជុលនិងកែលម្អអគារសាខាពន្ធដារខណ្ឌចំនួន០១ ការិយាល័យពន្ធដារក្រុងចំនួន០១ និងស្រុកចំនួន ០១ | C15: 652 | D15: គម្រោងស្នើសុំថ្មី | E15: វិនិយោគជាទុន | F15: 500 | G15: 50 | H15: 0 | I15: =SUM(F15:H15) -> 550 | M15: =SUM(J15:L15) -> 0 | N15: =F15-J15 -> 500 | O15: =G15-K15 -> 50 | P15: =H15-L15 -> 0 | Q15: =SUM(N15:P15) -> 550 | R15: ហិ.រ ក្នុងប្រ/ទ | S15: =IF(SUM(I15,Q15), "OK ", "-") -> OK
B16: កម្មវិធីទី៤៖ ការគ្រប់គ្រងចំណាយសាធារណៈ និងប្រព័ន្ធហិរញ្ញវត្ថុសាធារណៈ | F16: =F17 -> 2400 | G16: =G17 -> 2400 | H16: =H17 -> 1800 | I16: =I17 -> 6600 | J16: =J17 -> 0 | K16: =K17 -> 0 | L16: =L17 -> 0 | M16: =M17 -> 0 | ... Q16: =Q17 -> 6600 | S16: =IF(SUM(I16,Q16), "OK ", "-") -> OK
B17: អនុកម្មវិធី ៤.៤ ៖ អគ្គនាយកដ្ឋានរតនាគារជាតិ | F17: =F18 -> 2400 | G17: =G18 -> 2400 | H17: =H18 -> 1800 | I17: =SUM(F17:H17) -> 6600 | J17: =J18 -> 0 | K17: =K18 -> 0 | L17: =L18 -> 0 | M17: =SUM(J17:L17) -> 0 | N17: =N18 -> 2400 | O17: =O18 -> 2400 | P17: =P18 -> 1800 | Q17: =SUM(N17:P17) -> 6600 | S17: =IF(SUM(I17,Q17), "OK ", "-") -> OK
B18: ១. គម្រោងសាងសង់ហេដ្ឋារចនាសម្ព័ន្ធរបស់រតនាគារខេត្ត ចំនួន ២២​ | C18: 651 | D18: គម្រោងស្នើសុំថ្មី | E18: វិនិយោគជាទុន | F18: 2400 | G18: 2400 | H18: 1800 | I18: =SUM(F18:H18) -> 6600 | M18: =SUM(J18:L18) -> 0 | N18: =F18-J18 -> 2400 | O18: =G18-K18 -> 2400 | P18: =H18-L18 -> 1800 | Q18: =SUM(N18:P18) -> 6600 | R18: ហិ.រ ក្នុងប្រ/ទ | S18: =IF(SUM(I18,Q18), "OK ", "-") -> OK
B19: កម្មវិធីទី៥៖ កិច្ចការរដ្ឋបាលនិងអភិវឌ្ឍស្ថាប័ន | F19: =F20 -> 4232.5 | G19: =G20 -> 1862.5 | H19: =H20 -> 562.5 | I19: =I20 -> 6657.5 | J19: =J20 -> 0 | K19: =K20 -> 0 | L19: =L20 -> 0 | M19: =M20 -> 0 | ... Q19: =Q20 -> 6657.5 | S19: =IF(SUM(I19,Q19), "OK ", "-") -> OK
B20: អនុកម្មវិធី ៥.៣ ៖មន្ទីរសេដ្ឋកិច្ចនិងហិរញ្ញវត្ថុរាជធានី ខេត្ត | F20: =F21+F28 -> 4232.5 | G20: =G21+G28 -> 1862.5 | H20: =H21+H28 -> 562.5 | I20: =I21+I28 -> 6657.5 | J20: =J21+J28 -> 0 | K20: =K21+K28 -> 0 | L20: =L21+L28 -> 0 | M20: =M21+M28 -> 0 | ... Q20: =Q21+Q28 -> 6657.5 | S20: =IF(SUM(I20,Q20), "OK ", "-") -> OK
B21: ១.គម្រោងសាងសង់ហេដ្ឋារចនាសម្ព័ន្ធរូបវ័ន្តរបស់មន្ទីរសេដ្ឋកិច្ចនិងហិរញ្ញវត្ថុខេត្តចំនួន៥ | C21: 641 | D21: គម្រោងស្នើសុំថ្មី | E21: វិនិយោគជាទុន | F21: =SUM(F22:F27) -> 1232.5 | G21: =SUM(G22:G27) -> 362.5 | H21: =SUM(H22:H27) -> 62.5 | I21: =SUM(I22:I27) -> 1657.5 | J21: =SUM(J22:J27) -> 0 | K21: =SUM(K22:K27) -> 0 | L21: =SUM(L22:L27) -> 0 | M21: =SUM(M22:M27) -> 0 | ... Q21: =SUM(Q22:Q27) -> 1657.5 | R21: ហិ.រ ក្នុងប្រ/ទ | S21: =IF(SUM(I21,Q21), "OK ", "-") -> OK
B22: - សាងសង់អគាររដ្ឋបាល | C22: មសហវ ខេត្តបន្ទាយមានជ័យ | F22: 62.5 | G22: 62.5 | H22: 62.5 | I22: =SUM(F22:H22) -> 187.5 | J22: 0 | K22: 0 | L22: 0 | M22: =SUM(J22:L22) -> 0 | N22: =F22-J22 -> 62.5 | O22: =G22-K22 -> 62.5 | P22: =H22-L22 -> 62.5 | Q22: =SUM(N22:P22) -> 187.5 | S22: =IF(SUM(I22,Q22), "OK ", "-") -> OK | W22: =62500*3 -> 187500
B23: - សាងសង់អគាររដ្ឋបាលថ្មីកម្ពស់១ជាន់ (E1) | C23: មសហវ.ខេត្តបាត់ដំបង | F23: 300 | G23: 300 | I23: =SUM(F23:H23) -> 600 | M23: =SUM(J23:L23) -> 0 | N23: =F23-J23 -> 300 | O23: =G23-K23 -> 300 | P23: =H23-L23 -> 0 | Q23: =SUM(N23:P23) -> 600 | S23: =IF(SUM(I23,Q23), "OK ", "-") -> OK
B24: - សាងសង់អគារថ្មី | C24: មសហវ. ខេត្តកំពង់ស្ពឺ | F24: 235 | I24: =SUM(F24:H24) -> 235 | M24: =SUM(J24:L24) -> 0 | N24: =F24-J24 -> 235 | O24: =G24-K24 -> 0 | P24: =H24-L24 -> 0 | Q24: =SUM(N24:P24) -> 235 | S24: =IF(SUM(I24,Q24), "OK ", "-") -> OK
B25: - សាងសង់របងជុំវិញមន្ទីរ | F25: 135 | I25: =SUM(F25:H25) -> 135 | M25: =SUM(J25:L25) -> 0 | N25: =F25-J25 -> 135 | O25: =G25-K25 -> 0 | P25: =H25-L25 -> 0 | Q25: =SUM(N25:P25) -> 135 | S25: =IF(SUM(I25,Q25), "OK ", "-") -> OK
B26: - សាងសង់របង | C26: មសហវ ខេត្តព្រះវិហារ | F26: 125 | I26: =SUM(F26:H26) -> 125 | M26: =SUM(J26:L26) -> 0 | N26: =F26-J26 -> 125 | O26: =G26-K26 -> 0 | P26: =H26-L26 -> 0 | Q26: =SUM(N26:P26) -> 125 | S26: =IF(SUM(I26,Q26), "OK ", "-") -> OK
B27: - សាងសង់អគាររដ្ឋបាលថ្មី | C27: មសហវ ខេត្តឧត្តរមានជ័យ | F27: 375 | I27: =SUM(F27:H27) -> 375 | M27: =SUM(J27:L27) -> 0 | N27: =F27-J27 -> 375 | O27: =G27-K27 -> 0 | P27: =H27-L27 -> 0 | Q27: =SUM(N27:P27) -> 375 | S27: =IF(SUM(I27,Q27), "OK ", "-") -> OK
B28: ២.គម្រោងទិញដីសម្រាប់មន្ទីរសេដ្ឋកិច្ចខេត្តកណ្តាលនិងសាងសង់អគារ មន្ទីរសេដ្ឋកិច្ចនិងហិរញ្ញវត្ថុខេត្តកណ្តាល និងអគារមន្ទីរសេដ្ឋកិច្ចនិងហិរញ្ញវត្ថុ រាជធានីភ្នំពេញ | C28: 507 | D28: គម្រោងស្នើសុំថ្មី | E28: វិនិយោគជាទុន | F28: =SUM(F29:F30) -> 3000 | G28: =SUM(G29:G30) -> 1500 | H28: =SUM(H29:H30) -> 500 | I28: =SUM(I29:I30) -> 5000 | J28: =SUM(J29:J30) -> 0 | K28: =SUM(K29:K30) -> 0 | L28: =SUM(L29:L30) -> 0 | M28: =SUM(M29:M30) -> 0 | ... Q28: =SUM(Q29:Q30) -> 5000 | R28: ហិ.រ ក្នុងប្រ/ទ | S28: =IF(SUM(I28,Q28), "OK ", "-") -> OK
B29: - ទិញដី និងសាងសង់អគាររដ្ឋបាល មន្ទីរ | C29: មសហវ ខេត្តកណ្តាល | F29: 2500 | G29: 1000 | H29: 500 | I29: =SUM(F29:H29) -> 4000 | M29: =SUM(J29:L29) -> 0 | N29: =F29-J29 -> 2500 | O29: =G29-K29 -> 1000 | P29: =H29-L29 -> 500 | Q29: =SUM(N29:P29) -> 4000 | S29: =IF(SUM(I29,Q29), "OK ", "-") -> OK
B30: - សាងសង់អគារមន្ទីរសេដ្ឋកិច្ចនិងហិរញ្ញវត្ថុរាជធានី និងបំពាក់បរិក្ខារ | C30: មសហវ រាជធានីភ្នំពេញ | F30: 500 | G30: 500 | I30: =SUM(F30:H30) -> 1000 | M30: =SUM(J30:L30) -> 0 | N30: =F30-J30 -> 500 | O30: =G30-K30 -> 500 | P30: =H30-L30 -> 0 | Q30: =SUM(N30:P30) -> 1000 | S30: =IF(SUM(I30,Q30), "OK ", "-") -> OK

Sheet PIP 2023-2025 by BEs (riel)
A4: ឧបសម្ព័ន្ធទី២៖ តារាងសរុបគម្រោងវិនិយោគរបស់ក្រសួងសេដ្ឋកិច្ចនិងហិរញ្ញវត្ថុ សម្រាប់ដាក់បញ្ជូលក្នុង ក.វ.ស ៣ឆ្នាំរំកិល ២០២៣-២០២៥ (តាមអង្គភាពថវិកា)
R5: ឯកតា៖លានរៀល
B6: ឈ្មោះកម្មវិធី/ ឈ្មោះអនុកម្មវិធី /ឈ្មោះគម្រោង | C6: លេខ PIP | D6: ស្ថានភាពគម្រោង | E6: ប្រភេទគម្រោង | F6: ចំណាយប៉ាន់ស្មានសរុប | J6: ហិរញ្ញប្បទានសន្យាផ្តល់ | N6: តម្រូវការហិរញ្ញប្បទានបំពេញបន្ថែម | R6: ប្រភព ហិរញ្ញប្បទាន
F7: 2023 | G7: 2024 | H7: 2025 | I7: សរុប​៣ឆ្នាំ | J7: 2023 | K7: 2024 | L7: 2025 | M7: សរុប​៣ឆ្នាំ | N7: 2023 | O7: 2024 | P7: 2025 | Q7: សរុប​៣ឆ្នាំ | S7: =IF(SUM(I7,Q7), "OK ", "-") -> -
B8: 1 | C8: 2 | D8: 3 | E8: 4 | F8: 5 | G8: 6 | H8: 7 | I8: 8=5+6+7 | J8: 9 | K8: 10 | L8: 11 | M8: 12=9+10+11 | N8: 13=5-9 | O8: 14=6-10 | P8: 15=7-11 | Q8: 16=13+14+15 | R8: 17 | S8: =IF(SUM(I8,Q8), "OK ", "-") -> -
B9: សរុបរួម ក្រសួង​សេដ្ឋ​កិច្ច​និង​ហិរញ្ញវត្ថុ | F9: =+F10+F16+F19 -> 40631.625 | G9: =+G10+G16+G19 -> 21515.625 | H9: =+H10+H16+H19 -> 9973.125 | I9: =SUM(F9:H9) -> 72120.375 | J9: =+J10+J16+J19 -> 0 | K9: =+K10+K16+K19 -> 0 | L9: =+L10+L16+L19 -> 0 | M9: =SUM(J9:L9) -> 0 | N9: =+N10+N16+N19 -> 40631.625 | O9: =+O10+O16+O19 -> 21515.625 | P9: =+P10+P16+P19 -> 9973.125 | Q9: =SUM(N9:P9) -> 72120.375 | S9: =IF(SUM(I9,Q9), "OK ", "-") -> OK | T9: 11267.25 | U9: 5737.25 | V9: 2487.5
B10: កម្មវិធីទី៣៖ ការគ្រប់គ្រងចំណូលសាធារណៈ និងទ្រព្យសម្បត្តិរដ្ឋ | F10: =F11+F13 -> 13770 | G10: =G11+G13 -> 4252.5 | H10: =H11+H13 -> 405 | I10: =I11+I13 -> 18427.5 | J10: =J11+J13 -> 0 | K10: =K11+K13 -> 0 | L10: =L11+L13 -> 0 | M10: =M11+M13 -> 0 | ... Q10: =Q11+Q13 -> 18427.5 | S10: =IF(SUM(I10,Q10), "OK ", "-") -> OK | W10: =800000000/4000 -> 200000
B11: អនុកម្មវិធី ៣.១ ៖ អគ្គនាយកដ្ឋានគយ និងរដ្ឋាករកម្ពុជា | F11: =SUM(F12:F12) -> 8100 | G11: =SUM(G12:G12) -> 4050 | H11: =SUM(H12:H12) -> 0 | I11: =SUM(F11:H11) -> 12150 | J11: =SUM(J12:J12) -> 0 | K11: =SUM(K12:K12) -> 0 | L11: =SUM(L12:L12) -> 0 | M11: =SUM(J11:L11) -> 0 | N11: =SUM(N12:N12) -> 8100 | O11: =SUM(O12:O12) -> 4050 | P11: =SUM(P12:P12) -> 0 | Q11: =SUM(N11:P11) -> 12150 | S11: =IF(SUM(I11,Q11), "OK ", "-") -> OK | W11: 72120.375
B12: ១. គម្រោងប្រព័ន្ធបញ្ជរតែមួយជាតិ (ដំណាក់កាលទី៣) | C12: 659 | D12: គម្រោងស្នើសុំថ្មី | E12: វិនិយោគជាទុន | F12: =2000*4050/1000 -> 8100 | G12: =1000*4050/1000 -> 4050 | H12: =0*4050/1000 -> 0 | I12: =SUM(F12:H12) -> 12150 | M12: =SUM(J12:L12) -> 0 | N12: =F12-J12 -> 8100 | O12: =G12-K12 -> 4050 | P12: =H12-L12 -> 0 | Q12: =SUM(N12:P12) -> 12150 | R12: ហិ.រ ក្នុងប្រ/ទ | S12: =IF(SUM(I12,Q12), "OK ", "-") -> OK
B13: អនុកម្មវិធី ៣.២ ៖ អគ្គនាយកដ្ឋានពន្ធដារ | F13: =SUM(F14:F15) -> 5670 | G13: =SUM(G14:G15) -> 202.5 | H13: =SUM(H14:H15) -> 405 | I13: =SUM(F13:H13) -> 6277.5 | J13: =SUM(J14:J15) -> 0 | K13: =SUM(K14:K15) -> 0 | L13: =SUM(L14:L15) -> 0 | M13: =SUM(J13:L13) -> 0 | N13: =SUM(N14:N15) -> 5670 | O13: =SUM(O14:O15) -> 202.5 | P13: =SUM(P14:P15) -> 405 | Q13: =SUM(N13:P13) -> 6277.5 | S13: =IF(SUM(I13,Q13), "OK ", "-") -> OK
B14: ១. គម្រោងសាងសង់អគារសាខាពន្ធដារខណ្ឌចំនួន០១ និងអគារការិយាល័យពន្ធដារស្រុកស្ទឹងហាវ ០១ | C14: 492 | D14: គម្រោងស្នើសុំថ្មី | E14: វិនិយោគជាទុន | F14: =900*4050/1000 -> 3645 | G14: =0*4050/1000 -> 0 | H14: =100*4050/1000 -> 405 | I14: =SUM(F14:H14) -> 4050 | M14: =SUM(J14:L14) -> 0 | N14: =F14-J14 -> 3645 | O14: =G14-K14 -> 0 | P14: =H14-L14 -> 405 | Q14: =SUM(N14:P14) -> 4050 | R14: ហិ.រ ក្នុងប្រ/ទ | S14: =IF(SUM(I14,Q14), "OK ", "-") -> OK
B15: ២. គម្រោងជួសជុលនិងកែលម្អអគារសាខាពន្ធដារខណ្ឌចំនួន០១ ការិយាល័យពន្ធដារក្រុងចំនួន០១ និងស្រុកចំនួន ០១ | C15: 652 | D15: គម្រោងស្នើសុំថ្មី | E15: វិនិយោគជាទុន | F15: =500*4050/1000 -> 2025 | G15: =50*4050/1000 -> 202.5 | H15: =0*4050/1000 -> 0 | I15: =SUM(F15:H15) -> 2227.5 | M15: =SUM(J15:L15) -> 0 | N15: =F15-J15 -> 2025 | O15: =G15-K15 -> 202.5 | P15: =H15-L15 -> 0 | Q15: =SUM(N15:P15) -> 2227.5 | R15: ហិ.រ ក្នុងប្រ/ទ | S15: =IF(SUM(I15,Q15), "OK ", "-") -> OK
B16: កម្មវិធីទី៤៖ ការគ្រប់គ្រងចំណាយសាធារណៈ និងប្រព័ន្ធហិរញ្ញវត្ថុសាធារណៈ | F16: =F17 -> 9720 | G16: =G17 -> 9720 | H16: =H17 -> 7290 | I16: =I17 -> 26730 | J16: =J17 -> 0 | K16: =K17 -> 0 | L16: =L17 -> 0 | M16: =M17 -> 0 | ... Q16: =Q17 -> 26730 | S16: =IF(SUM(I16,Q16), "OK ", "-") -> OK
B17: អនុកម្មវិធី ៤.៤ ៖ អគ្គនាយកដ្ឋានរតនាគារជាតិ | F17: =F18 -> 9720 | G17: =G18 -> 9720 | H17: =H18 -> 7290 | I17: =SUM(F17:H17) -> 26730 | J17: =J18 -> 0 | K17: =K18 -> 0 | L17: =L18 -> 0 | M17: =SUM(J17:L17) -> 0 | N17: =N18 -> 9720 | O17: =O18 -> 9720 | P17: =P18 -> 7290 | Q17: =SUM(N17:P17) -> 26730 | S17: =IF(SUM(I17,Q17), "OK ", "-") -> OK
B18: ១. គម្រោងសាងសង់ហេដ្ឋារចនាសម្ព័ន្ធរបស់រតនាគារខេត្ត ចំនួន ២២​ | C18: 651 | D18: គម្រោងស្នើសុំថ្មី | E18: វិនិយោគជាទុន | F18: =2400*4050/1000 -> 9720 | G18: =2400*4050/1000 -> 9720 | H18: =1800*4050/1000 -> 7290 | I18: =SUM(F18:H18) -> 26730 | M18: =SUM(J18:L18) -> 0 | N18: =F18-J18 -> 9720 | O18: =G18-K18 -> 9720 | P18: =H18-L18 -> 7290 | Q18: =SUM(N18:P18) -> 26730 | R18: ហិ.រ ក្នុងប្រ/ទ | S18: =IF(SUM(I18,Q18), "OK ", "-") -> OK
B19: កម្មវិធីទី៥៖ កិច្ចការរដ្ឋបាលនិងអភិវឌ្ឍស្ថាប័ន | F19: =F20 -> 17141.625 | G19: =G20 -> 7543.125 | H19: =H20 -> 2278.125 | I19: =I20 -> 26962.875 | J19: =J20 -> 0 | K19: =K20 -> 0 | L19: =L20 -> 0 | M19: =M20 -> 0 | ... Q19: =Q20 -> 26962.875 | S19: =IF(SUM(I19,Q19), "OK ", "-") -> OK
B20: អនុកម្មវិធី ៥.៣ ៖មន្ទីរសេដ្ឋកិច្ចនិងហិរញ្ញវត្ថុរាជធានី ខេត្ត | F20: =F21+F28 -> 17141.625 | G20: =G21+G28 -> 7543.125 | H20: =H21+H28 -> 2278.125 | I20: =I21+I28 -> 26962.875 | J20: =J21+J28 -> 0 | K20: =K21+K28 -> 0 | L20: =L21+L28 -> 0 | M20: =M21+M28 -> 0 | ... Q20: =Q21+Q28 -> 26962.875 | S20: =IF(SUM(I20,Q20), "OK ", "-") -> OK
B21: ១.គម្រោងសាងសង់ហេដ្ឋារចនាសម្ព័ន្ធរូបវ័ន្តរបស់មន្ទីរសេដ្ឋកិច្ចនិងហិរញ្ញវត្ថុខេត្តចំនួន៥ | C21: 641 | D21: គម្រោងស្នើសុំថ្មី | E21: វិនិយោគជាទុន | F21: =SUM(F22:F27) -> 4991.625 | G21: =SUM(G22:G27) -> 1468.125 | H21: =SUM(H22:H27) -> 253.125 | I21: =SUM(I22:I27) -> 6712.875 | J21: =SUM(J22:J27) -> 0 | K21: =SUM(K22:K27) -> 0 | L21: =SUM(L22:L27) -> 0 | M21: =SUM(M22:M27) -> 0 | ... Q21: =SUM(Q22:Q27) -> 6712.875 | R21: ហិ.រ ក្នុងប្រ/ទ
B22: - សាងសង់អគាររដ្ឋបាល | C22: មសហវ ខេត្តបន្ទាយមានជ័យ | F22: =62.5*4050/1000 -> 253.125 | G22: =62.5*4050/1000 -> 253.125 | H22: =62.5*4050/1000 -> 253.125 | I22: =SUM(F22:H22) -> 759.375 | J22: 0 | K22: 0 | L22: 0 | M22: =SUM(J22:L22) -> 0 | N22: =F22-J22 -> 253.125 | O22: =G22-K22 -> 253.125 | P22: =H22-L22 -> 253.125 | Q22: =SUM(N22:P22) -> 759.375 | S22: =IF(SUM(I22,Q22), "OK ", "-") -> OK | W22: =62500*3 -> 187500
B23: - សាងសង់អគាររដ្ឋបាលថ្មីកម្ពស់១ជាន់ (E1) | C23: មសហវ.ខេត្តបាត់ដំបង | F23: =300*4050/1000 -> 1215 | G23: =300*4050/1000 -> 1215 | I23: =SUM(F23:H23) -> 2430 | M23: =SUM(J23:L23) -> 0 | N23: =F23-J23 -> 1215 | O23: =G23-K23 -> 1215 | P23: =H23-L23 -> 0 | Q23: =SUM(N23:P23) -> 2430 | S23: =IF(SUM(I23,Q23), "OK ", "-") -> OK
B24: - សាងសង់អគារថ្មី | C24: មសហវ. ខេត្តកំពង់ស្ពឺ | F24: =235*4050/1000 -> 951.75 | I24: =SUM(F24:H24) -> 951.75 | M24: =SUM(J24:L24) -> 0 | N24: =F24-J24 -> 951.75 | O24: =G24-K24 -> 0 | P24: =H24-L24 -> 0 | Q24: =SUM(N24:P24) -> 951.75 | S24: =IF(SUM(I24,Q24), "OK ", "-") -> OK
B25: - សាងសង់របងជុំវិញមន្ទីរ | F25: =135*4050/1000 -> 546.75 | I25: =SUM(F25:H25) -> 546.75 | M25: =SUM(J25:L25) -> 0 | N25: =F25-J25 -> 546.75 | O25: =G25-K25 -> 0 | P25: =H25-L25 -> 0 | Q25: =SUM(N25:P25) -> 546.75 | S25: =IF(SUM(I25,Q25), "OK ", "-") -> OK
B26: - សាងសង់របង | C26: មសហវ ខេត្តព្រះវិហារ | F26: =125*4050/1000 -> 506.25 | I26: =SUM(F26:H26) -> 506.25 | M26: =SUM(J26:L26) -> 0 | N26: =F26-J26 -> 506.25 | O26: =G26-K26 -> 0 | P26: =H26-L26 -> 0 | Q26: =SUM(N26:P26) -> 506.25 | S26: =IF(SUM(I26,Q26), "OK ", "-") -> OK
B27: - សាងសង់អគាររដ្ឋបាលថ្មី | C27: មសហវ ខេត្តឧត្តរមានជ័យ | F27: =375*4050/1000 -> 1518.75 | I27: =SUM(F27:H27) -> 1518.75 | M27: =SUM(J27:L27) -> 0 | N27: =F27-J27 -> 1518.75 | O27: =G27-K27 -> 0 | P27: =H27-L27 -> 0 | Q27: =SUM(N27:P27) -> 1518.75 | S27: =IF(SUM(I27,Q27), "OK ", "-") -> OK
B28: ២.គម្រោងទិញដីសម្រាប់មន្ទីរសេដ្ឋកិច្ចខេត្តកណ្តាលនិងសាងសង់អគារមន្ទីរសេដ្ឋកិច្ចនិងហិរញ្ញវត្ថុខេត្តកណ្តាល និងអគារមន្ទីរសេដ្ឋកិច្ចនិងហិរញ្ញវត្ថុ រាជធានីភ្នំពេញ | C28: 507 | D28: គម្រោងស្នើសុំថ្មី | E28: វិនិយោគជាទុន | F28: =SUM(F29:F30) -> 12150 | G28: =SUM(G29:G30) -> 6075 | H28: =SUM(H29:H30) -> 2025 | I28: =SUM(I29:I30) -> 20250 | J28: =SUM(J29:J30) -> 0 | K28: =SUM(K29:K30) -> 0 | L28: =SUM(L29:L30) -> 0 | M28: =SUM(M29:M30) -> 0 | ... Q28: =SUM(Q29:Q30) -> 20250 | R28: ហិ.រ ក្នុងប្រ/ទ
B29: - ទិញដី និងសាងសង់អគាររដ្ឋបាល មន្ទីរ | C29: មសហវ ខេត្តកណ្តាល | F29: =2500*4050/1000 -> 10125 | G29: =1000*4050/1000 -> 4050 | H29: =500*4050/1000 -> 2025 | I29: =SUM(F29:H29) -> 16200 | M29: =SUM(J29:L29) -> 0 | N29: =F29-J29 -> 10125 | O29: =G29-K29 -> 4050 | P29: =H29-L29 -> 2025 | Q29: =SUM(N29:P29) -> 16200 | S29: =IF(SUM(I29,Q29), "OK ", "-") -> OK
B30: - សាងសង់អគារមន្ទីរសេដ្ឋកិច្ចនិងហិរញ្ញវត្ថុរាជធានី និងបំពាក់បរិក្ខារ | C30: មសហវ រាជធានីភ្នំពេញ | F30: =500*4050/1000 -> 2025 | G30: =500*4050/1000 -> 2025 | I30: =SUM(F30:H30) -> 4050 | M30: =SUM(J30:L30) -> 0 | N30: =F30-J30 -> 2025 | O30: =G30-K30 -> 2025 | P30: =H30-L30 -> 0 | Q30: =SUM(N30:P30) -> 4050 | S30: =IF(SUM(I30,Q30), "OK ", "-") -> OK

Sheet PIP 2023-2025 by grading
B5: ឧបសម្ព័ន្ធទី៣៖ តារាងចំណាត់ថ្នាក់នៃគម្រោងវិនិយោគរបស់ កសហវ. សម្រាប់ស្នើដាក់បញ្ចូលក្នុង ក.វ.ស. ៣ឆ្នាំរំកិល ២០២៣-២០២៥
H6: ឯកតា៖ពាន់ដុល្លារអាមេរិក
B7: ឈ្មោះគម្រោង | C7: លេខ PIP | D7: តម្លៃ គម្រោងស្នើសុំថ្មី | E7: តម្លៃគម្រោង​កំពុងដំណើរការ​ | F7: អង្គភាពថវិកាស្នើសុំ | G7: ចំណាត់ថ្នាក់គម្រោង ពី ០១-០៦ | H7: ផ្សេងៗ
B9: 1 | C9: 2 | D9: 3 | E9: 4 | F9: 5 | G9: 6 | H9: 7
B10: សរុបរួមក្រសួងសេដ្ឋកិច្ចនិងហិរញ្ញវត្ថុ | D10: =D15 -> 17807.5 | E10: =E11 -> 0
B11: ​I.សរុបគម្រោងកំពុងដំណើរការ | D11: =SUM(D12+D14) -> 0 | E11: =SUM(E12+E14) -> 0
B12: ​-សរុបគម្រោងវិនិយោគទុន | D12: =SUM(D13:D13) -> 0 | E12: =SUM(E13:E13) -> 0
D13: 0
B14: ​-សរុបគម្រោងជំនួយបច្ចេកទេស
B15: ​II.សរុបគម្រោងសម្រាប់អនុវត្ត ផយអជ (គម្រោងថ្មី) | D15: =D16 -> 17807.5 | E15: =E16 -> 0
B16: ​-សរុបគម្រោងវិនិយោគទុន | D16: =SUM(D17:D22) -> 17807.5
B17: ១. គម្រោងទិញដីសម្រាប់មន្ទីរសេដ្ឋកិច្ចខេត្តកណ្តាលនិងសាងសង់អគារមន្ទីរសេដ្ឋកិច្ចនិងហិរញ្ញវត្ថុខេត្តកណ្តាល និងអគារមន្ទីរសេដ្ឋកិច្ចនិងហិរញ្ញវត្ថុរាជធានីភ្នំពេញ | C17: 507 | D17: 5000 | F17: មន្ទីរសេដ្ឋកិច្ចនិងហិរញ្ញវត្ថុរាជធានី ខេត្ត | G17: 1 | H17: ហិ.រ ក្នុងប្រ/ទ
B18: ២. គម្រោងសាងសង់ហេដ្ឋារចនាសម្ព័ន្ធរូបវ័ន្តរបស់មន្ទីរសេដ្ឋកិច្ចនិងហិរញ្ញវត្ថុខេត្តចំនួន៥ | C18: 641 | D18: 1657.5 | F18: មន្ទីរសេដ្ឋកិច្ចនិងហិរញ្ញវត្ថុរាជធានី ខេត្ត | G18: 2 | H18: ហិ.រ ក្នុងប្រ/ទ
B19: ៣. គម្រោងប្រព័ន្ធបញ្ជរតែមួយជាតិ (ដំណាក់កាលទី៣) | C19: 659 | D19: 3000 | F19: អគ្គនាយកដ្ឋានគយនិងរដ្ឋាករកម្ពុជា | G19: 3 | H19: ហិ.រ ក្នុងប្រ/ទ
B20: ៤. គម្រោងសាងសង់អគារសាខាពន្ធដារខណ្ឌចំនួន០១ និងអគារការិយាល័យពន្ធដារ​ស្រុកស្ទឹងហាវ ០១ | C20: 492 | D20: 1000 | F20: អគ្គនាយកដ្ឋានពន្ធដារ | G20: 4 | H20: ហិ.រ ក្នុងប្រ/ទ
B21: ៥. គម្រោងជួសជុលនិងកែលម្អអគារសាខាពន្ធដារខណ្ឌចំនួន០១ ការិយាល័យពន្ធដារ​ក្រុងចំនួន០១ និងស្រុកចំនួន ០១ | C21: 652 | D21: 550 | F21: អគ្គនាយកដ្ឋានពន្ធដារ | G21: 5 | H21: ហិ.រ ក្នុងប្រ/ទ
B22: ៦. គម្រោងសាងសង់ហេដ្ឋារចនាសម្ព័ន្ធរបស់រតនាគារខេត្ត ចំនួន ២២ | C22: 651 | D22: 6600 | F22: អគ្គនាយកដ្ឋានរតនាគារជាតិ | G22: 6 | H22: ហិ.រ ក្នុងប្រ/ទ

Sheet 2016
B3: សំណើរួម | C3: ថវិកាអនុម័ត | D3: អនុវត្តជាក់ស្តែង
A4: ហិ/រ ក្នុងប្រ/ទ | B4: 44862 | C4: 13624 | D4: 13624
A5: ហិ/រ ក្រៅប្រ/ទ | B5: 149113.4 | C5: 140446 | D5: 58177
A6: សរុបរួម | B6: =SUM(B4:B5) -> 193975.4 | C6: =SUM(C4:C5) -> 154070 | D6: =SUM(D4:D5) -> 71801
C8: =D6/C6 -> 0.46602843

Sheet 2017
B3: សំណើរួម | C3: ថវិកាអនុម័ត
A4: ហិ/រ ក្នុងប្រ/ទ | B4: 4797.6 | C4: 23097.6
A5: ហិ/រ ក្រៅប្រ/ទ | B5: 116757.3 | C5: 36398
A6: សរុបរួម | B6: =SUM(B4:B5) -> 121554.9 | C6: =SUM(C4:C5) -> 59495.6
C8: =D6/C6 -> 0

Sheet 2018
B3: សរុបគម្រោងរួម | C3: ហិរញ្ញប្បទានបានសន្យាផ្តល់ | D3: តម្រូវការហិ/របំពេញបន្ថែម
A4: គម្រោងកំពុងដំណើរការ | B4: 80507 | C4: 79432 | D4: 1075
A5: គម្រោងសម្រាប់អនុវត្ត ផ.យ.អ.ជ | B5: 195310.4 | C5: 160000 | D5: 35310.4
A6: សរុប | B6: =SUM(B4:B5) -> 275817.4 | C6: =SUM(C4:C5) -> 239432 | D6: =SUM(D4:D5) -> 36385.4
C8: =D6/C6 -> 0.15196548

Sheet 2019
A1: ចំណាយប៉ាន់ស្មានសរុបរបស់ក្រសួង | E1: ហិរញ្ញប្បទានបានសន្យាផ្ដល់ | I1: តម្រូវការហិរញ្ញប្បទានបំពេញបន្ថែម
A2: 2019 | B2: 2020 | C2: 2021 | D2: សរុប | E2: 2019 | F2: 2020 | G2: 2021 | H2: សរុប | I2: 2019 | J2: 2020 | K2: 2021 | L2: សរុប
A3: =A4+A5 -> 31758.3 | B3: =B4+B5 -> 9924.5 | C3: =C4+C5 -> 4922 | D3: =SUM(A3:C3) -> 46604.8 | E3: =E4+E5 -> 11237.8 | F3: =F4+F5 -> 4900 | G3: =G4+G5 -> 1350 | H3: =SUM(E3:G3) -> 17487.8 | I3: =I4+I5 -> 20520.5 | J3: =J4+J5 -> 5024.5 | K3: =K4+K5 -> 3572 | L3: =SUM(I3:K3) -> 29117
A4: 30258.3 | B4: 8424.5 | C4: 3922 | D4: =SUM(A4:C4) -> 42604.8 | E4: 9737.8 | F4: 3400 | G4: 350 | H4: =SUM(E4:G4) -> 13487.8 | I4: =A4-E4 -> 20520.5 | J4: =B4-F4 -> 5024.5 | K4: =C4-G4 -> 3572 | L4: =SUM(I4:K4) -> 29117
A5: 1500 | B5: 1500 | C5: 1000 | D5: =SUM(A5:C5) -> 4000 | E5: 1500 | F5: 1500 | G5: 1000 | H5: =SUM(E5:G5) -> 4000 | I5: =A5-E5 -> 0 | J5: =B5-F5 -> 0 | K5: =C5-G5 -> 0 | L5: =SUM(I5:K5) -> 0
A17: អគ្គ.គយនិងរដ្ឋាករកម្ពុជា | B17: 3
A18: អគ្គ.ពន្ធដារ | B18: 4
A19: អគ្គ.រតនាគារជាតិ | B19: 1
A20: អគ្គ​.សហ.អន្តរ.គ្រប់.បំណុល | B20: 2
A21: អគ្គ.សវនកម្មផ្ទៃក្នុង | B21: 1
A22: វិទ្យាស្ថានសេ/កនិងហិ/រ | B22: 1
A23: គ.ម.ក | B23: 1
A24: មសហវ. រាជធានី ខេត្ត | B24: 5
A25: សរុប | B25: =SUM(B17:B24) -> 18

Sheet 2020
A1: ចំណាយប៉ាន់ស្មានសរុបរបស់ក្រសួង | E1: ហិរញ្ញប្បទានបានសន្យាផ្ដល់ | I1: តម្រូវការហិរញ្ញប្បទានបំពេញបន្ថែម
A2: 2020 | B2: 2021 | C2: 2022 | D2: សរុប | E2: 2020 | F2: 2021 | G2: 2022 | H2: សរុប | I2: 2020 | J2: 2021 | K2: 2022 | L2: សរុប
A3: =A4+A5 -> 20177 | B3: =B4+B5 -> 6920.5 | C3: =C4+C5 -> 5119 | D3: =SUM(A3:C3) -> 32216.5 | E3: =E4+E5 -> 4050 | F3: =F4+F5 -> 0 | G3: =G4+G5 -> 0 | H3: =SUM(E3:G3) -> 4050 | I3: =I4+I5 -> 16127 | J3: =J4+J5 -> 6920.5 | K3: =K4+K5 -> 5119 | L3: =SUM(I3:K3) -> 28166.5
A4: 20177 | B4: 6920.5 | C4: 5119 | D4: =SUM(A4:C4) -> 32216.5 | E4: 4050 | F4: 0 | G4: 0 | H4: =SUM(E4:G4) -> 4050 | I4: =A4-E4 -> 16127 | J4: =B4-F4 -> 6920.5 | K4: =C4-G4 -> 5119 | L4: =SUM(I4:K4) -> 28166.5
A5: 0 | B5: 0 | C5: 0 | D5: =SUM(A5:C5) -> 0 | E5: 0 | F5: 0 | G5: 0 | H5: =SUM(E5:G5) -> 0 | I5: =A5-E5 -> 0 | J5: =B5-F5 -> 0 | K5: =C5-G5 -> 0 | L5: =SUM(I5:K5) -> 0
A17: អគ្គ.គយនិងរដ្ឋាករកម្ពុជា | B17: 2
A18: អគ្គ.ពន្ធដារ | B18: 3
A19: អគ្គ.រតនាគារជាតិ | B19: 1
A20: អគ្គ.សវនកម្មផ្ទៃក្នុង | B20: 1
A21: វិទ្យាស្ថានសេ/កនិងហិ/រ | B21: 1
A22: មសហវ. រាជធានី ខេត្ត | B22: 4
A23: សរុប | B23: =SUM(B15:B22) -> 12

Sheet 2021
A1: ចំណាយប៉ាន់ស្មានសរុបរបស់ក្រសួង | E1: ហិរញ្ញប្បទានបានសន្យាផ្ដល់ | I1: តម្រូវការហិរញ្ញប្បទានបំពេញបន្ថែម
A2: 2021 | B2: 2022 | C2: 2023 | D2: សរុប | E2: 2021 | F2: 2022 | G2: 2023 | H2: សរុប | I2: 2021 | J2: 2022 | K2: 2023 | L2: សរុប
A3: =A4+A5 -> 19253.3 | B3: =B4+B5 -> 7771.5 | C3: =C4+C5 -> 5495.5 | D3: =SUM(A3:C3) -> 32520.3 | E3: =E4+E5 -> 0 | F3: =F4+F5 -> 0 | G3: =G4+G5 -> 0 | H3: =SUM(E3:G3) -> 0 | I3: =I4+I5 -> 19253.3 | J3: =J4+J5 -> 7771.5 | K3: =K4+K5 -> 5495.5 | L3: =SUM(I3:K3) -> 32520.3
A4: 19253.3 | B4: 7771.5 | C4: 5495.5 | D4: =SUM(A4:C4) -> 32520.3 | F4: 0 | G4: 0 | H4: =SUM(E4:G4) -> 0 | I4: =A4-E4 -> 19253.3 | J4: =B4-F4 -> 7771.5 | K4: =C4-G4 -> 5495.5 | L4: =SUM(I4:K4) -> 32520.3
A5: 0 | B5: 0 | C5: 0 | D5: =SUM(A5:C5) -> 0 | E5: 0 | F5: 0 | G5: 0 | H5: =SUM(E5:G5) -> 0 | I5: =A5-E5 -> 0 | J5: =B5-F5 -> 0 | K5: =C5-G5 -> 0 | L5: =SUM(I5:K5) -> 0
A17: អគ្គ.គយនិងរដ្ឋាករកម្ពុជា | B17: 2
A18: អគ្គ.ពន្ធដារ | B18: 3
A19: អគ្គ.រតនាគារជាតិ | B19: 1
A20: អគ្គ.សវនកម្មផ្ទៃក្នុង | B20: 1
A21: មសហវ. រាជធានី ខេត្ត | B21: 3
A22: សរុប | B22: 10

Sheet 2022
A1: ចំណាយប៉ាន់ស្មានសរុបរបស់ក្រសួង | E1: ហិរញ្ញប្បទានបានសន្យាផ្ដល់ | I1: តម្រូវការហិរញ្ញប្បទានបំពេញបន្ថែម
A2: 2022 | B2: 2023 | C2: 2024 | D2: សរុប | E2: 2022 | F2: 2023 | G2: 2024 | H2: សរុប | I2: 2022 | J2: 2023 | K2: 2024 | L2: សរុប
A3: =A4+A5 -> 14175.5 | B3: =B4+B5 -> 6171.5 | C3: =C4+C5 -> 3920.5 | D3: =SUM(A3:C3) -> 24267.5 | E3: =E4+E5 -> 0 | F3: =F4+F5 -> 0 | G3: =G4+G5 -> 0 | H3: =SUM(E3:G3) -> 0 | I3: =I4+I5 -> 14175.5 | J3: =J4+J5 -> 6171.5 | K3: =K4+K5 -> 3920.5 | L3: =SUM(I3:K3) -> 24267.5
A4: 14175.5 | B4: 6171.5 | C4: 3920.5 | D4: =SUM(A4:C4) -> 24267.5 | F4: 0 | G4: 0 | H4: =SUM(E4:G4) -> 0 | I4: =A4-E4 -> 14175.5 | J4: =B4-F4 -> 6171.5 | K4: =C4-G4 -> 3920.5 | L4: =SUM(I4:K4) -> 24267.5
A5: 0 | B5: 0 | C5: 0 | D5: =SUM(A5:C5) -> 0 | E5: 0 | F5: 0 | G5: 0 | H5: =SUM(E5:G5) -> 0 | I5: =A5-E5 -> 0 | J5: =B5-F5 -> 0 | K5: =C5-G5 -> 0 | L5: =SUM(I5:K5) -> 0
A17: អគ្គ.គយនិងរដ្ឋាករកម្ពុជា | B17: 1
A18: អគ្គ.ពន្ធដារ | B18: 2
A19: អគ្គ.រតនាគារជាតិ | B19: 1
A20: អគ្គ.សវនកម្មផ្ទៃក្នុង | B20: 1
A21: មសហវ. រាជធានី ខេត្ត | B21: 3
A22: សរុប | B22: 8

Sheet 2023
A1: ចំណាយប៉ាន់ស្មានសរុបរបស់ក្រសួង | E1: ហិរញ្ញប្បទានបានសន្យាផ្ដល់ | I1: តម្រូវការហិរញ្ញប្បទានបំពេញបន្ថែម
A2: 2023 | B2: 2024 | C2: 2025 | D2: សរុប | E2: 2022 | F2: 2023 | G2: 2024 | H2: សរុប | I2: 2022 | J2: 2023 | K2: 2024 | L2: សរុប
A3: =A4+A5 -> 10032.5 | B3: =B4+B5 -> 5312.5 | C3: =C4+C5 -> 2462.5 | D3: =SUM(A3:C3) -> 17807.5 | E3: =E4+E5 -> 0 | F3: =F4+F5 -> 0 | G3: =G4+G5 -> 0 | H3: =SUM(E3:G3) -> 0 | I3: =I4+I5 -> 10032.5 | J3: =J4+J5 -> 5312.5 | K3: =K4+K5 -> 2462.5 | L3: =SUM(I3:K3) -> 17807.5
A4: ='PIP 2023-2025 by Projects'!F9 -> 10032.5 | B4: ='PIP 2023-2025 by Projects'!G9 -> 5312.5 | C4: ='PIP 2023-2025 by Projects'!H9 -> 2462.5 | D4: =SUM(A4:C4) -> 17807.5 | E4: ='PIP 2023-2025 by Projects'!J9 -> 0 | F4: ='PIP 2023-2025 by Projects'!K9 -> 0 | G4: ='PIP 2023-2025 by Projects'!L9 -> 0 | H4: =SUM(E4:G4) -> 0 | I4: ='PIP 2023-2025 by Projects'!N9 -> 10032.5 | J4: ='PIP 2023-2025 by Projects'!O9 -> 5312.5 | K4: ='PIP 2023-2025 by Projects'!P9 -> 2462.5 | L4: =SUM(I4:K4) -> 17807.5
A5: 0 | B5: 0 | C5: 0 | D5: =SUM(A5:C5) -> 0 | E5: 0 | F5: 0 | G5: 0 | H5: =SUM(E5:G5) -> 0 | I5: =A5-E5 -> 0 | J5: =B5-F5 -> 0 | K5: =C5-G5 -> 0 | L5: =SUM(I5:K5) -> 0
A17: អគ្គ.គយនិងរដ្ឋាករកម្ពុជា | B17: 1
A18: អគ្គ.ពន្ធដារ | B18: 2
A19: អគ្គ.រតនាគារជាតិ | B19: 1
A20: មសហវ. រាជធានី ខេត្ត | B20: 2
A21: សរុប | B21: =SUM(B17:B20) -> 6
