Workbook
Name a: #REF!
Name aa: #REF!
Name b: #REF!
Name br: #REF!
Name condition: [1]Data!$B:$C
Name Monthdata: [2]!Month_Table[Monthlist]
Name pop: #REF!
Name tc: #REF!
Name ល.រ: '[3]Costing(ដំបូង)'!$B$283:$B$1048576
Name សរុប: '[3]Costing(ដំបូង)'!$K$283:$K$1048576
Name អនុគណនី: '[3]Costing(ដំបូង)'!$E$283:$E$1048576

Sheet BSP2_Indicator
B1: id | C1: subprog_to_entity_id | D1: cluster_act_to_entity_id | E1: activity_id | F1: code | H1: kpi_name_kh
F2: 10101 | G2: =[4]Costing!$G$11 -> 10101 | H2: =VLOOKUP($G2,[4]BSP1!$B$12:$D$207,3) -> ១.១. អនុកម្មវិធីទី១.១ : ការគ្រប់គ្រងគោលនយោបាយសេដ្ឋកិច្ច ហិរញ្ញវត្ថុ និងគោលនយោបាយតាមវិស័យផ្សេងៗ | J2: =J8+J15+J22+J27+J34+J43+J50+J57+J64+J71+J78+J85+J92+J99+J106 -> 3639 | Q2: =IF(OR(J2>0,K2<>0,L2<>0,M2<>0),"ok","-") -> ok
B3: 1 | C3: 1 | H3: -សូចនាករទី១ : គោលនយោបាយម៉ាក្រូសេដ្ឋកិច្ច និងសារពើពន្ធ និងលទ្ធផលការងារពាក់ព័ន្ធ | I3: PI-1011 | K3: ១. របាយការណ៍ពិនិត្យតាមដាន និងវាយតម្លៃស្ថានភាពសេដ្ឋកិច្ច និងហិរញ្ញវត្ថុសាធារណៈ ប្រចាំឆ្នាំ២០២០ និងពាក់កណ្តាលឆ្នាំ២០២១ ត្រូវបានរៀបចំ ២.ក្របខ័ណ្ឌគោលនយោបាយម៉ាក្រូសេដ្ឋកិច្ច និងគោលនយោបាយហិរញ្ញវត្ថុសាធារណៈ សម្រាប់ការរៀបចំសេចក្ដីព្រាងច្បាប់ស្តីពីហិរញ្ញវត្ថុសម្រាប់ការគ្រប់គ្រងឆ្នាំ ២០២២ ត្រូវបានរៀបចំ ដោយមានការគិតគូរពីបរិកាណ៍ជំងឺកូវីដ-១៩ ៣.ការសិក្សាស្រាវជ្រាវលើប្រធានបទ ០៣ ត្រូវបានបញ្ចប់រួមមាន៖ (១). ការជំរុញវិស័យកែច្នៃផលិតផលកសិកម្មនៅកម្ពុជា, (២). ការសិក្សាស្រាវជ្រាវស្តីពីការត្រួតពិនិត្យហានិភ័យលើវិស័យអចលនទ្រព្យនៅកម្ពុជា និង (៣).ក្របខណ្ឌវិធានការក្របខណ្ឌជំរុញវិស័យកសិកម្ម និងកសិ-ឧស្សាហកម្មនៅកម្ពុជា ២០២១-២០២៣ ខណៈឯកសារពាក់ព័ន្ធ ដើម្បីចុះប្រមូលទិន្នន័យសំខាន់ៗសម្រាប់ការសិក្សាស្រាវជ្រាវស្តីពី ការលើកកម្ពស់ដំណើរការផ្សារភ្ជាប់រវាងកសិផលកែច្នៃ និងវិស័យទេសចរណ៍នៅកម្ពុជា ត្រូវបានរៀបចំរួចរាល់ ។ ៤.របាយការណ៍ស្តីពីការអនុវត្តគម្រោងមូលនិធិអភិវឌ្ឍន៍ជំនាញត្រូវបានរៀបចំ ។ ៥.របាយការណ៍ស្តីពីការអនុវត្តគម្រោងមូលនិធិអភិវឌ្ឍន៍សហគ្រិន ភាពត្រូវបានរៀបចំ ។ | L3: ១.១. ការសិក្សាលើប្រធានបទទាក់ទងវិស័យសេដ្ឋកិច្ច និងហិរញ្ញវត្ថុគន្លឹះ និងរបបលើកទឹកចិត្តពន្ធសម្រាប់វិស័យអាទិភាពចំនួន០៧ ដើម្បីជាធាតុចូលសម្រាប់ការរៀបចំគោលនយោបាយ។ ១.២. ក្របខ័ណ្ឌហិរញ្ញវត្ថុសាធារណៈរយៈពេលមធ្យម (MTFF) ឆ្នាំ ២០២៣-២០២៥ ត្រូវបានរៀបចំ និងដាក់ឱ្យប្រើប្រាស់។ ១.៣. របាយការណ៍វិភាគ, តាមដាន និងវាយតម្លៃការអនុវត្តគោលនយោបាយម៉ាក្រូសេដ្ឋកិច្ច និងហិរញ្ញវត្ថុសាធារណៈប្រចាំំឆ្នាំ២០២១ ប្រចាំត្រីមាសនិងពាក់កណ្តាលឆ្នាំ២០២២ត្រូវបានរៀបចំ។ ១.៤.របាយការណ៍ត្រួតពិនិត្យការអនុវត្តយុទ្ធ សាស្ត្រកៀរគរចំណូល២០១៩-២០២៣ប្រចាំឆ្នាំនិងពាក់កណ្តាលអាណត្តិ។ ១.៥.របាយការណ៍ស្តីពីការអនុវត្តគម្រោង “មូលនិធិអភិវឌ្ឍន៍ជំនាញ (EDF)”, “មូលនិធិអភិវឌ្ឍជំនាញ (SDF)” និង “ផែនការមេអភិវឌ្ឍខេត្តព្រះសីហនុ” ត្រូវបានរៀបចំ។ | M3: ១. ឯកសារស្រាវជ្រាវឬរបាយការណ៍សិក្ខាសាលាស្តីពីកិច្ចពិភាក្សាលើប្រធានបទទាក់ទងវិស័យសេដ្ឋកិច្ច និងហិរញ្ញវត្ថុចំនួន ៣ ត្រូវបានរៀបចំ ២. ក្របខ័ណ្ឌហិរញ្ញវត្ថុសាធារណៈរយៈពេលមធ្យម ឆ្នាំ ២០២៤-២០២៦ ដែលមានការវាយតម្លៃពីហានិភ័យហិរញ្ញវត្ថុសាធារណៈ ត្រូវបានរៀបចំ ៣. របាយការណ៍ត្រួតពិនិត្យការអនុវត្តយុទ្ធសាស្រ្តកៀរគរចំណូល ២០១៩-២០២៣ ប្រចាំឆ្នាំ ២០២២ និងពាក់កណ្ដាលឆ្នាំ ២០២៣, ៤. របាយការណ៍ពិនិត្យតាមដាន និងវាយតម្លៃសេដ្ឋកិច្ច និងហិរញ្ញវត្ថុសាធារណៈ ប្រចាំឆ្នាំ ២០២២ និងពាក់កណ្តាលឆ្នាំ២០២៣ត្រូវបានរៀបចំ ៥. របាយការណ៍តាមដាន និងវាយតម្លៃសកម្មភាព ដែលបានកំណត់ក្នុងកម្មវិធីកែទម្រង់ការគ្រប់គ្រង ហិរញ្ញវត្ថុសាធារណៈ។ | N3: ស្នើសុំដកចេញនូវសូចនាករលើផ្នែកៈ ១.របាយការណ៍វឌ្ឍនភាពស្តីការរៀបចំផែនការមេ​ ដើម្បីប្រែក្លាយខេត្តព្រះសីហនុទៅជាតំបន់សេដ្ឋកិច្ចពិសេសគំរូពហុបំណង ។ ២.របាយការណ៍ស្តីពីការអនុវត្តគម្រោងមូលនិធិអភិវឌ្ឍន៍ជំនាញ (SDF) និង “មូលនិធិអភិវឌ្ឍន៍សហគ្រិនភាព (EDF)” ប្រចាំឆ្នាំ ២០២១។ មូលហេតុៈ សកម្មភាពនេះ ជាលក្ខណៈ (one off) ដោយប្រើប្រាស់ថវិកាផ្ទេរពីជំពូក​៦៩មក ដូចនេះសុំដាក់ចំណុចទី១ តែសូចនាករក្នុងចង្កោមសកម្មភាពទី២ និងចំណុចទី២ ក្នុងចង្កោមសកម្មភាពទី ៥។ | O3: ១. ឯកសារស្រាវជ្រាវឬរបាយការណ៍សិក្ខាសាលាស្តីពីកិច្ចពិភាក្សាលើប្រធានបទគន្លឹះទាក់ទងវិស័យសេដ្ឋកិច្ច និងហិរញ្ញវត្ថុត្រូវបានរៀបចំ ២. ក្របខ័ណ្ឌហិរញ្ញវត្ថុសាធារណៈរយៈពេលមធ្យម ឆ្នាំ ២០២៥-២០២៧ ដែលមានការវាយតម្លៃពីហានិភ័យហិរញ្ញវត្ថុសាធារណៈ ត្រូវបានរៀបចំ ៣. របាយការណ៍ត្រួតពិនិត្យការអនុវត្តយុទ្ធសាស្រ្តកៀរគរចំណូល ២០១៩-២០២៣ ប្រចាំឆ្នាំ ២០២៣, ៤. របាយការណ៍ពិនិត្យតាមដាន និងវាយតម្លៃសេដ្ឋកិច្ច និងហិរញ្ញវត្ថុសាធារណៈ ប្រចាំឆ្នាំ ២០២៣ និងពាក់កណ្តាលឆ្នាំ២០២៤ត្រូវបានរៀបចំ ៥. របាយការណ៍តាមដាន និងវាយតម្លៃសកម្មភាព ដែលបានកំណត់ក្នុងកម្មវិធីកែទម្រង់ការគ្រប់គ្រង ហិរញ្ញវត្ថុសាធារណៈ។ | P3: ១. ឯកសារស្រាវជ្រាវឬរបាយការណ៍សិក្ខាសាលាស្តីពីកិច្ចពិភាក្សាលើប្រធានបទគន្លឹះទាក់ទងវិស័យសេដ្ឋកិច្ច និងហិរញ្ញវត្ថុត្រូវបានរៀបចំ ២. ក្របខ័ណ្ឌហិរញ្ញវត្ថុសាធារណៈរយៈពេលមធ្យម ឆ្នាំ ២០២៦-២០២៨ ដែលមានការវាយតម្លៃពីហានិភ័យហិរញ្ញវត្ថុសាធារណៈ ត្រូវបានរៀបចំ ៣. របាយការណ៍ត្រួតពិនិត្យចំណូលសារពើពន្ធ និងមិនមែនសារពើពន្ធត្រូវបានរៀបចំ ៤. របាយការណ៍ពិនិត្យតាមដាន និងវាយតម្លៃសេដ្ឋកិច្ច និងហិរញ្ញវត្ថុសាធារណៈ ប្រចាំឆ្នាំ ២០២៤ និងពាក់កណ្តាលឆ្នាំ២០២៥ ត្រូវបានរៀបចំ ៥. របាយការណ៍តាមដាន និងវាយតម្លៃសកម្មភាព ដែលបានកំណត់ក្នុងកម្មវិធីកែទម្រង់ការគ្រប់គ្រង ហិរញ្ញវត្ថុសាធារណៈ។ | Q3: =IF(OR(J3>0,K3<>0,L3<>0,M3<>0),"ok","-") -> ok
B4: 2 | C4: 1 | H4: -សូចនាករទី២ : លទ្ធផលការងារស្ថិតិ | K4: ៦.របាយការណ៍តាមដាននិន្នាការសេដ្ឋកិច្ច និងហិរញ្ញវត្ថុ ចំនួន៣៣ និងកម្រងទិន្នន័យស្ថិតិចំនួន ១១៩ (សេដ្ឋកិច្ច និងហិរញ្ញវត្ថុ, និន្នាការថ្លៃទំនិញក្នុងស្រុកនិងអន្តរជាតិ,ទិន្នន័យថ្លៃប្រេងនាំចូលប្រេងលក់រាយ)ត្រូវបានរៀបចំ ។ | L4: ២.របាយការណ៍ និង ផលិតផលស្ថិតិសេដ្ឋកិច្ច និង ហិរញ្ញវត្ថុ ប្រចាំឆ្នាំ២០២១ និងប្រចាំខែ, ប្រចាំត្រីមាស ឆ្នាំ២០២២ ត្រូវបានរៀបចំ។ | M4: ២.របាយការណ៍ និង ផលិតផលស្ថិតិសេដ្ឋកិច្ច និង ហិរញ្ញវត្ថុ ប្រចាំឆ្នាំ២០២២ និងប្រចាំខែ, ប្រចាំត្រីមាស ឆ្នាំ២០២៣ ត្រូវបានរៀបចំ។ | O4: ២.របាយការណ៍ និង ផលិតផលស្ថិតិសេដ្ឋកិច្ច និង ហិរញ្ញវត្ថុ ប្រចាំឆ្នាំ២០២៣ និងប្រចាំខែ, ប្រចាំត្រីមាស ឆ្នាំ២០២៤ ត្រូវបានរៀបចំ។ | P4: ២.របាយការណ៍ និង ផលិតផលស្ថិតិសេដ្ឋកិច្ច និង ហិរញ្ញវត្ថុ ប្រចាំឆ្នាំ២០២៤ និងប្រចាំខែ, ប្រចាំត្រីមាស ឆ្នាំ២០២៥ ត្រូវបានរៀបចំ។ | Q4: =IF(OR(J4>0,K4<>0,L4<>0,M4<>0),"ok","-") -> ok
B5: 3 | C5: 1 | H5: -សូចនាករទី៣ : លទ្ធផលការងារសមាហរណកម្មសេដ្ឋកិច្ច និងសហប្រតិបត្តិហិរញ្ញវត្ថុ និងរូបិយវត្ថុអាស៊ាន និងជាមួយប្រទេសដៃគូ | K5: ៧.របាយការណ៍ស្តីពីការតាមដាន សម្របសម្រួល និងអនុវត្តយន្តការសហប្រតិបត្តិការហិរញ្ញវត្ថុ និងរូបិយវត្ថុអាស៊ាននិងជាមួយប្រទេសដៃគូ, កិច្ចព្រមព្រៀងពាណិជ្ជកម្មសេរីអាស៊ាន និងជាមួយប្រទេសដៃគូ,គណៈកម្មាធិកាជាតិសម្រាប់វិធានការមិនមែនពន្ធ និងនិហិតដ្ឋានជាតិព័ត៌មានពាក់ព័ន្ធនឹងពាណិជ្ជកម្ម ត្រូវបានរៀប ចំរួចរាល់ ។ | L5: ៣.របាយការណ៏ស្តីពីការតាមដាន សម្របសម្រួល និងអនុវត្តយន្តការសមាហរណកម្មសេដ្ឋកិច្ចនិងសហប្រតិបត្តិហិរញ្ញវត្ថុ និងរូបិយវត្ថុអាស៊ាន និងជាមួយប្រទេសដៃគូប្រចាំឆ្នាំ ២០២២ ត្រូវបានរៀបចំ។ | M5: ៣.របាយការណ៏ស្តីពីការតាមដាន សម្របសម្រួល និងអនុវត្តយន្តការសមាហរណកម្មសេដ្ឋកិច្ចនិងសហប្រតិបត្តិហិរញ្ញវត្ថុ និងរូបិយវត្ថុអាស៊ាន និងជាមួយប្រទេសដៃគូ ប្រចាំឆ្នាំ ២០២៣ ត្រូវបានរៀបចំ។ | N5: បន្ថែមពាក្យ ការតានដាន សម្របសម្រួល និងអនុវត្តយន្តការ និងពាក្យរូបិយវត្ថុអាស៊ាន និងជាមួយប្រទេសដៃគូ ដើម្បីរំលេចពីការងាររួមរបស់នាយកដ្ឋាន | O5: ៣.របាយការណ៏ស្តីពីការតាមដាន សម្របសម្រួល និងអនុវត្តយន្តការសមាហរណកម្មសេដ្ឋកិច្ចនិងសហប្រតិបត្តិហិរញ្ញវត្ថុ និងរូបិយវត្ថុអាស៊ាន និងជាមួយប្រទេសដៃគូ ប្រចាំឆ្នាំ ២០២៤ ត្រូវបានរៀបចំ។ | P5: ៣.របាយការណ៏ស្តីពីការតាមដាន សម្របសម្រួល និងអនុវត្តយន្តការសមាហរណកម្មសេដ្ឋកិច្ចនិងសហប្រតិបត្តិហិរញ្ញវត្ថុ និងរូបិយវត្ថុអាស៊ាន និងជាមួយប្រទេសដៃគូ ប្រចាំឆ្នាំ ២០២៥ ត្រូវបានរៀបចំ។ | Q5: =IF(OR(J5>0,K5<>0,L5<>0,M5<>0),"ok","-") -> ok
B6: 4 | C6: 1 | H6: -សូចនាករទី៤ : គោលនយោបាយលើវិស័យសេដ្ឋកិច្ចថ្មី និងលទ្ធផលការងារពាក់ព័ន្ធ | K6: គ្មាន | L6: គ្មាន | M6: ១. របាយការណ៍លទ្ធផលសិក្សាពាក់ព័ន្ធការកំណត់ និងការលើកកម្ពស់ប្រភពកំណើនថ្មី និងការគិតគូរជាយុទ្ធសាស្ត្ររយៈពេលវែង ត្រូវបានរៀបចំ ២. របាយការណ៍លទ្ធផលសិក្សាពាក់ព័ន្ធសេដ្ឋកិច្ចបៃតង និង ការលើកកម្ពស់ការប្រើប្រាស់ថាមពលបៃតង និងប្រសិទ្ធភាពថាមពល ត្រូវបានរៀបចំ ៣. របាយការណ៍លទ្ធផលសិក្សាពាក់ព័ន្ធនឹងសេដ្ឋកិច្ចឌីជីថល និងការជំរុញការអនុវត្ត​បរិវត្តកម្មឌីជីថល ត្រូវបានរៀបចំ ៤. របាយការណ៍ស្តីពីការតាមដានការអនុវត្តគោលនយោបាយនិងយុទ្ធសាស្ត្រពាក់ព័ន្ធ​​នឹងការលើកទឹកចិត្តសារពើពន្ធ និងមិនមែនសារពើពន្ធដើម្បីជំរុញកំណើនសេដ្ឋកិច្ច ត្រូវបានរៀបចំ | O6: ១. របាយការណ៍លទ្ធផលសិក្សាពាក់ព័ន្ធការកំណត់ និងការលើកកម្ពស់ប្រភពកំណើនថ្មី និងការគិតគូរជាយុទ្ធសាស្ត្ររយៈពេលវែង ត្រូវបានរៀបចំ ២. របាយការណ៍លទ្ធផលសិក្សាពាក់ព័ន្ធសេដ្ឋកិច្ចបៃតង និង ការលើកកម្ពស់ការប្រើប្រាស់ថាមពលបៃតង និងប្រសិទ្ធភាពថាមពល ត្រូវបានរៀបចំ ៣. របាយការណ៍លទ្ធផលសិក្សាពាក់ព័ន្ធនឹងសេដ្ឋកិច្ចឌីជីថល និងការជំរុញការអនុវត្ត​បរិវត្តកម្មឌីជីថល ត្រូវបានរៀបចំ ៤. របាយការណ៍ស្តីពីការតាមដានការអនុវត្តគោលនយោបាយនិងយុទ្ធសាស្ត្រពាក់ព័ន្ធ​​នឹងការលើកទឹកចិត្តសារពើពន្ធ និងមិនមែនសារពើពន្ធដើម្បីជំរុញកំណើនសេដ្ឋកិច្ច ត្រូវបានរៀបចំ | P6: ១. របាយការណ៍លទ្ធផលសិក្សាពាក់ព័ន្ធការកំណត់ និងការលើកកម្ពស់ប្រភពកំណើនថ្មី និងការគិតគូរជាយុទ្ធសាស្ត្ររយៈពេលវែង ត្រូវបានរៀបចំ ២. របាយការណ៍លទ្ធផលសិក្សាពាក់ព័ន្ធសេដ្ឋកិច្ចបៃតង និង ការលើកកម្ពស់ការប្រើប្រាស់ថាមពលបៃតង និងប្រសិទ្ធភាពថាមពល ត្រូវបានរៀបចំ ៣. របាយការណ៍លទ្ធផលសិក្សាពាក់ព័ន្ធនឹងសេដ្ឋកិច្ចឌីជីថល និងការជំរុញការអនុវត្ត​បរិវត្តកម្មឌីជីថល ត្រូវបានរៀបចំ ៤.របាយការណ៍ស្តីពីការតាមដានការអនុវត្តគោលនយោបាយនិងយុទ្ធសាស្ត្រពាក់ព័ន្ធ​​នឹងការលើកទឹកចិត្តសារពើពន្ធ និងមិនមែនសារពើពន្ធដើម្បីជំរុញកំណើនសេដ្ឋកិច្ច ត្រូវបានរៀបចំ
B7: 5 | C7: 1 | H7: -សូចនាករទី៥៖ លទ្ធផលការងារពង្រឹងប្រសិទ្ធភាពចំណាយសាធារណៈ និងការងារពាក់ព័ន្ធ | K7: គ្មាន | L7: គ្មាន | M7: ១.ស្តង់ដារថ្លៃទំនិញនិងសេវា សម្រាប់ប្រើប្រាស់ក្នុងចំណាយសាធារណៈ ត្រូវបាន ការរៀបចំ ចងក្រង តាមដាន វិភាគនិងផ្សព្វផ្សាយ ចំនួន ២ គឺ ១. កម្រងទិន្នន័យតាមដានថ្លៃទំនិញ និងសេវា នៅលើទីផ្សាររាជធានីភ្នំពេញប្រចាំត្រីមាស ចំនួន ០៣ ច្បាប់ និង ២. កម្រងទិន្នន័យតាមដានថ្លៃទំនិញនិងសេវាតាមខេត្ត (១២ខេត្ត) ប្រចាំឆមាសទី ១ ឆ្នាំ ២០២៣ ត្រូវបានរៀបចំ។ ២. ​ ក្របខណ្ឌតាមដាន និងវាយតម្លៃគម្រោងវិនិយោគសាធារណៈ ចំនួន ០១ ត្រូវបានរៀបចំ ដើម្បីធានាប្រសិទ្ធភាពចំណាយវិនិយោគ | O7: ១.ស្តង់ដារថ្លៃទំនិញនិងសេវា សម្រាប់ប្រើប្រាស់ក្នុងចំណាយសាធារណៈ ត្រូវបាន ការរៀបចំ ចងក្រង តាមដាន វិភាគនិងផ្សព្វផ្សាយ ចំនួន ២ គឺ ១. កម្រងទិន្នន័យតាមដានថ្លៃទំនិញ និងសេវា នៅលើទីផ្សាររាជធានីភ្នំពេញប្រចាំត្រីមាស ចំនួន ០៤ ច្បាប់ និង ២. កម្រងទិន្នន័យតាមដានថ្លៃទំនិញនិងសេវាតាមខេត្ត (១២ខេត្ត) ប្រចាំឆមាសទី ២ ឆ្នាំ ២០២៣ និងឆមាសទី ១ ឆ្នាំ ២០២៤ ត្រូវបានរៀបចំ។ ២. ​ របាយការណ៍វិភាគ, តាមដាន និងវាយតម្លៃ គម្រោងវិនិយោគសាធារណៈ ប្រចាំឆ្នាំ ២០២៣ ត្រូវបានរៀបចំដោយ ផ្អែកលើប្រសិទ្ធភាពសេដ្ឋកិច្ច | P7: ១.ស្តង់ដារថ្លៃទំនិញនិងសេវា សម្រាប់ប្រើប្រាស់ក្នុងចំណាយសាធារណៈ ត្រូវបាន ការរៀបចំ ចងក្រង តាមដាន វិភាគនិងផ្សព្វផ្សាយ ចំនួន ២ គឺ ១. កម្រងទិន្នន័យតាមដានថ្លៃទំនិញ និងសេវា នៅលើទីផ្សាររាជធានីភ្នំពេញប្រចាំត្រីមាស ចំនួន ០៤ ច្បាប់ និង ២. កម្រងទិន្នន័យតាមដានថ្លៃទំនិញនិងសេវាតាមខេត្ត (១២ខេត្ត) ប្រចាំឆមាសទី ២ ឆ្នាំ ២០២៤ និងឆមាសទី ១ ឆ្នាំ ២០២៥ ត្រូវបានរៀបចំ។ ២. ​ របាយការណ៍វិភាគ, តាមដាន និងវាយតម្លៃ គម្រោងវិនិយោគសាធារណៈ ប្រចាំឆ្នាំ ២០២៤ ត្រូវបានរៀបចំដោយ ផ្អែកលើប្រសិទ្ធភាពសេដ្ឋកិច្ច
D8: 1 | F8: 1010101 | G8: =$G$2&"01" -> 1010101 | H8: =VLOOKUP($G8,'[5]BSP-Table1A'!$B$12:$D$42,3) -> ១.១.១. ចង្កោមសកម្មភាពទី១ : គាំទ្រ សម្របសម្រួល និងគ្រប់គ្រងការងាររដ្ឋបាលរបស់អគ្គនាយកដ្ឋាន | J8: =VLOOKUP($G8,[4]BSP4!$B$12:$F$187,5,FALSE) -> 1341.6 | Q8: =IF(OR(J8>0,K8<>0,L8<>0,M8<>0),"ok","-") -> ok
B9: 1 | D9: 1 | H9: -សូចនាករទី១ : កិច្ចការងារនានារបស់អគ្គនាយកដ្ឋានត្រូវបានពង្រឹង និងសម្របសម្រួលប្រកបដោយប្រសិទ្ធភាព។ | I9: PI-101011 | K9: ១. បានរៀបចំកិច្ចប្រជុំសំខាន់ៗចំនួន៣ លើក រួមមាន៖ (១). កិច្ចប្រជុំត្រួតពិនិត្យ និងតាមដានចំណូលក្នុងបរិការណ៍កូវីដ-១៩, (២). កិច្ចប្រជុំថ្នាក់ដឹកនាំក្រសួងសេដ្ឋកិច្ច និងហិរញ្ញវត្ថុស្តីពីក្រប ខ័ណ្ឌគោលនយោបាយម៉ាក្រូសេដ្ឋ-កិច្ចនិងគោលនយោបាយហិរញ្ញវត្ថុសាធារណៈឆ្នាំ២០២២។ | L9: ១. របាយការណ៍កិច្ចប្រជុំគណៈកម្មាធិការគោលនយោបាយ និងរដ្ឋបាលប្រមូលចំណូល (ចំណូលសារពើពន្ធ និងចំណូលមិនមែនសារពើពន្ធ) នីមួយៗត្រូវបានរៀបចំ | M9: ១. របាយការណ៍កិច្ចប្រជុំគណៈកម្មាធិការគោលនយោបាយ​ និងរដ្ឋបាលប្រមូលចំណូល (ចំណូលសារពើពន្ធ និងចំណូលមិនមែនសារពើពន្ធ) នីមួយៗត្រូវបានរៀបចំ | O9: ១. របាយការណ៍កិច្ចប្រជុំគណៈកម្មាធិការគោលនយោបាយ​ និងរដ្ឋបាលប្រមូលចំណូល (ចំណូលសារពើពន្ធ និងចំណូលមិនមែនសារពើពន្ធ) នីមួយៗត្រូវបានរៀបចំ | P9: ១. របាយការណ៍កិច្ចប្រជុំគណៈកម្មាធិការគោលនយោបាយ​ និងរដ្ឋបាលប្រមូលចំណូល (ចំណូលសារពើពន្ធ និងចំណូលមិនមែនសារពើពន្ធ) នីមួយៗត្រូវបានរៀបចំ | Q9: =IF(OR(J9>0,K9<>0,L9<>0,M9<>0),"ok","-") -> ok
B10: 2 | D10: 1 | H10: -សូចនាករទី២ : កិច្ចប្រជុំផ្សេងៗ ក្នុងនិងក្រៅប្រទេសរបស់ឯកឧត្តមអគ្គនាយក ត្រូវបានសម្របសម្រួល | K10: ២. របាយការណ៍ចូលរួមកិច្ចប្រជុំសេដ្ឋកិច្ច និង ហិរញ្ញវត្ថុសាធារណៈក្នុង និងក្រៅប្រទេសត្រូវបានរៀបចំ។ | L10: ២. របាយការណ៍ចូលរួមកិច្ចប្រជុំសេដ្ឋកិច្ច និង ហិរញ្ញវត្ថុសាធារណៈក្នុង និងក្រៅប្រទេស ត្រូវបានរៀបចំ។ | M10: ២. របាយការណ៍ចូលរួមកិច្ចប្រជុំសេដ្ឋកិច្ច និង ហិរញ្ញវត្ថុសាធារណៈក្នុង និងក្រៅប្រទេសត្រូវបានរៀបចំ។ | O10: ២. របាយការណ៍ចូលរួមកិច្ចប្រជុំសេដ្ឋកិច្ច និង ហិរញ្ញវត្ថុសាធារណៈក្នុង និងក្រៅប្រទេសត្រូវបានរៀបចំ | P10: ២. របាយការណ៍ចូលរួមកិច្ចប្រជុំសេដ្ឋកិច្ច និង ហិរញ្ញវត្ថុសាធារណៈក្នុង និងក្រៅប្រទេសត្រូវបានរៀបចំ | Q10: =IF(OR(J10>0,K10<>0,L10<>0,M10<>0),"ok","-") -> ok
B11: 3 | H11: -សូចនាករទី៣ : ... | Q11: =IF(OR(J11>0,K11<>0,L11<>0,M11<>0),"ok","-") -> -
B12: 4 | H12: -សូចនាករទី៤ : ... | Q12: =IF(OR(J12>0,K12<>0,L12<>0,M12<>0),"ok","-") -> -
B13: 5 | H13: -សូចនាករទី៥ : ... | Q13: =IF(OR(J13>0,K13<>0,L13<>0,M13<>0),"ok","-") -> -
B14: 6 | H14: -សូចនាករទី៦ : ... | Q14: =IF(OR(J14>0,K14<>0,L14<>0,M14<>0),"ok","-") -> -
D15: 2 | F15: 1010102 | G15: =$G$2&"02" -> 1010102 | H15: =VLOOKUP($G15,'[5]BSP-Table1A'!$B$12:$D$42,3) -> ១.១.២. ចង្កោមសកម្មភាពទី២ : រៀបចំ កែលម្អ ត្រួតពិនិត្យ និងវាយតម្លៃគោលនយោបាយម៉ាក្រូសេដ្ឋកិច្ច និងសារពើពន្ធ | J15: =VLOOKUP($G15,[4]BSP4!$B$12:$F$187,5,FALSE) -> 405.6 | Q15: =IF(OR(J15>0,K15<>0,L15<>0,M15<>0),"ok","-") -> ok
B16: 3 | D16: 2 | H16: -សូចនាករទី១ : ការសិក្សាស្រាវជ្រាវ ទៅលើឥរិយាបថ និន្នាការ កាលានុវត្តភាព និង​ទស្សនវិស័យពាក់ព័ន្ធវិស័យសំខាន់ៗដូចជាសេដ្ឋកិច្ច ហិរញ្ញវត្ថុ និងសង្គមត្រូវបានពង្រឹង | K16: ១.ការសិក្សាស្រាវជ្រាវលើប្រធានបទ ០៣ ត្រូវបានបញ្ចប់រួមមាន៖ (១).ការ ជំរុញវិស័យកែច្នៃផលិតផលកសិកម្មនៅកម្ពុជា, (២). ការសិក្សាស្រាវជ្រាវស្តីពីការត្រួតពិនិត្យហានិភ័យលើវិស័យអចលនទ្រព្យនៅកម្ពុជា និង (៣).ក្របខណ្ឌវិធានការក្របខណ្ឌជំរុញវិស័យកសិកម្ម និងកសិ-ឧស្សាហកម្មនៅកម្ពុជា ២០២១-២០២៣ ខណៈឯកសារពាក់ព័ន្ធ ដើម្បីចុះប្រមូលទិន្នន័យសំខាន់ៗសម្រាប់ការសិក្សាស្រាវជ្រាវស្តីពី ការលើកកម្ពស់ដំណើរការផ្សារភ្ជាប់រវាងកសិផលកែច្នៃ និងវិស័យទេសចរណ៍នៅកម្ពុជា ត្រូវបានរៀបចំរួចរាល់។ | L16: ឯកសារស្រាវជ្រាវឬរបាយការណ៍សិក្ខាសាលាស្តីពីកិច្ចពិភាក្សាលើប្រធានបទទាក់ទងវិស័យសេដ្ឋកិច្ច និងហិរញ្ញវត្ថុចំនួន ៦ ត្រូវបានរៀបចំ៖ (១) ការត្រួតពិនិត្យហានិភ័យលើវិស័យអចលនទ្រព្យនៅកម្ពុជា, (២) ការលើកកម្ពស់ដំណើរការផ្សារភ្ជាប់រវាងកសិផលកែច្នៃ និងវិស័យទេសចរណ៍នៅកម្ពុជា (៣) ក្របខ័ណ្ឌជំរុញវិស័យកសិកម្ម និងកសិឧស្សាហកម្មកម្ពុជា ២០២១-២០២២ (៤) ការសិក្សាលម្អិតពីខ្សែច្រវាក់ផ្គត់ផ្គង់ត្រី:វិធានការរយៈពេលមធ្យម (៥) ការសិក្សាលម្អិតពីខ្សែច្រវាក់ផ្គត់ផ្គង់សាច់ជ្រូក:វិធានការរយៈពេលមធ្យម (៦) ការរៀបចំយន្តការពិនិត្យ តាមដាន និងវាយតម្លៃ: ការអនុវត្តគម្រោងសហហិរញ្ញប្បទានទ្រទ្រង់សហគ្រាសធុនតូច និងមធ្យមនៅកម្ពុជា (ដំណាក់កាលទី ២) និងការផ្តល់ហិរញ្ញប្បទានរបស់ធនាគារសហគ្រាសធុនតូច និងមធ្យមកម្ពុជា | M16: ឯកសារស្រាវជ្រាវឬរបាយការណ៍សិក្ខាសាលាស្តីពីកិច្ចពិភាក្សាលើប្រធានបទទាក់ទងវិស័យសេដ្ឋកិច្ច និងហិរញ្ញវត្ថុចំនួន ៣ ត្រូវបានរៀបចំ | N16: ការកំណត់ប្រធានបទអាទិភាពថ្មី | O16: ឯកសារស្រាវជ្រាវឬរបាយការណ៍សិក្ខាសាលាស្តីពីកិច្ចពិភាក្សាលើប្រធានបទទាក់ទងវិស័យសេដ្ឋកិច្ច និងហិរញ្ញវត្ថុចំនួន ៣ ត្រូវបានរៀបចំ | P16: ឯកសារស្រាវជ្រាវឬរបាយការណ៍សិក្ខាសាលាស្តីពីកិច្ចពិភាក្សាលើប្រធានបទទាក់ទងវិស័យសេដ្ឋកិច្ច និងហិរញ្ញវត្ថុចំនួន ៣ ត្រូវបានរៀបចំ | Q16: =IF(OR(J16>0,K16<>0,L16<>0,M16<>0),"ok","-") -> ok
B17: 4 | D17: 2 | H17: -សូចនាករទី២ : វឌ្ឍនភាពស្តីពីការតាមដាន ពិនិត្យ វាយតម្លៃការអនុវត្តគោលនយោបាយសារពើពន្ធ អនុលោមតាមគោលដៅយុទ្ធសាស្រ្តជាតិ | K17: ១. របាយការណ៍ត្រួតពិនិត្យ និងវាយតម្លៃវឌ្ឍនភាពគោលនយោបាយសារពើពន្ធ ប្រចាំឆ្នាំ ២០២១ ត្រូវបានរៀបចំ ។ ២.ក្របខ័ណ្ឌគោលនយោបាយហិរញ្ញវត្ថុសាធារណៈ សម្រាប់ការរៀបចំសេចក្តីព្រាងច្បាប់ស្តីពីហិរញ្ញវត្ថុសម្រាប់ការគ្រប់គ្រងឆ្នាំ ២០២២ ត្រូវបានរៀបចំ ។ ៣. របាយការណ៍ពិនិត្យ និងវាយតម្លៃ ការអនុវត្តយុទ្ធសាស្ត្រកៀរគរចំណូល ២០១៩-២០២៣ ផ្នែកចំណូលមិនមែនសារពើពន្ធ ប្រចាំឆ្នាំ ត្រូវបានរៀបចំ ។ | L17: ១. របាយការណ៍ពិនិត្យតាមដានការអនុវត្តនយោបាយសារពើពន្ធប្រកបដោយប្រសិទ្ធភាព និងស័ក្តិសិទ្ធិភាពត្រូវបានរៀបចំ ២. ក្របខ័ណ្ឌហិរញ្ញវត្ថុសារធារណៈរយៈពេលមធ្យម ២០២៣-២០២៥ប្រកបដោយប្រសិទ្ធភាព និងស័ក្តិសិទ្ធិភាពត្រូវបានរៀបចំ ៣. របាយការណ៍ពិនិត្យ និងវាយតម្លៃ ការអនុវត្តយុទ្ធសាស្ត្រកៀរគរចំណូល ២០១៩-២០២៣ ផ្នែកចំណូលមិនមែនសារពើពន្ធ ត្រូវបានរៀប។ | M17: ១. ក្របខណ្ឌហិរញ្ញវត្ថុសារធារណៈរយៈពេលមធ្យម ២០២៤-២០២៦ ដែលមានការវាយតម្លៃពីហានិភ័យហិរញ្ញវត្ថុសាធារណៈ ត្រូវបានរៀបចំ, ២. របាយការណ៍វិភាគ និងវាយតម្លៃការអនុវត្តហិរញ្ញវត្ថុសាធារណៈពាក់កណ្ដាលឆ្នាំ ត្រូវបានរៀបចំ, ៣. របាយការណ៍តាមកម្រិតលម្អៀងការព្យាករចំណូលឆ្នាំ ២០២២ ត្រូវបានរៀបចំ, ៤. របាយការណ៍វាយតម្លៃការអនុវត្តចំណាយសាធារណៈតាមវិស័យទាំង ៤ ឆ្នាំ ២០២២ ត្រូវបានរៀបចំ ។ | O17: ១. ក្របខណ្ឌហិរញ្ញវត្ថុសារធារណៈរយៈពេលមធ្យម ដែលមានការវាយតម្លៃពីហានិភ័យហិរញ្ញវត្ថុសាធារណៈ ត្រូវបានរៀបចំ, ២. របាយការណ៍វិភាគ និងវាយតម្លៃការអនុវត្តហិរញ្ញវត្ថុសាធារណៈពាក់កណ្ដាលឆ្នាំ ត្រូវបានរៀបចំ, ៣. របាយការណ៍តាមកម្រិតលម្អៀងការព្យាករចំណូលឆ្នាំ (N-1) ត្រូវបានរៀបចំ, ៤. របាយការណ៍វាយតម្លៃការអនុវត្តចំណាយសាធារណៈតាមវិស័យទាំង ៤ ឆ្នាំ (N-1) ត្រូវបានរៀបចំ ។ | P17: ១. ក្របខណ្ឌហិរញ្ញវត្ថុសារធារណៈរយៈពេលមធ្យម ដែលមានការវាយតម្លៃពីហានិភ័យហិរញ្ញវត្ថុសាធារណៈ ត្រូវបានរៀបចំ, ២. របាយការណ៍វិភាគ និងវាយតម្លៃការអនុវត្តហិរញ្ញវត្ថុសាធារណៈពាក់កណ្ដាលឆ្នាំ ត្រូវបានរៀបចំ, ៣. របាយការណ៍តាមកម្រិតលម្អៀងការព្យាករចំណូលឆ្នាំ (N-1) ត្រូវបានរៀបចំ, ៤. របាយការណ៍វាយតម្លៃការអនុវត្តចំណាយសាធារណៈតាមវិស័យទាំង ៤ ឆ្នាំ (N-1) ត្រូវបានរៀបចំ ។ | Q17: =IF(OR(J17>0,K17<>0,L17<>0,M17<>0),"ok","-") -> ok
B18: 5 | D18: 2 | H18: -សូចនាករទី៣ : ការអនុវត្តយុទ្ធសាស្ត្រ និងគោលនយោបាយពាក់ព័ន្ធនឹងវិស័យសេដ្ឋកិច្ច-សង្គម ត្រូវបាន​ពិនិត្យ និងវាយតម្លៃឱ្យ អនុលោមតាមគោលដៅ​នៃយុទ្ធសាស្ត្រ និងគោលនយោបាយ | K18: ១. យុទ្ធសាស្រ្តកៀរគរចំណូល២០១៩-២០២៣ ត្រូវបានរៀបចំរួចរាល់ និងដាក់ឱ្យអនុវត្ត, ២. របាយការណ៍ត្រួតពិនិត្យការអនុវត្តយុទ្ធសាស្រ្តកៀរគរចំណូល ២០១៩-២០២៣ ប្រចាំឆ្នាំ ២០២០ និងប្រចាំឆមាសទី១ ឆ្នាំ២០២១ ត្រូវបានរៀបចំ, ៣. សេចក្ដីព្រាងគោលនយោបាយស្តីពីការលើកទឹកចិត្តពន្ធលើការដំឡើងទោចក្រយាន និងត្រីចក្រយានត្រូវបានរៀបចំ ៤. របាយការណ៍វឌ្ឍនភាពនៃការអនុវត្តគម្រោងមូលនិធិអភិវឌ្ឍជំនាញ ប្រចាំឆ្នាំ២០២១ ត្រូវបានរៀបចំ | L18: ១. របាយការណ៍ពិនិត្យប្រចាំឆ្នាំ និងពាក់កណ្ដាលអាណត្តិ នៃការអនុវត្តយុទ្ធសាស្រ្តកៀរគរចំណូល ២០១៩-២០២៣ ត្រូវបានរៀបចំ ២. ការសិក្សា​ និងរៀបចំរបបលើកទឹកពន្ធសម្រាប់វិស័យអាទិភាព ត្រូវបានរៀបចំ ៣. របាយការណ៍វឌ្ឍនភាពនៃការអនុវត្តគម្រោងមូលនិធិអភិវឌ្ឍជំនាញ ត្រូវបានរៀបចំ | M18: ១. របាយការណ៍ពិនិត្យប្រចាំឆ្នាំ ២០២២ និងពាក់កណ្តាលឆ្នាំ ២០២៣ នៃការអនុវត្តយុទ្ធសាស្រ្តកៀរគរចំណូល ២០១៩-២០២៣ ត្រូវបានរៀបចំ ២. ការសិក្សា​ និងរៀបចំរបបលើកទឹកពន្ធសម្រាប់វិស័យអាទិភាព ត្រូវបានរៀបចំ | O18: ១. របាយការណ៍ពិនិត្យប្រចាំឆ្នាំ និងបញ្ចប់អាណត្តិ នៃការអនុវត្តយុទ្ធសាស្រ្តកៀរគរចំណូល ២០១៩-២០២៣ ត្រូវបានរៀបចំ ២. ការសិក្សា​ និងរៀបចំរបបលើកទឹកពន្ធសម្រាប់វិស័យអាទិភាព ត្រូវបានរៀបចំ | P18: ១. របាយការណ៍ការអនុវត្តចំណូលសារពើពន្ធ និងចំណូលមិនមែនសារពើពន្ធ ២. ការសិក្សា​ និងរៀបចំរបបលើកទឹកពន្ធសម្រាប់វិស័យអាទិភាព ត្រូវបានរៀបចំ | Q18: =IF(OR(J18>0,K18<>0,L18<>0,M18<>0),"ok","-") -> ok
B19: 6 | D19: 2 | H19: -សូចនាករទី៤ : ស្ថានភាពសេដ្ឋកិច្ចត្រូវបានពិនិត្យ,តាមដាន និង វាយតម្លៃ, និងក្របខ័ណ្ឌម៉ាក្រូសេដ្ឋកិច្ចរយៈពេលមធ្យមត្រូវបានរៀបចំ | K19: ១. របាយការណ៍ពិនិត្យតាមដាន និងវាយតម្លៃសេដ្ឋកិច្ចប្រចាំឆ្នាំ២០២០ និងពាក់កណ្តាលឆ្នាំ២០២១​ ត្រូវបានរៀបចំ ២. របាយការណ៍ និងលទ្ធផលនៃការព្យាករ និងក្របខ័ណ្ឌគោលនយោបាយម៉ាក្រូសេដ្ឋកិច្ចឆ្នាំ២០២២ និងរយៈពេលមធ្យម ត្រូវបានរៀបចំ ៣. របាយកាណ៍ពិគ្រោះយោបល់ជាមួយអ្នកអនុវត្តផ្ទាល់ និងភាគីពាក់ព័ន្ឋសម្រាប់ធ្វើការវាយតម្លៃ និងព្យាករសេដ្ឋកិច្ច ត្រូវបានរៀបចំ | L19: ១. ក្របខ័ណ្ឌគោលនយោបាយម៉ាក្រូសេដ្ឋកិច្ចដើម្បីដាក់បញ្ចូលក្នុងការ ក្របខ័ណ្ឌហិរញ្ញវត្ថុសាធារណៈរយៈពេលមធ្យម ឆ្នាំ ២០២៣-២០២៥ ត្រូវបានរៀបចំ ២.របាយការណ៍ពិនិត្យតាមដាន និងវាយតម្លៃសេដ្ឋកិច្ចប្រចាំឆ្នាំ ២០២១ និងពាក់កណ្តាលឆ្នាំ ២០២២ ត្រូវបានរៀបចំ ៣. របាយការណ៍ឃ្លាំមើលសេដ្ឋកិច្ចប្រចាំត្រីមាសត្រូវបានរៀបចំ ៤. របាយកាណ៍ពិគ្រោះយោបល់ជាមួយអ្នកអនុវត្តផ្ទាល់ និងភាគីពាក់ព័ន្ឋសម្រាប់ធ្វើការវាយតម្លៃ និងព្យាករសេដ្ឋកិច្ច ត្រូវបានរៀបចំ ៥. របាយការណ៍តាមដានសេដ្ឋកិច្ចប្រចាំខែត្រូវបានរៀបចំ | M19: ១. ក្របខ័ណ្ឌគោលនយោបាយម៉ាក្រូសេដ្ឋកិច្ចដើម្បីដាក់បញ្ចូលក្នុង ក្របខ័ណ្ឌហិរញ្ញវត្ថុសាធារណៈរយៈពេលមធ្យម ឆ្នាំ ២០២៤-២០២៦ ត្រូវបានរៀបចំ ២.របាយការណ៍ពិនិត្យតាមដាន និងវាយតម្លៃសេដ្ឋកិច្ចប្រចាំឆ្នាំ ២០២២ និងពាក់កណ្តាលឆ្នាំ ២០២៣ ត្រូវបានរៀបចំ ៣. របាយការណ៍ឃ្លាំមើលសេដ្ឋកិច្ចប្រចាំត្រីមាសត្រូវបានរៀបចំ ៤. របាយកាណ៍ពិគ្រោះយោបល់ជាមួយអ្នកអនុវត្តផ្ទាល់ និងភាគីពាក់ព័ទ្ធសម្រាប់ធ្វើការវាយតម្លៃ និងព្យាករសេដ្ឋកិច្ច ត្រូវបានរៀបចំ ៥. របាយការណ៍តាមដានសេដ្ឋកិច្ចប្រចាំខែត្រូវបានរៀបចំ | O19: ១. ក្របខ័ណ្ឌគោលនយោបាយម៉ាក្រូសេដ្ឋកិច្ចដើម្បីដាក់បញ្ចូលក្នុង ក្របខ័ណ្ឌហិរញ្ញវត្ថុសាធារណៈរយៈពេលមធ្យម ឆ្នាំ ២០២៥-២០២៧ ត្រូវបានរៀបចំ ២.របាយការណ៍ពិនិត្យតាមដាន និងវាយតម្លៃសេដ្ឋកិច្ចប្រចាំឆ្នាំ ២០២៣ និងពាក់កណ្តាលឆ្នាំ ២០២៤ ត្រូវបានរៀបចំ ៣. របាយការណ៍ឃ្លាំមើលសេដ្ឋកិច្ចប្រចាំត្រីមាសត្រូវបានរៀបចំ ៤. របាយការណ៍តាមដានសេដ្ឋកិច្ចប្រចាំខែត្រូវបានរៀបចំ | P19: ១. ក្របខ័ណ្ឌគោលនយោបាយម៉ាក្រូសេដ្ឋកិច្ចដើម្បីដាក់បញ្ចូលក្នុង ក្របខ័ណ្ឌហិរញ្ញវត្ថុសាធារណៈរយៈពេលមធ្យម ឆ្នាំ ២០២៦-២០២៨ ត្រូវបានរៀបចំ ២.របាយការណ៍ពិនិត្យតាមដាន និងវាយតម្លៃសេដ្ឋកិច្ចប្រចាំឆ្នាំ ២០២៤ និងពាក់កណ្តាលឆ្នាំ ២០២៥ ត្រូវបានរៀបចំ ៣. របាយការណ៍ឃ្លាំមើលសេដ្ឋកិច្ចប្រចាំត្រីមាសត្រូវបានរៀបចំ ៤. របាយការណ៍តាមដានសេដ្ឋកិច្ចប្រចាំខែត្រូវបានរៀបចំ | Q19: =IF(OR(J19>0,K19<>0,L19<>0,M19<>0),"ok","-") -> ok
B20: 7 | D20: 2 | H20: -សូចនាករទី៥ : គោលនយោបាយហិរញ្ញវត្ថុសាធារណៈត្រូវបានរៀបចំឡើងប្រកបដោយសង្គតិភាពនិងផ្សារភ្ជាប់ទៅនឹងគោលនយោបាយអាទិភាពរបស់រាជរដ្ឋាភិបាល។ | K20: ១. របាយការណ៍ត្រួតពិនិត្យ និងវាយតម្លៃ ការអនុវត្តយុទ្ធសាស្រ្តកៀរគរចំណូល ២០១៩ -២០២៣ ឆ្នាំ ២០២០ និង ពាកើកណ្តាលឆ្នាំ ២០២១ ផ្នែក អ.គ.រ និង គោលនយោបាយសារពើពន្ធ ត្រូវបានរៀបចំ ២. របាយការណ៍តាមដាន និងវាយតម្លៃសកម្មភាពដែលបានកំណត់ក្នុងកម្មវិធីកែទម្រង់ការគ្រប់គ្រងហិរញ្ញវត្ថុសាធារណៈរបស់នាយកដ្ឋានគោលនយោបាយម៉ាក្រូសេដ្ឋកិច្ច និងសារពើពន្ធ ៣. ការសិក្សាលើធាតុចូលសម្រាប់ការវាយតម្លៃការផ្សារភ្ជាប់ថវិកាទៅនឹងគោលនយោបាយអាទិភាពរបស់រាជរដ្ឋាភិបាល សម្រាប់វិស័យអប់រំ និងសុខាភិបាល ត្រូវបានរៀបចំ ៤. សេចក្តីព្រាងគោលនយោបាយសារពើពន្ធជំរុញការប្រើប្រាស់រថយន្តភាគបរិស្ថាន ២០២១-២០៣០ ត្រូវបានរៀបចំ បន្ទាប់ពីទទួលបានមតិយោបល់អគ្គនាយកដ្ឋានពាក់ព័ន្ធ ៥. របាយការណ៍វឌ្ឍនភាព ស្តីពីការអនុវត្តការរៀបចំផែនការមេ​ ដើម្បីប្រែក្លាយខេត្តព្រះសីហនុទៅជាតំបន់សេដ្ឋកិច្ចពិសេសគំរូពហុបំណង ៦. របាយការណ៍វឌ្ឍនភាពនៃការអនុវត្តគម្រោងមូលនិធិសហគ្រិនភាព (EDF) ប្រចាំឆ្នាំ ២០២០ ត្រូវបានរៀបចំ | L20: ១. របាយការណ៍ត្រួតពិនិត្យ និងវាយតម្លៃ ការអនុវត្តយុទ្ធសាស្រ្តកៀរគរចំណូល ២០១៩ -២០២៣ ពាក់កណ្ដាលអាណត្តិ ផ្នែក អ.គ.រ ត្រូវបានរៀបចំ ២. របាយការណ៍តាមដាន និងវាយតម្លៃសកម្មភាពដែលបានកំណត់ក្នុងកម្មវិធីកែទម្រង់ការគ្រប់គ្រងហិរញ្ញវត្ថុសាធារណៈរបស់នាយកដ្ឋានគោលនយោបាយម៉ាក្រូសេដ្ឋកិច្ច និងសារពើពន្ធ ៣. ការសិក្សាលើធាតុចូលសម្រាប់ការវាយតម្លៃការផ្សារភ្ជាប់ថវិកា ទៅនឹងគោលនយោបាយអាទិភាពរបស់រាជរដ្ឋាភិបាល ត្រូវបានរៀបចំ ៤. របាយការណ៍សិក្សាស្រាវជ្រាវ​ ស្តីពីការរៀបចំ​ និងការអនុវត្តគោលនយោបាយ​សារពើពន្ធសំខាន់ ត្រូវបានរៀបចំ ៥. របាយការណ៍វឌ្ឍនភាព ស្តីពីការអនុវត្តការរៀបចំផែនការមេ​ ដើម្បីប្រែក្លាយខេត្តព្រះសីហនុទៅជាតំបន់សេដ្ឋកិច្ចពិសេសគំរូពហុបំណង ៦. របាយការណ៍វឌ្ឍនភាពនៃការអនុវត្តគម្រោងមូលនិធិសហគ្រិនភាព (EDF) ប្រចាំឆ្នាំ ២០២១ ត្រូវបានរៀបចំ | M20: ១. របាយការណ៍តាមដាន និងវាយតម្លៃសកម្មភាពដែលបានកំណត់ក្នុងកម្មវិធីកែទម្រង់ការគ្រប់គ្រងហិរញ្ញវត្ថុសាធារណៈរបស់នាយកដ្ឋានគោលនយោបាយម៉ាក្រូសេដ្ឋកិច្ច និងសារពើពន្ធ ២. ការសិក្សាលើធាតុចូលសម្រាប់ការវាយតម្លៃការផ្សារភ្ជាប់ថវិកា ទៅនឹងគោលនយោបាយអាទិភាពរបស់រាជរដ្ឋាភិបាល ត្រូវបានរៀបចំ ៣. របាយការណ៍សិក្សាស្រាវជ្រាវ​ ស្តីពីការរៀបចំ​ និងការអនុវត្តគោលនយោបាយ​សារពើពន្ធសំខាន់ ត្រូវបានរៀបចំ ៤. របាយការណ៍វឌ្ឍនភាព ស្តីពីការអនុវត្តការរៀបចំផែនការមេ​ ដើម្បីប្រែក្លាយខេត្តព្រះសីហនុទៅជាតំបន់សេដ្ឋកិច្ចពិសេសគំរូពហុបំណង | O20: ១. របាយការណ៍តាមដាន និងវាយតម្លៃសកម្មភាពដែលបានកំណត់ក្នុងកម្មវិធីកែទម្រង់ការគ្រប់គ្រងហិរញ្ញវត្ថុសាធារណៈរបស់នាយកដ្ឋានគោលនយោបាយម៉ាក្រូសេដ្ឋកិច្ច និងសារពើពន្ធ ២. ការសិក្សាលើធាតុចូលសម្រាប់ការវាយតម្លៃការផ្សារភ្ជាប់ថវិកា ទៅនឹងគោលនយោបាយអាទិភាពរបស់រាជរដ្ឋាភិបាល ត្រូវបានរៀបចំ ៣. របាយការណ៍សិក្សាស្រាវជ្រាវ​ ស្តីពីការរៀបចំ​ និងការអនុវត្តគោលនយោបាយ​សារពើពន្ធសំខាន់ ត្រូវបានរៀបចំ | P20: ១. របាយការណ៍តាមដាន និងវាយតម្លៃសកម្មភាពដែលបានកំណត់ក្នុងកម្មវិធីកែទម្រង់ការគ្រប់គ្រងហិរញ្ញវត្ថុសាធារណៈរបស់នាយកដ្ឋានគោលនយោបាយម៉ាក្រូសេដ្ឋកិច្ច និងសារពើពន្ធ ២. ការសិក្សាលើធាតុចូលសម្រាប់ការវាយតម្លៃការផ្សារភ្ជាប់ថវិកា ទៅនឹងគោលនយោបាយអាទិភាពរបស់រាជរដ្ឋាភិបាល ត្រូវបានរៀបចំ ៣. របាយការណ៍សិក្សាស្រាវជ្រាវ​ ស្តីពីការរៀបចំ​ និងការអនុវត្តគោលនយោបាយ​សារពើពន្ធសំខាន់ ត្រូវបានរៀបចំ
B21: 8 | D21: 2 | H21: -សកម្មភាពទី៦ : ពង្រឹងសេវាគាំទ្រកិច្ចប្រតិបត្តិការ និងការងារសម្របសម្រួលសម្រាប់នាយកដ្ឋានគោលនយោបាយ ម៉ាក្រូសេដ្ឋកិច្ច និងសារពើពន្ធ | K21: សេវាគាំទ្រកិច្ចប្រតិបត្តិការ និងការងារ សម្របសម្រួល សម្រាប់នាយកដ្ឋានគោលនយោបាយម៉ាក្រូសេដ្ឋកិច្ច និងសារពើពន្ធត្រូវបានពង្រឹង | L21: ១.រៀបចំរបាយការណ៍លទ្ធផលការងាររបស់នាយកដ្ឋាន ២.រៀបចំផែនការសកម្មភាព និងថវិកា រួមជាមួយរបាយការណ៍វឌ្ឍភាពការអនុវត្តថវិកាកម្មវិធី ៣.រៀបចំ និងសម្របសម្រួលកិច្ចប្រជុំ និងសិក្ខាសាលាពាក់ព័ន្ធរបស់នាយកដ្ឋាន | M21: ១.រៀបចំសេវាគាំទ្រកិច្ចប្រតិបត្តិការ និងការងារ សម្របសម្រួល សម្រាប់នាយកដ្ឋានគោល នយោបាយម៉ាក្រូសេដ្ឋកិច្ច និងសារពើពន្ធ ២.របាយការលទ្ធផលការងាររបស់នាយកដ្ឋានត្រូវរៀបចំ ប្រកបដោយតម្លាភាព និងគណនេយ្យភាព ៣.ផែនការសកម្មភាព និងថវិកាដើម្បីគាំទ្រ និងធានានូវប្រសិទ្ធភាពនៃប្រតិបត្តិការ រួមជាមួយ របាយការណ៍វឌ្ឍភាពការអនុវត្តថវិកាកម្មវិធីនឹងត្រូវរៀបចំ | N21: រៀបចំសកម្មភាពលម្អិតជាងមុន | O21: ១.រៀបចំរបាយការណ៍ហិរញ្ញវត្ថុ និងរបាយការណ៍សមិទ្ធកម្ម នៃការអនុវត្តថវិកាកម្មវិធី ២.រៀបចំរបាយការណ៍ពាក់ព័ន្ធ និងកិច្ចបញ្ជិការគណនេយ្យប្រចាំខែ ប្រចាំឆមាស និងប្រចាំឆ្នាំ ៣.រៀបចំផែនការគ្រោងចំណូល-ចំណាយថវិកាប្រចាំត្រីមាស ៤.បូកសរុបផែនការយុទ្ធសាស្ត្រថវិកា BSP និង ផែនការថវិកា ៥.. រៀបចំទូទាត់ប្រាក់បៀវត្សប្រចាំខែជូនមន្រ្តីរាជការថ្នាក់ដឹកនាំនិងមន្រ្តីជាប់កិច្ចសន្យាដែលបម្រើការងារនៅអគ្គនាយកដ្ឋានគោលនយោបាយ ៦. កិច្ចការរដ្ឋបាលផ្សេងៗរបស់នាយកដ្ឋានត្រូវសម្របសម្រួលប្រកបដោយគុណភាព និងទាន់ពេលវេលា ។ | P21: ១.រៀបចំរបាយការណ៍ហិរញ្ញវត្ថុ និងរបាយការណ៍សមិទ្ធកម្ម នៃការអនុវត្តថវិកាកម្មវិធី ២.រៀបចំរបាយការណ៍ពាក់ព័ន្ធ និងកិច្ចបញ្ជិការគណនេយ្យប្រចាំខែ ប្រចាំឆមាស និងប្រចាំឆ្នាំ ៣.រៀបចំផែនការគ្រោងចំណូល-ចំណាយថវិកាប្រចាំត្រីមាស ៤.បូកសរុបផែនការយុទ្ធសាស្ត្រថវិកា BSP និង ផែនការថវិកា ៥.. រៀបចំទូទាត់ប្រាក់បៀវត្សប្រចាំខែជូនមន្រ្តីរាជការថ្នាក់ដឹកនាំនិងមន្រ្តីជាប់កិច្ចសន្យាដែលបម្រើការងារនៅអគ្គនាយកដ្ឋានគោលនយោបាយ ៦. កិច្ចការរដ្ឋបាលផ្សេងៗរបស់នាយកដ្ឋានត្រូវសម្របសម្រួលប្រកបដោយគុណភាព និងទាន់ពេលវេលា ។ | Q21: =IF(OR(J21>0,K21<>0,L21<>0,M21<>0),"ok","-") -> ok
D22: 3 | F22: 1010103 | G22: =$G$2&"03" -> 1010103 | H22: =VLOOKUP($G22,[4]BSP1!$B$12:$D$207,3) -> ១.១.៣. ចង្កោមសកម្មភាពទី៣ : លើកកម្ពស់ការងារស្ថិតិសេដ្ឋកិច្ចនិងហិរញ្ញវត្ថុសាធារណៈ | J22: =VLOOKUP($G22,[4]BSP4!$B$12:$F$187,5,FALSE) -> 492.2 | Q22: =IF(OR(J22>0,K22<>0,L22<>0,M22<>0),"ok","-") -> ok
B23: 9 | D23: 3 | H23: សូចនាករទី១៖ ការរៀបចំចងក្រងស្ថិតិ និងការតាមដានស្ថិតិត្រូវបានពង្រឹង | K23: ១.របាយការណ៍តាមដាននិន្នាការសេដ្ឋកិច្ច និងហិរញ្ញវត្ថុសាធារណៈនិងកម្រងស្ថិតិចំនួន៦៧ ត្រូវបានរៀបចំនិងពង្រីកវិសាលភាព | L23: ១. របាយការណ៍តាមដាននិន្នាការហិរញ្ញវត្ថុសាធារណៈ (រយៈពេលខ្លី)​ ចំនួន ២៨ ក្នុង១ឆ្នាំ​ ត្រូវបានរៀបចំ | M23: ១. របាយការណ៍និងកម្រងស្ថិតិតាមដាននិន្នាការហិរញ្ញវត្ថុសាធារណៈ (រយៈពេលខ្លី)​ ចំនួន ២៨ ក្នុង១ឆ្នាំ​ ត្រូវបានរៀបចំ | O23: ១. របាយការណ៍និងកម្រងស្ថិតិតាមដាននិន្នាការហិរញ្ញវត្ថុសាធារណៈ (រយៈពេលខ្លី)​ ចំនួន ២៨ ក្នុង១ឆ្នាំ​ ត្រូវបានរៀបចំ | P23: ១. របាយការណ៍និងកម្រងស្ថិតិតាមដាននិន្នាការហិរញ្ញវត្ថុសាធារណៈ (រយៈពេលខ្លី)​ ចំនួន ២៨ ក្នុង១ឆ្នាំ​ ត្រូវបានរៀបចំ | Q23: =IF(OR(J23>0,K23<>0,L23<>0,M23<>0),"ok","-") -> ok
B24: 10 | D24: 3 | H24: សូចនាករទី២៖ ការរៀបចំចងក្រងស្ថិតិ និងការតាមដានស្ថិតិត្រូវបានពង្រឹង | K24: ២.កម្រង/តារាងស្ថិតិតាមដាននិន្នាការថ្លៃទំនិញក្នុងស្រុកនិងអន្តរជាតិ ចំនួន៤ ត្រូវបានរៀបចំ | L24: ២. របាយការណ៍​និងកម្រងស្ថិតិតាមដាននិន្នាការសេដ្ឋកិច្ចនិងពាណិជ្ជកម្ម (រយៈពេលខ្លី) ចំនួន ៣៩ ត្រូវបានរៀបចំ | M24: ២. របាយការណ៍​និងកម្រងស្ថិតិតាមដាននិន្នាការសេដ្ឋកិច្ចនិងពាណិជ្ជកម្ម (រយៈពេលខ្លី) ចំនួន ៣៩ ត្រូវបានរៀបចំ | O24: ២. របាយការណ៍​និងកម្រងស្ថិតិតាមដាននិន្នាការសេដ្ឋកិច្ចនិងពាណិជ្ជកម្ម (រយៈពេលខ្លី) ចំនួន ៣៩ ត្រូវបានរៀបចំ | P24: ២. របាយការណ៍​និងកម្រងស្ថិតិតាមដាននិន្នាការសេដ្ឋកិច្ចនិងពាណិជ្ជកម្ម (រយៈពេលខ្លី) ចំនួន ៣៩ ត្រូវបានរៀបចំ | Q24: =IF(OR(J24>0,K24<>0,L24<>0,M24<>0),"ok","-") -> ok
B25: 11 | D25: 3 | H25: សូចនាករទី៣៖ ការរៀបចំចងក្រងស្ថិតិ និងការតាមដានស្ថិតិត្រូវបានពង្រឹង | L25: ៣. របាយការណ៍តាមដាននិន្នាការថ្លៃទំនិញ និងសេវាក្នុងស្រុក​ចំនួន៦ ( ប្រចាំត្រីមាស និងឆមាស) និងរបាយការណ៍អង្កេតថ្លៃសំបុត្រយន្តហោះ ចំនួន ៤ ត្រូវបានរៀបចំ | M25: ៣. របាយការណ៍តាមដាននិន្នាការថ្លៃទំនិញ និងសេវាក្នុងស្រុក​ចំនួន៦ ( ប្រចាំត្រីមាស និងឆមាស) និងរបាយការណ៍អង្កេតថ្លៃសំបុត្រយន្តហោះ ចំនួន ៤ ត្រូវបានរៀបចំ | O25: ៣. របាយការណ៍តាមដាននិន្នាការថ្លៃទំនិញ និងសេវាក្នុងស្រុក​ចំនួន៦ ( ប្រចាំត្រីមាស និងឆមាស) និងរបាយការណ៍អង្កេតថ្លៃសំបុត្រយន្តហោះ ចំនួន ៤ ត្រូវបានរៀបចំ | P25: ៣. របាយការណ៍តាមដាននិន្នាការថ្លៃទំនិញ និងសេវាក្នុងស្រុក​ចំនួន៦ ( ប្រចាំត្រីមាស និងឆមាស) និងរបាយការណ៍អង្កេតថ្លៃសំបុត្រយន្តហោះ ចំនួន ៤ ត្រូវបានរៀបចំ | Q25: =IF(OR(J25>0,K25<>0,L25<>0,M25<>0),"ok","-") -> ok
B26: 12 | D26: 3 | H26: សូចនាករទី៤៖ ការរៀបចំចងក្រងស្ថិតិ និងការតាមដានស្ថិតិត្រូវបានពង្រឹង | L26: ៤.ផលិតផលទិន្នន័យស្ថិតិសេដ្ឋកិច្ច,ហិរញ្ញវត្ថុ និងថ្លៃទំនិញ (តារាង/កម្រង/ព្រឹត្តប័ត្រ) ចំនួន ៩៤ ត្រូវបានរៀបចំ | M26: ៤.ផលិតផលទិន្នន័យស្ថិតិសេដ្ឋកិច្ច,ហិរញ្ញវត្ថុ និងថ្លៃទំនិញ (តារាង/កម្រង/ព្រឹត្តប័ត្រ) ចំនួន ៩៤ ត្រូវបានរៀបចំ | O26: ៤.ផលិតផលទិន្នន័យស្ថិតិសេដ្ឋកិច្ច,ហិរញ្ញវត្ថុ និងថ្លៃទំនិញ (តារាង/កម្រង/ព្រឹត្តប័ត្រ) ចំនួន ៩៤ ត្រូវបានរៀបចំ | P26: ៤.ផលិតផលទិន្នន័យស្ថិតិសេដ្ឋកិច្ច,ហិរញ្ញវត្ថុ និងថ្លៃទំនិញ (តារាង/កម្រង/ព្រឹត្តប័ត្រ) ចំនួន ៩៤ ត្រូវបានរៀបចំ | Q26: =IF(OR(J26>0,K26<>0,L26<>0,M26<>0),"ok","-") -> ok
D27: 4 | F27: 1010104 | G27: =$G$2&"04" -> 1010104 | H27: =VLOOKUP($G27,[4]BSP1!$B$12:$D$207,3) -> ១.១.៤. ចង្កោមសកម្មភាពទី៤ : លើកកម្ពស់កិច្ចការសមាហរណកម្មសេដ្ឋកិច្ច និងសហប្រតិបត្តិការហិរញ្ញវត្ថុនិងរូបិយវត្ថុ | J27: =VLOOKUP($G27,[4]BSP4!$B$12:$F$187,5,FALSE) -> 899.6 | Q27: =IF(OR(J27>0,K27<>0,L27<>0,M27<>0),"ok","-") -> ok
B28: 13 | D28: 4 | H28: សូចនាករទី១៖ វឌ្ឍនភាពស្តីពីការតាមដាន សម្របសម្រួល និងអនុវត្តយន្តការសហប្រតិបត្តិការហិរញ្ញវត្ថុ និងរូបិយវត្ថុអាស៊ាន និងជាមួយប្រទេសដៃគូប្រចាំឆ្នាំ ត្រូវបានវាយតម្លៃ | K28: ១. របាយការណ៏ស្តីពីសមាហរណកម្មសេដ្ឋកិច្ចនិងសហប្រតិបត្តិហិរញ្ញវត្ថុ និងរូបិយវត្ថុប្រចាំឆ្នាំ ២០២១ ត្រូវបានរៀបចំ | L28: ១. របាយការណ៍ស្តីពីសហប្រតិបត្តិការហិរញ្ញវត្ថុនិងរូបិយវត្ថុអាស៊ាននិងជាមួយប្រទេសដៃគូសម្រាប់ឆមាសទី១ ត្រូវបានរៀបចំ | M28: ១. របាយការណ៏ស្តីពីសមាហរណកម្មសេដ្ឋកិច្ចនិងសហប្រតិបត្តិហិរញ្ញវត្ថុ និងរូបិយវត្ថុប្រចាំឆ្នាំ ២០២៣ ត្រូវបានរៀបចំ | O28: ១.របាយការណ៍ស្តីពីសហប្រតិបត្តិការហិរញ្ញវត្ថុនិងរូបិយវត្ថុអាស៊ាននិងជាមួយប្រទេសដៃគូប្រចាំឆ្នាំ ២០២៤ ត្រូវបានរៀបចំ | P28: ១.របាយការណ៍ស្តីពីសហប្រតិបត្តិការហិរញ្ញវត្ថុនិងរូបិយវត្ថុអាស៊ាននិងជាមួយប្រទេសដៃគូប្រចាំឆ្នាំ ២០២៥ ត្រូវបានរៀបចំ | Q28: =IF(OR(J28>0,K28<>0,L28<>0,M28<>0),"ok","-") -> ok
K29: ២. របាយការណ៏រួមស្តីពីការតាមដាន សម្របសម្រួល និង អនុវត្តកិច្ចព្រមព្រៀងពាណិជ្ជកម្មសេរីអាស៊ាននិងជាមួយប្រទេសដៃគូប្រចាំឆ្នាំ ២០២១ ត្រូវបានរៀបចំ | L29: ២. របាយការណ៍ស្តីពីកិច្ចព្រមព្រៀងពាណិជ្ជកម្មសេរី អាស៊ាននិងជាមួយប្រទេសដៃគូសម្រាប់ឆមាសទី១ ត្រូវបានរៀបចំ | M29: ២. របាយការណ៏រួមស្តីពីការតាមដាន សម្របសម្រួល និង អនុវត្តកិច្ចព្រមព្រៀងពាណិជ្ជកម្មសេរីអាស៊ាននិងជាមួយប្រទេសដៃគូប្រចាំឆ្នាំ ២០២៣ ត្រូវបានរៀបចំ | O29: ២.របាយការណ៍ស្តីពីកិច្ចព្រមព្រៀងពាណិជ្ជកម្មសេរី អាស៊ាននិងជាមួយប្រទេសដៃគូប្រចាំឆ្នាំ ២០២៤ ត្រូវបានរៀបចំ | P29: ២.របាយការណ៍ស្តីពីកិច្ចព្រមព្រៀងពាណិជ្ជកម្មសេរី អាស៊ាននិងជាមួយប្រទេសដៃគូប្រចាំឆ្នាំ ២០២៥ ត្រូវបានរៀបចំ | Q29: =IF(OR(J29>0,K29<>0,L29<>0,M29<>0),"ok","-") -> ok
K30: ៣. របាយការណ៏រួមស្តីពីការតាមដាន សម្របសម្រួល និងអនុវត្តការងារពាក់ព័ន្ធនានាក្នុងនាមជាលេខាធិការ ដ្ឋានរបស់គណៈកម្មាធិការជាតិសម្រាប់វិធានការមិនមែនពន្ធនិងនិហិតដ្ឋានជាតិ ពត៌មានពាក់ព័ន្ធនឹងពាណិជ្ជកម្មប្រចាំឆ្នាំ ២០២១ ត្រូវបានរៀបចំ | L30: ៣. របាយការណ៍ស្តីពីការងារពាក់ព័ន្ធនានាក្នុងនាមជាលេខាធិការដ្ឋានរបស់គណៈកម្មាធិការជាតិសម្រាប់វិធានការមិនមែនពន្ធ និងនិហិតដ្ឋានជាតិពត៌មានពាក់ព័ន្ធនឹងពាណិជ្ជកម្មសម្រាប់ឆមាសទី១ បានបញ្ចប់សេចក្តីព្រាង | M30: ៣. របាយការណ៏រួមស្តីពីការតាមដាន សម្របសម្រួល និងអនុវត្តការងារពាក់ព័ន្ធនានាក្នុងនាមជាលេខាធិការដ្ឋានរបស់គណៈកម្មាធិការជាតិសម្រាប់វិធានការមិនមែនពន្ធនិងនិហិត ដ្ឋានជាតិ ពត៌មានពាក់ព័ន្ធនឹងពាណិជ្ជកម្មប្រចាំឆ្នាំ ២០២៣ ត្រូវបានរៀបចំ | O30: ៣.របាយការណ៍ស្តីពីការងារពាក់ព័ន្ធនានាក្នុងនាមជាលេខាធិការដ្ឋានរបស់គណៈកម្មាធិការជាតិសម្រាប់វិធានការមិនមែនពន្ធ និងនិហិតដ្ឋានជាតិពត៌មានពាក់ព័ន្ធនឹងពាណិជ្ជកម្មប្រចាំឆ្នាំ២០២៤ បានរៀបចំ | P30: ៣.របាយការណ៍ស្តីពីការងារពាក់ព័ន្ធនានាក្នុងនាមជាលេខាធិការដ្ឋានរបស់គណៈកម្មាធិការជាតិសម្រាប់វិធានការមិនមែនពន្ធ និងនិហិតដ្ឋានជាតិពត៌មានពាក់ព័ន្ធនឹងពាណិជ្ជកម្មប្រចាំឆ្នាំ២០២៥ បានរៀបចំ | Q30: =IF(OR(J30>0,K30<>0,L30<>0,M30<>0),"ok","-") -> ok
K31: ៤. របាយការណ៏ស្តីពី (១)សិក្ខាសាលាផ្សព្វផ្សាយ ស្តីពីការអនុវត្តកិច្ចព្រមព្រៀងពាណិជ្ជកម្មសេរីអាស៊ាន និងអាស៊ានជាមួយដៃគូ និង (២)សិក្ខាសាលាជាតិស្តីពីការងារពាក់ព័ន្ធនឹគណៈ កម្មាធិការជាតិសម្រាប់វិធានការមិនមែនពន្ធនិងនិហិតដ្ឋានជាតិពត៌មានពាក់ព័ន្ធនឹងពាណិជ្ជកម្ម មិនត្រូវបានរៀបចំ | L31: ៤. កិច្ចប្រជុំអនុគណៈកម្មាការវិធានអាស៊ានស្តីពីដើមកំណើត (SCA-ROO) និងសិក្ខាសាលាជាតិស្តីពីការងារពាក់ព័ន្ធនឹងគណៈកម្មាធិការជាតិសម្រាប់វិធានការមិនមែនពន្ធនិងនិហិតដ្ឋានជាតិព័ត៌មានពាក់ព័ន្ធនឹងពាណិជ្ជកម្ម សម្រាប់ឆមាសទី១ មិនទាន់ត្រូវបានរៀបចំ | M31: ៤. បាយការណ៏ស្តីពី (១)សិក្ខាសាលាផ្សព្វផ្សាយស្តីពីការអនុវត្តកិច្ចព្រមព្រៀងពាណិជ្ជកម្មសេរីអាស៊ាន និងអាស៊ានជាមួយដៃគូ និង (២)សិក្ខាសាលាជាតិស្តីពីការងារពាក់ព័ន្ធនឹគណៈ កម្មាធិការជាតិសម្រាប់វិធានការមិនមែនពន្ធនិងនិហិតដ្ឋានជាតិពត៌មានពាក់ព័ន្ធនឹងពាណិជ្ជកម្ម ប្រចាំឆ្នាំ ២០២៣ ត្រូវបានរៀបចំ | O31: ៤.របាយការណ៏ស្តីពី (១)សិក្ខាសាលាផ្សព្វផ្សាយស្តីពីការអនុវត្តកិច្ចព្រមព្រៀងពាណិជ្ជកម្មសេរីអាស៊ាន និងអាស៊ានជាមួយដៃគូ និង (២)សិក្ខាសាលាជាតិស្តីពីការងារពាក់ព័ន្ធនឹគណៈ កម្មាធិការជាតិសម្រាប់វិធានការមិនមែនពន្ធនិងនិហិតដ្ឋានជាតិពត៌មានពាក់ព័ន្ធនឹងពាណិជ្ជកម្ម ប្រចាំឆ្នាំ២០២៤ ត្រូវបានរៀបចំ។ | P31: ៤.របាយការណ៏ស្តីពី (១)សិក្ខាសាលាផ្សព្វផ្សាយស្តីពីការអនុវត្តកិច្ចព្រមព្រៀងពាណិជ្ជកម្មសេរីអាស៊ាន និងអាស៊ានជាមួយដៃគូ និង (២)សិក្ខាសាលាជាតិស្តីពីការងារពាក់ព័ន្ធនឹគណៈ កម្មាធិការជាតិសម្រាប់វិធានការមិនមែនពន្ធនិងនិហិតដ្ឋានជាតិពត៌មានពាក់ព័ន្ធនឹងពាណិជ្ជកម្ម ប្រចាំឆ្នាំ២០២៥ ត្រូវបានរៀបចំ។ | Q31: =IF(OR(J31>0,K31<>0,L31<>0,M31<>0),"ok","-") -> ok
H32: -សូចនាករទី៥ : ... | Q32: =IF(OR(J32>0,K32<>0,L32<>0,M32<>0),"ok","-") -> -
H33: -សូចនាករទី៦ : ... | Q33: =IF(OR(J33>0,K33<>0,L33<>0,M33<>0),"ok","-") -> -
D34: 5 | F34: 1010105 | G34: =$G$2&"05" -> 1010105 | H34: =VLOOKUP($G34,[4]BSP1!$B$12:$D$207,3) -> ១.១.៥. ចង្កោមសកម្មភាពទី ៥ : លើកកម្ពស់គោលនយោបាយលើវិស័យសេដ្ឋកិច្ចថ្មី | J34: =VLOOKUP($G34,[4]BSP4!$B$12:$F$187,5,FALSE) -> 250 | Q34: =IF(OR(J34>0,K34<>0,L34<>0,M34<>0),"ok","-") -> ok
B35: 14 | D35: 5 | H35: -សូចនាករទី១ : លទ្ធផលសិក្សាពាក់ព័ន្ធការកំណត់ និងការលើកកម្ពស់ប្រភពកំណើនថ្មី និងការគិតគូរជាយុទ្ធសាស្ត្ររយៈពេលវែង ត្រូវបានរៀបចំ | K35: គ្មាន | L35: គ្មាន | M35: ១. របាយការណ៍លទ្ធផលសិក្សាពាក់ព័ន្ធការកំណត់ និងការលើកកម្ពស់ប្រភពកំណើនថ្មី និងការគិតគូរជាយុទ្ធសាស្ត្ររយៈពេលវែង ត្រូវបានរៀបចំ | O35: ១. របាយការណ៍លទ្ធផលសិក្សាពាក់ព័ន្ធការកំណត់ និងការលើកកម្ពស់ប្រភពកំណើនថ្មី និងការគិតគូរជាយុទ្ធសាស្ត្ររយៈពេលវែង ត្រូវបានរៀបចំ | P35: ១. របាយការណ៍លទ្ធផលសិក្សាពាក់ព័ន្ធការកំណត់ និងការលើកកម្ពស់ប្រភពកំណើនថ្មី និងការគិតគូរជាយុទ្ធសាស្ត្ររយៈពេលវែង ត្រូវបានរៀបចំ | Q35: =IF(OR(J35>0,K35<>0,L35<>0,M35<>0),"ok","-") -> ok
B36: 15 | D36: 5 | H36: -សូចនាករទី២ : លទ្ធផលសិក្សាពាក់ព័ន្ធសេដ្ឋកិច្ចបៃតង, ការលើកកម្ពស់ការប្រើប្រាស់ថាមពលបៃតង, សេដ្ឋកិច្ចឌីជីថល និងការជំរុញការអនុវត្ត​បរិវត្តកម្មឌីជីថល ត្រូវបានរៀបចំ | K36: គ្មាន | L36: គ្មាន | M36: ២. របាយការណ៍លទ្ធផលសិក្សាពាក់ព័ន្ធសេដ្ឋកិច្ចបៃតង និង ការលើកកម្ពស់ការប្រើប្រាស់ថាមពលបៃតង និងប្រសិទ្ធភាពថាមពល ត្រូវបានរៀបចំ | O36: ២. របាយការណ៍លទ្ធផលសិក្សាពាក់ព័ន្ធសេដ្ឋកិច្ចបៃតង និង ការលើកកម្ពស់ការប្រើប្រាស់ថាមពលបៃតង និងប្រសិទ្ធភាពថាមពល ត្រូវបានរៀបចំ | P36: ២. របាយការណ៍លទ្ធផលសិក្សាពាក់ព័ន្ធសេដ្ឋកិច្ចបៃតង និង ការលើកកម្ពស់ការប្រើប្រាស់ថាមពលបៃតង និងប្រសិទ្ធភាពថាមពល ត្រូវបានរៀបចំ | Q36: =IF(OR(J36>0,K36<>0,L36<>0,M36<>0),"ok","-") -> ok
B37: 16 | D37: 5 | K37: គ្មាន | L37: គ្មាន | M37: ៣. របាយការណ៍លទ្ធផលសិក្សាពាក់ព័ន្ធនឹងសេដ្ឋកិច្ចឌីជីថល និងការជំរុញការអនុវត្ត​បរិវត្តកម្មឌីជីថល ត្រូវបានរៀបចំ | O37: ៣. របាយការណ៍លទ្ធផលសិក្សាពាក់ព័ន្ធនឹងសេដ្ឋកិច្ចឌីជីថល និងការជំរុញការអនុវត្ត​បរិវត្តកម្មឌីជីថល ត្រូវបានរៀបចំ | P37: ៣. របាយការណ៍លទ្ធផលសិក្សាពាក់ព័ន្ធនឹងសេដ្ឋកិច្ចឌីជីថល និងការជំរុញការអនុវត្ត​បរិវត្តកម្មឌីជីថល ត្រូវបានរៀបចំ
B38: 17 | D38: 5 | H38: -សូចនាករទី៣ : របាយការណ៍ស្តីពីការអនុវត្តគម្រោងមូលនិធិអភិវឌ្ឍន៍ជំនាញ (SDF) និង “មូលនិធិអភិវឌ្ឍន៍សហគ្រិនភាព (EDF)” ប្រចាំឆ្នាំ ២០២២​ និងពាក់កណ្តាលឆ្នាំ ២០២៣ ត្រូវបានរៀបចំ | K38: គ្មាន | L38: គ្មាន | M38: ៤. របាយការណ៍ស្តីពីការអនុវត្តគម្រោងមូលនិធិអភិវឌ្ឍន៍ជំនាញ (SDF) និង “មូលនិធិអភិវឌ្ឍន៍សហគ្រិនភាព (EDF)” ប្រចាំឆ្នាំ ២០២២​ និងពាក់កណ្តាលឆ្នាំ ២០២៣ ត្រូវបានរៀបចំ | O38: ៤. របាយការណ៍ស្តីពីការអនុវត្តគម្រោងមូលនិធិអភិវឌ្ឍន៍ជំនាញ (SDF) និង “មូលនិធិអភិវឌ្ឍន៍សហគ្រិនភាព (EDF)” ប្រចាំឆ្នាំ ២០២២៣ និងពាក់កណ្តាលឆ្នាំ ២០២៤ ត្រូវបានរៀបចំ | P38: ៤. របាយការណ៍ស្តីពីការអនុវត្តគម្រោងមូលនិធិអភិវឌ្ឍន៍ជំនាញ (SDF) និង “មូលនិធិអភិវឌ្ឍន៍សហគ្រិនភាព (EDF)” ប្រចាំឆ្នាំ ២០២២៤ និងពាក់កណ្តាលឆ្នាំ ២០២៥ ត្រូវបានរៀបចំ
B39: 18 | D39: 5 | H39: '-សូចនាករទី៤ : ការតាមដានការអនុវត្តគោលនយោបាយនិងយុទ្ធសាស្ត្រពាក់ព័ន្ធ​​នឹងការលើកទឹកចិត្តសារពើពន្ធ និងមិនមែនសារពើពន្ធដើម្បីជំរុញកំណើនសេដ្ឋកិច្ច ត្រូវបានពង្រឹង | K39: គ្មាន | L39: គ្មាន | M39: ៥. របាយការណ៍ស្តីពីការតាមដានការអនុវត្តគោលនយោបាយនិងយុទ្ធសាស្ត្រពាក់ព័ន្ធ​​នឹងការលើកទឹកចិត្តសារពើពន្ធ និងមិនមែនសារពើពន្ធដើម្បីជំរុញកំណើនសេដ្ឋកិច្ច ត្រូវបានរៀបចំ | O39: ៥. របាយការណ៍ស្តីពីការតាមដានការអនុវត្តគោលនយោបាយនិងយុទ្ធសាស្ត្រពាក់ព័ន្ធ​​នឹងការលើកទឹកចិត្តសារពើពន្ធ និងមិនមែនសារពើពន្ធដើម្បីជំរុញកំណើនសេដ្ឋកិច្ច ត្រូវបានរៀបចំ | P39: ៥. របាយការណ៍ស្តីពីការតាមដានការអនុវត្តគោលនយោបាយនិងយុទ្ធសាស្ត្រពាក់ព័ន្ធ​​នឹងការលើកទឹកចិត្តសារពើពន្ធ និងមិនមែនសារពើពន្ធដើម្បីជំរុញកំណើនសេដ្ឋកិច្ច ត្រូវបានរៀបចំ | Q39: =IF(OR(J39>0,K39<>0,L39<>0,M39<>0),"ok","-") -> ok
H40: -សូចនាករទី៤ : ... | Q40: =IF(OR(J40>0,K40<>0,L40<>0,M40<>0),"ok","-") -> -
H41: -សូចនាករទី៥ : ... | Q41: =IF(OR(J41>0,K41<>0,L41<>0,M41<>0),"ok","-") -> -
H42: -សូចនាករទី៦ : ... | Q42: =IF(OR(J42>0,K42<>0,L42<>0,M42<>0),"ok","-") -> -
D43: 6 | F43: 1010106 | G43: =$G$2&"06" -> 1010106 | H43: =VLOOKUP($G43,[4]BSP1!$B$12:$D$207,3) -> ១.១.៦. ចង្កោមសកម្មភាពទី ៦ : រៀបចំ តាមដាន និងវាយតម្លៃ គោលនយោបាយពាក់ព័ន្ធនឹងប្រសិទ្ធភាពចំណាយ | J43: =VLOOKUP($G43,[4]BSP4!$B$12:$F$187,5,FALSE) -> 250 | Q43: =IF(OR(J43>0,K43<>0,L43<>0,M43<>0),"ok","-") -> ok
B44: 19 | D44: 6 | H44: សូចនាករទី១៖ កិច្ចការទូទៅ ត្រូវបានគ្រប់គ្រង ណិងសម្របសម្រួល | K44: គ្មាន | L44: គ្មាន | M44: ១.របាយការណ៍បូកសរុបការងារ,ការគ្រប់គ្រងរដ្ឋបាល, សម្របសម្រួលនិងទំនាក់ទំនងត្រូវបានរៀបចំ ចំនួន ១២ ២. របាយការណ៍ការគ្រប់គ្រងបញ្ជីសារពើភណ្ឌ ប្រចាំឆ្នាំ ត្រូវបានរៀបចំ | O44: ១.របាយការណ៍បូកសរុបការងារ,ការគ្រប់គ្រងរដ្ឋបាល, សម្របសម្រួលនិងទំនាក់ទំនងត្រូវបានរៀបចំ ចំនួន ១២ ២. របាយការណ៍ការគ្រប់គ្រងបញ្ជីសារពើភណ្ឌត្រូវបានរៀបចំគ្រប់ជ្រុងជ្រោយនិងត្រឹមត្រូវ។ | P44: ១.របាយការណ៍បូកសរុបការងារ,ការគ្រប់គ្រងរដ្ឋបាល, សម្របសម្រួលនិងទំនាក់ទំនងត្រូវបានរៀបចំ ចំនួន ១២ ២. របាយការណ៍ការគ្រប់គ្រងបញ្ជីសារពើភណ្ឌត្រូវបានរៀបចំគ្រប់ជ្រុងជ្រោយនិងត្រឹមត្រូវ។ | Q44: =IF(OR(J44>0,K44<>0,L44<>0,M44<>0),"ok","-") -> ok
B45: 20 | D45: 6 | H45: សូចនាករទី២៖ បញ្ជីថ្លៃទំនិញ និងសេវា ព្រមទាំងកំណត់ស្តង់ដារថ្លៃទំនិញនិងសេវា សម្រាប់ប្រើប្រាស់ក្នុងចំណាយសាធារណៈត្រូវបានរៀបចំ, ចងក្រង, តាមដាន វិភាគនិងផ្សព្វផ្សាយ | K45: គ្មាន | L45: គ្មាន | M45: ១. ឯកសារទស្សនទានស្តីពីស្តង់ដារបច្ចេកទេសក្នុងការគណនាថ្លៃដើមសម្រាប់ប្រើប្រាស់ក្នុងការប៉ាន់ស្មានតម្លៃគម្រោងវិនិយោគសាធារណៈ ចំនួន ១ ត្រូវបានរៀបចំ | O45: ១. ស្តង់ដារបច្ចេកទេសក្នុងការគណនាថ្លៃដើមសម្រាប់ប្រើប្រាស់ក្នុងការប៉ាន់ស្មានតម្លៃគម្រោងវិនិយោគសាធារណៈ ចំនួន ១ ត្រូវបានបញ្ចប់ការរៀបចំ | P45: ១. ស្តង់ដារបច្ចេកទេសក្នុងការគណនាថ្លៃដើមសម្រាប់ប្រើប្រាស់ក្នុងការប៉ាន់ស្មានតម្លៃគម្រោងវិនិយោគសាធារណៈត្រូវបានដាក់ឱ្យប្រើប្រាស់ | Q45: =IF(OR(J45>0,K45<>0,L45<>0,M45<>0),"ok","-") -> ok
B46: 21 | D46: 6 | H46: សូចនាករទី៣៖​ វិភាគ និងវាយតម្លៃលើសំណើគម្រោងវិនិយោគសាធារណៈ ត្រូវបានពង្រឹង | K46: គ្មាន | L46: គ្មាន | M46: ១. ឯកសារទសន្សទានស្តីពីការរៀបចំស្តង់ដារបច្ចេកទេសក្នុងការគណនាផលចំណេញសេដ្ឋកិច្ច​ និងហិរញ្ញវត្ថុ ចំនួន ១ ត្រូវបានរៀបចំ ២. ទសន្សកិច្ចសិក្សាស្តីពីការគ្រប់គ្រងវិនិយោគសាធារណៈ នៅក្រៅប្រទេស | O46: ១. ស្តង់ដារបច្ចេកទេសក្នុងការគណនាផលចំណេញសេដ្ឋកិច្ច​ និងហិរញ្ញវត្ថុ ចំនួន ១ ត្រូវបានបញ្ចប់ការរៀបចំ ២. ទសន្សកិច្ចសិក្សាស្តីពីការគ្រប់គ្រងវិនិយោគសាធារណៈ នៅក្រៅប្រទេស | P46: ១. ស្តង់ដារបច្ចេកទេសក្នុងការគណនាផលចំណេញសេដ្ឋកិច្ច​ និងហិរញ្ញវត្ថុត្រូវបានត្រូវបានដាក់ឱ្យប្រើប្រាស់ ២. ទសន្សកិច្ចសិក្សាស្តីពីការគ្រប់គ្រងវិនិយោគសាធារណៈ នៅក្រៅប្រទេស | Q46: =IF(OR(J46>0,K46<>0,L46<>0,M46<>0),"ok","-") -> ok
B47: 22 | D47: 6 | H47: សូចនាករទី៤៖ ការតាមដាន និងវាយតម្លៃ វិនិយោគសាធារណៈ ត្រូវបានពង្រឹង | K47: គ្មាន | L47: គ្មាន | M47: ១. សេចក្តីព្រាងឯកសារទស្សនទានស្តីពីការរៀបចំ ក្របខណ្ឌតាមដាន និងវាយតម្លៃ ចំនួន ១ ត្រូវបានរៀបចំ | O47: ១. ឯកសារទស្សនទានស្តីពីការរៀបចំ ក្របខណ្ឌតាមដាន និងវាយតម្លៃ ត្រូវបានបញ្ចប់រៀបចំ | P47: ១. ក្របខណ្ឌតាមដាន និងវាយតម្លៃ ត្រូវបានរៀបចំ និងដាក់ឱ្យប្រើប្រាស់ | Q47: =IF(OR(J47>0,K47<>0,L47<>0,M47<>0),"ok","-") -> ok
K48: គ្មាន | L48: គ្មាន | M48: ១. ទសន្សកិច្ចសិក្សាស្តីពីការគ្រប់គ្រងវិនិយោគសាធារណៈ នៅក្រៅប្រទេស | O48: ១. ទសន្សកិច្ចសិក្សាស្តីពីការគ្រប់គ្រងវិនិយោគសាធារណៈ នៅក្រៅប្រទេស | P48: ១. ទសន្សកិច្ចសិក្សាស្តីពីការគ្រប់គ្រងវិនិយោគសាធារណៈ នៅក្រៅប្រទេស | Q48: =IF(OR(J48>0,K48<>0,L48<>0,M48<>0),"ok","-") -> ok
H49: ១.‌១.៥.៤.សកម្មភាពទី៤៖ ការតាមដាន និងវាយតម្លៃ ការវិនិយោគសាធារណៈ | Q49: =IF(OR(J49>0,K49<>0,L49<>0,M49<>0),"ok","-") -> -
F50: 1010107 | G50: =$G$2&"07" -> 1010107 | H50: ១.‌១.៥.៥.សកម្មភាពទី៤៖ ការរៀបចំគោលនយោបាយ និងយុទ្ធសាស្រ្តវិនិយោគសាធារណៈ | J50: =VLOOKUP($G50,[4]BSP4!$B$12:$F$187,5,FALSE) -> 0 | Q50: =IF(OR(J50>0,K50<>0,L50<>0,M50<>0),"ok","-") -> -
H51: -សូចនាករទី១ : ... | Q51: =IF(OR(J51>0,K51<>0,L51<>0,M51<>0),"ok","-") -> -
H52: -សូចនាករទី២ : ... | Q52: =IF(OR(J52>0,K52<>0,L52<>0,M52<>0),"ok","-") -> -
H53: -សូចនាករទី៣ : ... | Q53: =IF(OR(J53>0,K53<>0,L53<>0,M53<>0),"ok","-") -> -
H54: -សូចនាករទី៤ : ... | Q54: =IF(OR(J54>0,K54<>0,L54<>0,M54<>0),"ok","-") -> -
H55: -សូចនាករទី៥ : ... | Q55: =IF(OR(J55>0,K55<>0,L55<>0,M55<>0),"ok","-") -> -
H56: -សូចនាករទី៦ : ... | Q56: =IF(OR(J56>0,K56<>0,L56<>0,M56<>0),"ok","-") -> -
F57: 1010108 | G57: =$G$2&"08" -> 1010108 | H57: =VLOOKUP($G57,[4]BSP1!$B$12:$D$207,3) -> ១.‌១.៦.៤.សកម្មភាពទី៤៖ ការតាមដាន និងវាយតម្លៃ ការវិនិយោគសាធារណៈ | J57: =VLOOKUP($G57,[4]BSP4!$B$12:$F$187,5,FALSE) -> 0 | Q57: =IF(OR(J57>0,K57<>0,L57<>0,M57<>0),"ok","-") -> -
H58: -សូចនាករទី១ : ... | Q58: =IF(OR(J58>0,K58<>0,L58<>0,M58<>0),"ok","-") -> -
H59: -សូចនាករទី២ : ... | Q59: =IF(OR(J59>0,K59<>0,L59<>0,M59<>0),"ok","-") -> -
H60: -សូចនាករទី៣ : ... | Q60: =IF(OR(J60>0,K60<>0,L60<>0,M60<>0),"ok","-") -> -
H61: -សូចនាករទី៤ : ... | Q61: =IF(OR(J61>0,K61<>0,L61<>0,M61<>0),"ok","-") -> -
H62: -សូចនាករទី៥ : ... | Q62: =IF(OR(J62>0,K62<>0,L62<>0,M62<>0),"ok","-") -> -
H63: -សូចនាករទី៦ : ... | Q63: =IF(OR(J63>0,K63<>0,L63<>0,M63<>0),"ok","-") -> -
F64: 1010109 | G64: =$G$2&"09" -> 1010109 | H64: =VLOOKUP($G64,[4]BSP1!$B$12:$D$207,3) -> ១.‌១.៦.៤.សកម្មភាពទី៤៖ ការតាមដាន និងវាយតម្លៃ ការវិនិយោគសាធារណៈ | J64: =VLOOKUP($G64,[4]BSP4!$B$12:$F$187,5,FALSE) -> 0 | Q64: =IF(OR(J64>0,K64<>0,L64<>0,M64<>0),"ok","-") -> -
H65: -សូចនាករទី១ : ... | Q65: =IF(OR(J65>0,K65<>0,L65<>0,M65<>0),"ok","-") -> -
H66: -សូចនាករទី២ : ... | Q66: =IF(OR(J66>0,K66<>0,L66<>0,M66<>0),"ok","-") -> -
H67: -សូចនាករទី៣ : ... | Q67: =IF(OR(J67>0,K67<>0,L67<>0,M67<>0),"ok","-") -> -
H68: -សូចនាករទី៤ : ... | Q68: =IF(OR(J68>0,K68<>0,L68<>0,M68<>0),"ok","-") -> -
H69: -សូចនាករទី៥ : ... | Q69: =IF(OR(J69>0,K69<>0,L69<>0,M69<>0),"ok","-") -> -
H70: -សូចនាករទី៦ : ... | Q70: =IF(OR(J70>0,K70<>0,L70<>0,M70<>0),"ok","-") -> -
F71: 1010110 | G71: =$G$2&"10" -> 1010110 | H71: =VLOOKUP($G71,[4]BSP1!$B$12:$D$207,3) -> ១.‌១.៦.៤.សកម្មភាពទី៤៖ ការតាមដាន និងវាយតម្លៃ ការវិនិយោគសាធារណៈ | J71: =VLOOKUP($G71,[4]BSP4!$B$12:$F$187,5,FALSE) -> 0 | Q71: =IF(OR(J71>0,K71<>0,L71<>0,M71<>0),"ok","-") -> -
H72: -សូចនាករទី១ : ... | Q72: =IF(OR(J72>0,K72<>0,L72<>0,M72<>0),"ok","-") -> -
H73: -សូចនាករទី២ : ... | Q73: =IF(OR(J73>0,K73<>0,L73<>0,M73<>0),"ok","-") -> -
H74: -សូចនាករទី៣ : ... | Q74: =IF(OR(J74>0,K74<>0,L74<>0,M74<>0),"ok","-") -> -
H75: -សូចនាករទី៤ : ... | Q75: =IF(OR(J75>0,K75<>0,L75<>0,M75<>0),"ok","-") -> -
H76: -សូចនាករទី៥ : ... | Q76: =IF(OR(J76>0,K76<>0,L76<>0,M76<>0),"ok","-") -> -
H77: -សូចនាករទី៦ : ... | Q77: =IF(OR(J77>0,K77<>0,L77<>0,M77<>0),"ok","-") -> -
F78: 1010111 | G78: =$G$2&"11" -> 1010111 | H78: =VLOOKUP($G78,[4]BSP1!$B$12:$D$207,3) -> ១.‌១.៦.៤.សកម្មភាពទី៤៖ ការតាមដាន និងវាយតម្លៃ ការវិនិយោគសាធារណៈ | J78: =VLOOKUP($G78,[4]BSP4!$B$12:$F$187,5,FALSE) -> 0 | Q78: =IF(OR(J78>0,K78<>0,L78<>0,M78<>0),"ok","-") -> -
H79: -សូចនាករទី១ : ... | Q79: =IF(OR(J79>0,K79<>0,L79<>0,M79<>0),"ok","-") -> -
H80: -សូចនាករទី២ : ... | Q80: =IF(OR(J80>0,K80<>0,L80<>0,M80<>0),"ok","-") -> -
H81: -សូចនាករទី៣ : ... | Q81: =IF(OR(J81>0,K81<>0,L81<>0,M81<>0),"ok","-") -> -
H82: -សូចនាករទី៤ : ... | Q82: =IF(OR(J82>0,K82<>0,L82<>0,M82<>0),"ok","-") -> -
H83: -សូចនាករទី៥ : ... | Q83: =IF(OR(J83>0,K83<>0,L83<>0,M83<>0),"ok","-") -> -
H84: -សូចនាករទី៦ : ... | Q84: =IF(OR(J84>0,K84<>0,L84<>0,M84<>0),"ok","-") -> -
F85: 1010112 | G85: =$G$2&"12" -> 1010112 | H85: =VLOOKUP($G85,[4]BSP1!$B$12:$D$207,3) -> ១.‌១.៦.៤.សកម្មភាពទី៤៖ ការតាមដាន និងវាយតម្លៃ ការវិនិយោគសាធារណៈ | J85: =VLOOKUP($G85,[4]BSP4!$B$12:$F$187,5,FALSE) -> 0 | Q85: =IF(OR(J85>0,K85<>0,L85<>0,M85<>0),"ok","-") -> -
H86: -សូចនាករទី១ : ... | Q86: =IF(OR(J86>0,K86<>0,L86<>0,M86<>0),"ok","-") -> -
H87: -សូចនាករទី២ : ... | Q87: =IF(OR(J87>0,K87<>0,L87<>0,M87<>0),"ok","-") -> -
H88: -សូចនាករទី៣ : ... | Q88: =IF(OR(J88>0,K88<>0,L88<>0,M88<>0),"ok","-") -> -
H89: -សូចនាករទី៤ : ... | Q89: =IF(OR(J89>0,K89<>0,L89<>0,M89<>0),"ok","-") -> -
H90: -សូចនាករទី៥ : ... | Q90: =IF(OR(J90>0,K90<>0,L90<>0,M90<>0),"ok","-") -> -
H91: -សូចនាករទី៦ : ... | Q91: =IF(OR(J91>0,K91<>0,L91<>0,M91<>0),"ok","-") -> -
F92: 1010113 | G92: =$G$2&"13" -> 1010113 | H92: =VLOOKUP($G92,[4]BSP1!$B$12:$D$207,3) -> ១.‌១.៦.៤.សកម្មភាពទី៤៖ ការតាមដាន និងវាយតម្លៃ ការវិនិយោគសាធារណៈ | J92: =VLOOKUP($G92,[4]BSP4!$B$12:$F$187,5,FALSE) -> 0 | Q92: =IF(OR(J92>0,K92<>0,L92<>0,M92<>0),"ok","-") -> -
H93: -សូចនាករទី១ : ... | Q93: =IF(OR(J93>0,K93<>0,L93<>0,M93<>0),"ok","-") -> -
H94: -សូចនាករទី២ : ... | Q94: =IF(OR(J94>0,K94<>0,L94<>0,M94<>0),"ok","-") -> -
H95: -សូចនាករទី៣ : ... | Q95: =IF(OR(J95>0,K95<>0,L95<>0,M95<>0),"ok","-") -> -
H96: -សូចនាករទី៤ : ... | Q96: =IF(OR(J96>0,K96<>0,L96<>0,M96<>0),"ok","-") -> -
H97: -សូចនាករទី៥ : ... | Q97: =IF(OR(J97>0,K97<>0,L97<>0,M97<>0),"ok","-") -> -
H98: -សូចនាករទី៦ : ... | Q98: =IF(OR(J98>0,K98<>0,L98<>0,M98<>0),"ok","-") -> -
F99: 1010114 | G99: =$G$2&"14" -> 1010114 | H99: =VLOOKUP($G99,[4]BSP1!$B$12:$D$207,3) -> ១.‌១.៦.៤.សកម្មភាពទី៤៖ ការតាមដាន និងវាយតម្លៃ ការវិនិយោគសាធារណៈ | J99: =VLOOKUP($G99,[4]BSP4!$B$12:$F$187,5,FALSE) -> 0 | Q99: =IF(OR(J99>0,K99<>0,L99<>0,M99<>0),"ok","-") -> -
H100: -សូចនាករទី១ : ... | Q100: =IF(OR(J100>0,K100<>0,L100<>0,M100<>0),"ok","-") -> -
...

Sheet BSP1_Cluster_Act_2_Entity
A1: id | B1: subprog_to_entity_id | E1: planning_id | F1: sub_program_id | G1: cluster_activity_id | H1: activity_id | I1: entity_id | J1: entity_member_id
C2: Check | D2: កូដកម្មវិធី | K2: ឈ្នោះកម្មវិធី និងអនុកម្មវិធី | M2: អ្នកគ្រប់គ្រង | N2: អង្គភាពទទួលខុសត្រូវ
D3: 101 | K3: កម្មវិធីទី១ : ការគ្រប់គ្រងវិស័យសេដ្ឋកិច្ច | M3: ឯកឧត្តម/លោកជំទាវ... | O3: =IF(AND(K3<>"",M3<>""),"ok","-") -> ok
C4: 101 | D4: 10101 | E4: 4 | F4: 1 | I4: 1 | J4: 1 | K4: ១.១. អនុកម្មវិធីទី១.១ : ការគ្រប់គ្រងគោលនយោបាយសេដ្ឋកិច្ច ហិរញ្ញវត្ថុ និងគោលនយោបាយតាមវិស័យផ្សេងៗ | L4: =RIGHT(M4,LEN(M4)-SEARCH(" ",M4)) -> ឈាង វណ្ណារិទ្ធ | M4: ឯកឧត្តម ឈាង វណ្ណារិទ្ធ | N4: អគ្គនាយកដ្ឋានគោលនយោបាយ | O4: =IF(AND(K4<>"",M4<>""),"ok","-") -> ok
A5: 1 | B5: 1 | C5: 10101 | D5: 1010101 | E5: 4 | F5: 1 | G5: 2 | I5: 29 | J5: 2 | K5: ១.១.១. ចង្កោមសកម្មភាពទី១ : គាំទ្រ សម្របសម្រួល និងគ្រប់គ្រងការងាររដ្ឋបាលរបស់អគ្គនាយកដ្ឋាន | L5: =RIGHT(M6,LEN(M6)-SEARCH(" ",M6)) -> ស្រ៊ន មុនីនាត | M5: លោក ស្រ៊ន មុនីនាត | N5: លេខាធិការដ្ឋាន | O5: =IF(AND(K5<>"",M5<>""),"ok","-") -> ok
C6: 1010101 | D6: 101010101 | E6: 4 | G6: 2 | H6: 1 | I6: 29 | J6: 2 | K6: ១.១.១.១. សកម្មភាពទី១ : បំពេញមុខជាលេខាធិការដ្ឋាន | L6: =RIGHT(M6,LEN(M6)-SEARCH(" ",M6)) -> ស្រ៊ន មុនីនាត | M6: លោក ស្រ៊ន មុនីនាត | N6: លេខាធិការដ្ឋាន | O6: =IF(AND(K6<>"",M6<>""),"ok","-") -> ok
C7: 1010101 | D7: 101010102 | E7: 4 | G7: 2 | H7: 2 | I7: 29 | J7: 2 | K7: ១.១.១.២. សកម្មភាពទី២ : ​ចូលរួមកិច្ចប្រជុំផ្សេងៗ ក្នុងនិងក្រៅប្រទេសរបស់ឯកឧត្តមអគ្គនាយក | L7: =RIGHT(M7,LEN(M7)-SEARCH(" ",M7)) -> ស្រ៊ន មុនីនាត | M7: លោក ស្រ៊ន មុនីនាត | N7: លេខាធិការដ្ឋាន | O7: =IF(AND(K7<>"",M7<>""),"ok","-") -> ok
C8: 1010101 | D8: 101010103 | H8: 3 | K8: ១.១.១.៣. សកម្មភាពទី៣ : | O8: =IF(AND(K8<>"",M8<>""),"ok","-") -> -
C9: 1010101 | D9: 101010104 | H9: 4 | K9: ១.១.១.៤. សកម្មភាពទី៤ : | O9: =IF(AND(K9<>"",M9<>""),"ok","-") -> -
C10: 1010101 | D10: 101010105 | H10: 5 | K10: ១.១.១.៥. សកម្មភាពទី៥ : | O10: =IF(AND(K10<>"",M10<>""),"ok","-") -> -
C11: 1010101 | D11: 101010106 | H11: 6 | K11: ១.១.១.៦. សកម្មភាពទី៦ : | O11: =IF(AND(K11<>"",M11<>""),"ok","-") -> -
C12: 1010101 | D12: 101010107 | H12: 7 | K12: ១.១.១.៧. សកម្មភាពទី៧ : | O12: =IF(AND(K12<>"",M12<>""),"ok","-") -> -
C13: 1010101 | D13: 101010108 | H13: 8 | K13: ១.១.១.៨. សកម្មភាពទី៨ : ​ | O13: =IF(AND(K13<>"",M13<>""),"ok","-") -> -
C14: 1010101 | D14: 101010109 | H14: 9 | K14: ១.១.១.៩. សកម្មភាពទី៩ : | O14: =IF(AND(K14<>"",M14<>""),"ok","-") -> -
C15: 1010101 | D15: 101010110 | H15: 10 | K15: ១.១.១.១០. សកម្មភាពទី១០ : ​ | O15: =IF(AND(K15<>"",M15<>""),"ok","-") -> -
C16: 1010101 | D16: 101010111 | H16: 11 | K16: ១.១.១.១១. សកម្មភាពទី១១ : | O16: =IF(AND(K16<>"",M16<>""),"ok","-") -> -
C17: 1010101 | D17: 101010112 | H17: 12 | K17: ១.១.១.១២. សកម្មភាពទី១២ : ​ | O17: =IF(AND(K17<>"",M17<>""),"ok","-") -> -
A18: 2 | B18: 1 | C18: 10101 | D18: 1010102 | E18: 4 | F18: 1 | G18: 3 | I18: 30 | J18: 7 | K18: ១.១.២. ចង្កោមសកម្មភាពទី២ : រៀបចំ កែលម្អ ត្រួតពិនិត្យ និងវាយតម្លៃគោលនយោបាយម៉ាក្រូសេដ្ឋកិច្ច និងសារពើពន្ធ | L18: =RIGHT(M18,LEN(M18)-SEARCH(" ",M18)) -> សែម សុភា | M18: លោកស្រី សែម សុភា | N18: នាយកដ្ឋានគោលនយោ​បាយ​ម៉ាក្រូសេដ្ឋកិច្ចនិងសារពើពន្ធ | O18: =IF(AND(K18<>"",M18<>""),"ok","-") -> ok
C19: 1010102 | D19: 101010201 | E19: 4 | G19: 2 | H19: 13 | I19: 172 | J19: 6 | K19: ១.១.២.១. សកម្មភាពទី១ : ធ្វើការស្រាវជ្រាវលើវឌ្ឍនភាព និងបញ្ហា អភិវឌ្ឍន៍សេដ្ឋកិច្ច ហិរញ្ញវត្ថុ និងវិស័យសំខាន់ៗ | L19: =RIGHT(M19,LEN(M19)-SEARCH(" ",M19)) -> ស៊ីន ស៊ីប | M19: លោក ស៊ីន ស៊ីប | N19: ការិយាល័យស្រាវជ្រាវ | O19: =IF(AND(K19<>"",M19<>""),"ok","-") -> ok
C20: 1010102 | D20: 101010202 | E20: 4 | G20: 2 | H20: 14 | I20: 173 | J20: 7 | K20: ១.១.២.២. សកម្មភាពទី២ : តាមដាន និងវាយតម្លៃការអនុវត្តគោលនយោបាយសារពើពន្ធ អនុលោមតាមគោលដៅយុទ្ធសាស្រ្តជាតិ | L20: =RIGHT(M20,LEN(M20)-SEARCH(" ",M20)) -> សែម សុភា | M20: កញ្ញា សែម សុភា | N20: ការិយាល័យវិភាគនិងព្យាករណ៍សារពើពន្ធ | O20: =IF(AND(K20<>"",M20<>""),"ok","-") -> ok
C21: 1010102 | D21: 101010203 | E21: 4 | G21: 2 | H21: 15 | I21: 174 | J21: 8 | K21: ១.១.២.៣. សកម្មភាពទី៣ : តាមដាន និងវាយតម្លៃការអនុវត្តយុទ្ធសាស្រ្ត និងគោលនយោបាយពាក់ព័ន្ធនឹងវិស័យសេដ្ឋកិច្ច-សង្គម | L21: =RIGHT(M21,LEN(M21)-SEARCH(" ",M21)) -> ឌី សេរីវិរៈ | M21: លោក ឌី សេរីវិរៈ | N21: ការិយាល័យគោលនយោបាយសេដ្ឋកិច្ច | O21: =IF(AND(K21<>"",M21<>""),"ok","-") -> ok
C22: 1010102 | D22: 101010204 | E22: 4 | G22: 2 | H22: 16 | I22: 175 | J22: 9 | K22: ១.១.២.៤. សកម្មភាពទី៤ : ពិនិត្យ តាមដាន និងវាយតម្លៃស្ថានភាពសេដ្ឋកិច្ច និងក្របខ័ណ្ឌម៉ាក្រូសេដ្ឋកិច្ចរយៈពេលមធ្យម | L22: =RIGHT(M22,LEN(M22)-SEARCH(" ",M22)) -> តាន់ ទ្បានីន | M22: លោកស្រី តាន់ ទ្បានីន | N22: ការិយាល័យវិភាគនិងព្យាករណ៍សេដ្ឋកិច្ច | O22: =IF(AND(K22<>"",M22<>""),"ok","-") -> ok
C23: 1010102 | D23: 101010205 | E23: 4 | G23: 2 | H23: 17 | I23: 176 | J23: 10 | K23: ១.១.២.៥. សកម្មភាពទី៥ : តាមដាន និងវិភាគគោលនយោបាយហិរញ្ញវត្ថុសាធារណៈ | L23: =RIGHT(M23,LEN(M23)-SEARCH(" ",M23)) -> ម៉ក់ វិចិត្រសក្កដា | M23: លោក ម៉ក់ វិចិត្រសក្កដា | N23: ការិយាល័យគោលនយោបាយហិរញ្ញវត្ថុសាធារណៈ | O23: =IF(AND(K23<>"",M23<>""),"ok","-") -> ok
C24: 1010102 | D24: 101010206 | E24: 4 | G24: 2 | H24: 18 | I24: 177 | J24: 11 | K24: ១.១.២.៦. សកម្មភាពទី៦ : ពង្រឹងសេវាគាំទ្រកិច្ចប្រតិបត្តិការ និងការងារសម្របសម្រួលសម្រាប់នាយកដ្ឋានគោលនយោបាយម៉ាក្រូសេដ្ឋកិច្ច និងសារពើពន្ធ | L24: =RIGHT(M24,LEN(M24)-SEARCH(" ",M24)) -> ស៊ាង ពីសី | M24: លោកស្រី ស៊ាង ពីសី | N24: ការិយាល័យកិច្ចការទូទៅនិងសម្របសម្រួល | O24: =IF(AND(K24<>"",M24<>""),"ok","-") -> ok
C25: 1010102 | D25: 101010207 | J25: #N/A | K25: ១.១.២.៧. សកម្មភាពទី៧ : | O25: =IF(AND(K25<>"",M25<>""),"ok","-") -> -
C26: 1010102 | D26: 101010208 | J26: #N/A | K26: ១.១.២.៨. សកម្មភាពទី៨ : ​ | O26: =IF(AND(K26<>"",M26<>""),"ok","-") -> -
C27: 1010102 | D27: 101010209 | J27: #N/A | K27: ១.១.២.៩. សកម្មភាពទី៩ : | O27: =IF(AND(K27<>"",M27<>""),"ok","-") -> -
C28: 1010102 | D28: 101010210 | J28: #N/A | K28: ១.១.២.១០. សកម្មភាពទី១០ : ​ | O28: =IF(AND(K28<>"",M28<>""),"ok","-") -> -
C29: 1010102 | D29: 101010211 | J29: #N/A | K29: ១.១.២.១១. សកម្មភាពទី១១ : | O29: =IF(AND(K29<>"",M29<>""),"ok","-") -> -
C30: 1010102 | D30: 101010212 | J30: #N/A | K30: ១.១.២.១២. សកម្មភាពទី១២ : ​ | O30: =IF(AND(K30<>"",M30<>""),"ok","-") -> -
A31: 3 | B31: 1 | C31: 10101 | D31: 1010103 | E31: 4 | F31: 1 | G31: 4 | I31: 31 | J31: 12 | K31: ១.១.៣. ចង្កោមសកម្មភាពទី៣ : លើកកម្ពស់ការងារស្ថិតិសេដ្ឋកិច្ចនិងហិរញ្ញវត្ថុសាធារណៈ | L31: សុខ ខន | M31: លោក សុខ ខន | N31: នាយកដ្ឋានស្ថិតិ និងវិភាគសេដ្ឋកិច្ច | O31: =IF(AND(K31<>"",M31<>""),"ok","-") -> ok
C32: 1010103 | D32: 101010301 | E32: 4 | G32: 4 | H32: 19 | I32: 177 | J32: 13 | K32: ១.‌១.៣.១.សកម្មភាពទី១៖ពង្រឹងការគ្រប់គ្រងកិច្ចការទូទៅ និងការសម្របសម្រួលផ្ទៃក្នុងនិងអន្តរទំនាក់ទំនង ដើម្បីបុរេសកម្មការងារ | L32: =RIGHT(M32,LEN(M32)-SEARCH(" ",M32)) -> កូយ សុចាន់ | M32: កញ្ញា កូយ សុចាន់ | N32: ការិយាល័យកិច្ចការទូទៅនិងសម្របសម្រួល | O32: =IF(AND(K32<>"",M32<>""),"ok","-") -> ok
C33: 1010103 | D33: 101010302 | E33: 4 | G33: 4 | H33: 20 | I33: 178 | J33: 14 | K33: ១.‌១.៣.២.សកម្មភាពទី២៖ ពង្រឹងការរៀបចំចងក្រង តាមដាន វិភាគនិងផ្សព្វផ្សាយស្ថិតិប្រតិបត្តិការហិរញ្ញវត្ថុ (TOFE) និងស្តង់ដារស្ថិតិហិរញ្ញវត្ថុរដ្ឋាភិបាល (GFS) | L33: =RIGHT(M33,LEN(M33)-SEARCH(" ",M33)) -> សែម សំណាង | M33: លោក​ស្រី សែម សំណាង | N33: ការិយាល័យស្ថិតិហិរញ្ញវត្ថុសាធារណៈ | O33: =IF(AND(K33<>"",M33<>""),"ok","-") -> ok
C34: 1010103 | D34: 101010303 | E34: 4 | G34: 4 | H34: 21 | I34: 179 | J34: 15 | K34: ១.១.៣.៣.សកម្មភាពទី៣៖​ ពង្រឹងការរៀបចំចងក្រង តាមដាន វិភាគនិងផ្សព្វផ្សាយស្ថិតិម៉ាក្រូសេដ្ឋកិច្ច | L34: =RIGHT(M34,LEN(M34)-SEARCH(" ",M34)) -> បាន ​កុសល | M34: លោក បាន ​កុសល | N34: ការិយាល័យស្ថិតិនិងវិភាគម៉ាក្រូសេដ្ឋកិច្ច | O34: =IF(AND(K34<>"",M34<>""),"ok","-") -> ok
C35: 1010103 | D35: 101010304 | E35: 4 | G35: 4 | H35: 22 | I35: 180 | J35: 16 | K35: ១.‌១.៣.៤.សកម្មភាពទី៤៖ ពង្រឹងការរៀបចំចងក្រង តាមដាន វិភាគនិងផ្សព្វផ្សាយស្ថិតិសេដ្ឋកិច្ចតាមវិស័យ | L35: =RIGHT(M35,LEN(M35)-SEARCH(" ",M35)) -> ស្រៀង ចន្ធី | M35: លោក ស្រៀង ចន្ធី | N35: ការិយាល័យស្ថិតិនិងវិភាគសេដ្ឋកិច្ចតាមវិស័យ | O35: =IF(AND(K35<>"",M35<>""),"ok","-") -> ok
C36: 1010103 | D36: 101010305 | E36: 4 | G36: 4 | H36: 23 | I36: 181 | J36: 17 | K36: ១.១.៣.៥.សកម្មភាពទី៥៖​ ពង្រឹងការរៀបចំចងក្រង តាមដាន វិភាគនិងផ្សព្វផ្សាយស្ថិតិថ្លៃទំនិញនិងសេវា | L36: =RIGHT(M36,LEN(M36)-SEARCH(" ",M36)) -> ជា សុខឃីមរាជ | M36: លោក ជា សុខឃីមរាជ | N36: ការិយាល័យតាមដានថ្លៃទំនិញ និងសេវា | O36: =IF(AND(K36<>"",M36<>""),"ok","-") -> ok
C37: 1010103 | D37: 101010306 | E37: 4 | G37: 4 | H37: 24 | I37: 182 | J37: 15 | K37: ១.‌១.៣.៦.សកម្មភាពទី៦៖ ពង្រឹងការតាមដាន និងវិភាគនិន្នាការសេដ្ឋកិច្ច | L37: =RIGHT(M37,LEN(M37)-SEARCH(" ",M37)) -> បាន ​កុសល | M37: លោក បាន ​កុសល | N37: ការិយាល័យតាមដាននិងវិភាគនិន្នាការសេដ្ឋកិច្ច | O37: =IF(AND(K37<>"",M37<>""),"ok","-") -> ok
C38: 1010103 | D38: 101010307 | K38: ១.១.៣.៧. សកម្មភាពទី៧ : | O38: =IF(AND(K38<>"",M38<>""),"ok","-") -> -
C39: 1010103 | D39: 101010308 | K39: ១.១.៣.៨. សកម្មភាពទី៨ : ​ | O39: =IF(AND(K39<>"",M39<>""),"ok","-") -> -
C40: 1010103 | D40: 101010309 | K40: ១.១.៣.៩. សកម្មភាពទី៩ : | O40: =IF(AND(K40<>"",M40<>""),"ok","-") -> -
C41: 1010103 | D41: 101010310 | K41: ១.១.៣.១០. សកម្មភាពទី១០ : ​ | O41: =IF(AND(K41<>"",M41<>""),"ok","-") -> -
C42: 1010103 | D42: 101010311 | K42: ១.១.៣.១១. សកម្មភាពទី១១ : | O42: =IF(AND(K42<>"",M42<>""),"ok","-") -> -
C43: 1010103 | D43: 101010312 | K43: ១.១.៣.១២. សកម្មភាពទី១២ : ​ | O43: =IF(AND(K43<>"",M43<>""),"ok","-") -> -
A44: 4 | B44: 1 | C44: 10101 | D44: 1010104 | E44: 4 | F44: 1 | G44: 5 | I44: 32 | J44: 19 | K44: ១.១.៤. ចង្កោមសកម្មភាពទី៤ : លើកកម្ពស់កិច្ចការសមាហរណកម្មសេដ្ឋកិច្ច និងសហប្រតិបត្តិការហិរញ្ញវត្ថុនិងរូបិយវត្ថុ | L44: អ៊ុយ រិទ្ធីមុនី | M44: លោក អ៊ុយ រិទ្ធីមុនី | N44: នាយកដ្ឋានសមាហរណកម្មសេដ្ឋកិច្ច និងអាស៊ាន | O44: =IF(AND(K44<>"",M44<>""),"ok","-") -> ok
C45: 1010104 | D45: 101010401 | E45: 4 | G45: 5 | H45: 25 | I45: 183 | J45: 20 | K45: ១.១.៤.១. សកម្មភាពទី១ : តាមដាន សម្របសម្រួល និងអនុវត្តយន្តការសហប្រតិបត្តិការហិរញ្ញវត្ថុ និងរូបិយវត្ថុអាស៊ាន និងជាមួយប្រទេសដៃគូ | L45: =RIGHT(M45,LEN(M45)-SEARCH(" ",M45)) -> ហង់ ម៉ូលីសានីន | M45: កញ្ញា ហង់ ម៉ូលីសានីន | N45: ការិយាល័យសហប្រតិបត្តិការហិរញ្ញវត្ថុ និងរូបិយវត្ថុ, ការិយាល័យអាស៊ីបូព៌ា | O45: =IF(AND(K45<>"",M45<>""),"ok","-") -> ok
C46: 1010104 | D46: 101010402 | E46: 4 | G46: 5 | H46: 26 | I46: 501 | J46: #N/A | K46: ១.១.៤.២. សកម្មភាពទី២ : តាមដាន សម្របសម្រួល និងអនុវត្តកិច្ចព្រមព្រៀងពាណិជ្ជកម្មសេរី អាស៊ាន និងជាមួយប្រទេសដៃគូ | L46: =RIGHT(M46,LEN(M46)-SEARCH(" ",M46)) -> យូ ម៉ូនីតា, លោក ម៉ាង តាំង, កញ្ញា ប្រាក់ ពុធានាថ | M46: លោកស្រី យូ ម៉ូនីតា, លោក ម៉ាង តាំង, កញ្ញា ប្រាក់ ពុធានាថ | N46: ការិយាល័យអាស៊ាន, ការិយាល័យអូសេអានី អាស៊ីកណ្តាល និងអាស៊ីខាងត្បូង,ការិយាល័យអ៊ឺរ៉ុប អាមេរិក និងអាហ្វ្រិក | O46: =IF(AND(K46<>"",M46<>""),"ok","-") -> ok
C47: 1010104 | D47: 101010403 | E47: 4 | G47: 5 | H47: 27 | I47: 501 | J47: 22 | K47: ១.១.៤.៣. សកម្មភាពទី៣ : តាមដាន សម្របសម្រួល និងអនុវត្តការងារពាក់ព័ន្ធនានាក្នុងនាមជាលេខាធិការដ្ឋានរបស់គណៈកម្មាធិការជាតិសម្រាប់វិធានការមិនមែនពន្ធនិងនិហិតដ្ឋានជាតិព័ត៌មានពាក់ព័ន្ធនឹងពាណិជ្ជកម្ម | L47: =RIGHT(M47,LEN(M47)-SEARCH(" ",M47)) -> សន នី | M47: លោក សន នី | N47: ការិយាល័យអាស៊ាន, ការិយាល័យអូសេអានី អាស៊ីកណ្តាល និងអាស៊ីខាងត្បូង,ការិយាល័យអ៊ឺរ៉ុប អាមេរិក និងអាហ្វ្រិក | O47: =IF(AND(K47<>"",M47<>""),"ok","-") -> ok
C48: 1010104 | D48: 101010404 | E48: 4 | G48: 5 | H48: 28 | I48: 501 | J48: 23 | K48: ១.១.៤.៤. សកម្មភាពទី៤ : រៀបចំ (១)សិក្ខាសាលាផ្សព្វផ្សាយស្តីពីការអនុវត្តកិច្ចព្រមព្រៀងពាណិជ្ជកម្មសេរីអាស៊ាន និងអាស៊ានជាមួយដៃគូ និង (២)សិក្ខាសាលាជាតិស្តីពីការងារពាក់ព័ន្ធនឹងគណៈកម្មាធិការជាតិសម្រាប់វិធានការមិនមែនពន្ធ និងនិហិតដ្ឋានជាតិព័ត៌មានពាក់ព័ន្ធនឹងពាណិជ្ជកម្ម | L48: =RIGHT(M48,LEN(M48)-SEARCH(" ",M48)) -> សេង សារិទ្ធ | M48: លោកស្រី សេង សារិទ្ធ | N48: ការិយាល័យអាស៊ាន, ការិយាល័យអូសេអានី អាស៊ីកណ្តាល និងអាស៊ីខាងត្បូង,ការិយាល័យអ៊ឺរ៉ុប អាមេរិក និងអាហ្វ្រិក | O48: =IF(AND(K48<>"",M48<>""),"ok","-") -> ok
C49: 1010104 | D49: 101010405 | K49: ១.១.៤.៥. សកម្មភាពទី៥ : | O49: =IF(AND(K49<>"",M49<>""),"ok","-") -> -
C50: 1010104 | D50: 101010406 | K50: ១.១.៤.៦. សកម្មភាពទី៦ : | O50: =IF(AND(K50<>"",M50<>""),"ok","-") -> -
C51: 1010104 | D51: 101010407 | K51: ១.១.៤.៧. សកម្មភាពទី៧ : | O51: =IF(AND(K51<>"",M51<>""),"ok","-") -> -
C52: 1010104 | D52: 101010408 | K52: ១.១.៤.៨. សកម្មភាពទី៨ : ​ | O52: =IF(AND(K52<>"",M52<>""),"ok","-") -> -
C53: 1010104 | D53: 101010409 | K53: ១.១.៤.៩. សកម្មភាពទី៩ : | O53: =IF(AND(K53<>"",M53<>""),"ok","-") -> -
C54: 1010104 | D54: 101010410 | K54: ១.១.៤.១០. សកម្មភាពទី១០ : ​ | O54: =IF(AND(K54<>"",M54<>""),"ok","-") -> -
C55: 1010104 | D55: 101010411 | K55: ១.១.៤.១១. សកម្មភាពទី១១ : | O55: =IF(AND(K55<>"",M55<>""),"ok","-") -> -
C56: 1010104 | D56: 101010412 | K56: ១.១.៤.១២. សកម្មភាពទី១២ : ​ | O56: =IF(AND(K56<>"",M56<>""),"ok","-") -> -
A57: 5 | B57: 1 | C57: 10101 | D57: 1010105 | E57: 4 | F57: 1 | G57: 5 | I57: 34 | K57: ១.១.៥. ចង្កោមសកម្មភាពទី ៥ : លើកកម្ពស់គោលនយោបាយលើវិស័យសេដ្ឋកិច្ចថ្មី | M57: លោក | N57: នាយកដ្ឋានសេដ្ឋកិច្ចថ្មី | O57: =IF(AND(K57<>"",M57<>""),"ok","-") -> ok
C58: 1010105 | D58: 101010501 | E58: 4 | G58: 5 | H58: 29 | I58: 492 | K58: ១.១.៥.១. សកម្មភាពទី១ :សិក្សាពាក់ព័ន្ធការកំណត់ និងការលើកកម្ពស់ប្រភពកំណើនថ្មី និងការគិតគូរជាយុទ្ធសាស្ត្ររយៈពេលវែង | N58: ការិយាល័យវិភាគជាយុទ្ធសាស្ត្រទស្សនវិស័យអនាគត | O58: =IF(AND(K58<>"",M58<>""),"ok","-") -> -
C59: 1010105 | D59: 101010502 | E59: 4 | G59: 5 | H59: 30 | I59: 493 | K59: ១.១.៥.២. សកម្មភាពទី២ : សិក្សាពាក់ព័ន្ធសេដ្ឋកិច្ចបៃតង និង ការលើកកម្ពស់ការប្រើប្រាស់ថាមពលបៃតង និងប្រសិទ្ធភាពថាមពល | N59: ការិយាល័យគោលនយោបាយសេដ្ឋកិច្ចបៃតង | O59: =IF(AND(K59<>"",M59<>""),"ok","-") -> -
C60: 1010105 | D60: 101010503 | E60: 4 | G60: 5 | H60: 31 | I60: 494 | K60: ១.១.៥.៣. សកម្មភាពទី៣ : សិក្សាពាក់ព័ន្ធនឹងសេដ្ឋកិច្ចឌីជីថល និងការជំរុញការអនុវត្ត​បរិវត្តកម្មឌីជីថល | N60: ការិយាល័យគោលនយោបាយសេដ្ឋកិច្ចឌីជីថល | O60: =IF(AND(K60<>"",M60<>""),"ok","-") -> -
C61: 1010105 | D61: 101010504 | E61: 4 | G61: 5 | H61: 32 | I61: 500 | K61: ១.១.៥.៤. សកម្មភាពទី៤ :ការអនុវត្តគម្រោងមូលនិធិអភិវឌ្ឍន៍ជំនាញ (SDF)និង “មូលនិធិអភិវឌ្ឍន៍សហគ្រិនភាព (EDF)” | N61: ការិយាល័យគោលនយោបាយសហគ្រិនភាពនិងជំនាញ | O61: =IF(AND(K61<>"",M61<>""),"ok","-") -> -
C62: 1010105 | D62: 101010505 | E62: 4 | G62: 5 | H62: 33 | I62: 495 | K62: ១.១.៥.៥. សកម្មភាពទី៥ :ការតាមដានការអនុវត្តគោលនយោបាយនិងយុទ្ធសាស្ត្រពាក់ព័ន្ធ​​នឹងការលើកទឹកចិត្តសារពើពន្ធ និងមិនមែនសារពើពន្ធដើម្បីជំរុញកំណើនសេដ្ឋកិច្ច | N62: ការិយាល័យគោលនយោបាយលើកទឹកចិត្តវិនិយោគ | O62: =IF(AND(K62<>"",M62<>""),"ok","-") -> -
C63: 1010105 | D63: 101010506 | E63: 4 | G63: 5 | H63: 34 | I63: 177 | K63: ១.១.៥.៦. សកម្មភាពទី៦ : ពង្រឹងសេវាគាំទ្រកិច្ចប្រតិបត្តិការ និងការងារសម្របសម្រួល | N63: ការិយាល័យកិច្ចការទូទៅនិងសម្របសម្រួល | O63: =IF(AND(K63<>"",M63<>""),"ok","-") -> -
C64: 1010105 | D64: 101010507 | K64: ១.១.៥.៧. សកម្មភាពទី៧ : | O64: =IF(AND(K64<>"",M64<>""),"ok","-") -> -
C65: 1010105 | D65: 101010508 | K65: ១.១.៥.៨. សកម្មភាពទី៨ : ​ | O65: =IF(AND(K65<>"",M65<>""),"ok","-") -> -
C66: 1010105 | D66: 101010509 | K66: ១.១.៥.៩. សកម្មភាពទី៩ : | O66: =IF(AND(K66<>"",M66<>""),"ok","-") -> -
C67: 1010105 | D67: 101010510 | K67: ១.១.៥.១០. សកម្មភាពទី១០ : ​ | O67: =IF(AND(K67<>"",M67<>""),"ok","-") -> -
C68: 1010105 | D68: 101010511 | K68: ១.១.៥.១១. សកម្មភាពទី១១ : | O68: =IF(AND(K68<>"",M68<>""),"ok","-") -> -
C69: 1010105 | D69: 101010512 | K69: ១.១.៥.១២. សកម្មភាពទី១២ : ​ | O69: =IF(AND(K69<>"",M69<>""),"ok","-") -> -
A70: 6 | B70: 1 | C70: 10101 | D70: 1010106 | E70: 4 | F70: 1 | G70: 7 | I70: 33 | K70: ១.១.៦. ចង្កោមសកម្មភាពទី ៦ : រៀបចំ តាមដាន និងវាយតម្លៃ គោលនយោបាយពាក់ព័ន្ធនឹងប្រសិទ្ធភាពចំណាយ | M70: លោក | N70: នាយកដ្ឋានប្រសិទ្ធភាពចំណាយ | O70: =IF(AND(K70<>"",M70<>""),"ok","-") -> ok
C71: 1010106 | D71: 101010601 | E71: 4 | G71: 7 | H71: 35 | I71: 177 | K71: ១.‌១.៦.១.សកម្មភាពទី១៖ការគ្រប់គ្រងកិច្ចការទូទៅ និងសម្របសម្រួល | N71: ការិយាល័យកិច្ចការទូទៅនិងសម្របសម្រួល | O71: =IF(AND(K71<>"",M71<>""),"ok","-") -> -
C72: 1010106 | D72: 101010602 | E72: 4 | G72: 7 | H72: 36 | I72: 496 | K72: ១.‌១.៦.២.សកម្មភាពទី២៖ ការរៀបចំ ចងក្រង តាមដាន វិភាគនិងផ្សព្វផ្សាយបញ្ជីថ្លៃទំនិញ និងសេវា ព្រមទាំងកំណត់ស្តង់ដារថ្លៃទំនិញនិងសេវា សម្រាប់ប្រើប្រាស់ក្នុងចំណាយសាធារណៈ | N72: ការិយាល័យ ស្តង់ដារថ្លៃ និង ថ្លៃដើម | O72: =IF(AND(K72<>"",M72<>""),"ok","-") -> -
C73: 1010106 | D73: 101010603 | E73: 4 | G73: 7 | H73: 37 | I73: 497 | K73: ១.១.៦.៣.សកម្មភាពទី៣៖ការវិភាគ និងវាយតម្លៃ លើសំណើគម្រោង | N73: ការិយាល័យ វិភាគ និងវាយតម្លៃគម្រោង | O73: =IF(AND(K73<>"",M73<>""),"ok","-") -> -
C74: 1010106 | D74: 101010604 | E74: 4 | G74: 7 | H74: 38 | I74: 498 | K74: ១.‌១.៦.៤.សកម្មភាពទី៤៖ ការតាមដាន និងវាយតម្លៃ ការវិនិយោគសាធារណៈ | N74: ការិយាល័យ តាមដាន និងវាយតម្លៃ វិនិយោគសាធារណៈ | O74: =IF(AND(K74<>"",M74<>""),"ok","-") -> -
C75: 1010106 | D75: 101010605 | E75: 4 | G75: 7 | H75: 39 | I75: 499 | K75: ១.‌១.៦.៥.សកម្មភាពទី៥៖ ការរៀបចំគោលនយោបាយ និងយុទ្ធសាស្រ្តវិនិយោគសាធារណៈ | N75: ការិយាល័យ យុទ្ធសាស្រ្តវិនិយោគសាធារណៈ | O75: =IF(AND(K75<>"",M75<>""),"ok","-") -> -
C76: 1010106 | D76: 101010606 | K76: ១.‌១.៦.៤.សកម្មភាពទី៤៖ ការតាមដាន និងវាយតម្លៃ ការវិនិយោគសាធារណៈ | O76: =IF(AND(K76<>"",M76<>""),"ok","-") -> -
C77: 1010106 | D77: 101010607 | K77: ១.‌១.៦.៤.សកម្មភាពទី៤៖ ការតាមដាន និងវាយតម្លៃ ការវិនិយោគសាធារណៈ | O77: =IF(AND(K77<>"",M77<>""),"ok","-") -> -
C78: 1010106 | D78: 101010608 | K78: ១.‌១.៦.៤.សកម្មភាពទី៤៖ ការតាមដាន និងវាយតម្លៃ ការវិនិយោគសាធារណៈ | O78: =IF(AND(K78<>"",M78<>""),"ok","-") -> -
C79: 1010106 | D79: 101010609 | K79: ១.‌១.៦.៤.សកម្មភាពទី៤៖ ការតាមដាន និងវាយតម្លៃ ការវិនិយោគសាធារណៈ | O79: =IF(AND(K79<>"",M79<>""),"ok","-") -> -
C80: 1010106 | D80: 101010610 | K80: ១.‌១.៦.៤.សកម្មភាពទី៤៖ ការតាមដាន និងវាយតម្លៃ ការវិនិយោគសាធារណៈ | O80: =IF(AND(K80<>"",M80<>""),"ok","-") -> -
C81: 1010106 | D81: 101010611 | K81: ១.‌១.៦.៤.សកម្មភាពទី៤៖ ការតាមដាន និងវាយតម្លៃ ការវិនិយោគសាធារណៈ | O81: =IF(AND(K81<>"",M81<>""),"ok","-") -> -
C82: 1010106 | D82: 101010612 | K82: ១.‌១.៦.៤.សកម្មភាពទី៤៖ ការតាមដាន និងវាយតម្លៃ ការវិនិយោគសាធារណៈ | O82: =IF(AND(K82<>"",M82<>""),"ok","-") -> -
C83: 10101 | D83: 1010107 | K83: ១.‌១.៦.៤.សកម្មភាពទី៤៖ ការតាមដាន និងវាយតម្លៃ ការវិនិយោគសាធារណៈ | O83: =IF(AND(K83<>"",M83<>""),"ok","-") -> -
C84: 1010107 | D84: 101010701 | K84: ១.‌១.៦.៤.សកម្មភាពទី៤៖ ការតាមដាន និងវាយតម្លៃ ការវិនិយោគសាធារណៈ | O84: =IF(AND(K84<>"",M84<>""),"ok","-") -> -
C85: 1010107 | D85: 101010702 | K85: ១.‌១.៦.៤.សកម្មភាពទី៤៖ ការតាមដាន និងវាយតម្លៃ ការវិនិយោគសាធារណៈ | O85: =IF(AND(K85<>"",M85<>""),"ok","-") -> -
C86: 1010107 | D86: 101010703 | K86: ១.‌១.៦.៤.សកម្មភាពទី៤៖ ការតាមដាន និងវាយតម្លៃ ការវិនិយោគសាធារណៈ | O86: =IF(AND(K86<>"",M86<>""),"ok","-") -> -
C87: 1010107 | D87: 101010704 | K87: ១.‌១.៦.៤.សកម្មភាពទី៤៖ ការតាមដាន និងវាយតម្លៃ ការវិនិយោគសាធារណៈ | O87: =IF(AND(K87<>"",M87<>""),"ok","-") -> -
... C199: 1010115 | D199: 101011512 | K199: ១.‌១.៦.៤.សកម្មភាពទី៤៖ ការតាមដាន និងវាយតម្លៃ ការវិនិយោគសាធារណៈ | O199: =IF(AND(K199<>"",M199<>""),"ok","-") -> -

Sheet BSP1_Subpro_2_Entity
A1: id | D1: sub_prog_to_entity_id | E1: planning_id | F1: sub_program_id | G1: cluster_activity_id | H1: activity_id | I1: entity_id | J1: entity_member_id
B2: Check | C2: កូដកម្មវិធី | K2: ឈ្នោះកម្មវិធី និងអនុកម្មវិធី | M2: អ្នកគ្រប់គ្រង | N2: អង្គភាពទទួលខុសត្រូវ
C3: 101 | K3: កម្មវិធីទី១ : ការគ្រប់គ្រងវិស័យសេដ្ឋកិច្ច | M3: ឯកឧត្តម/លោកជំទាវ... | O3: =IF(AND(K3<>"",M3<>""),"ok","-") -> ok
A4: 1 | B4: 101 | C4: 10101 | E4: 4 | F4: 1 | I4: 1 | J4: 1 | K4: ១.១. អនុកម្មវិធីទី១.១ : ការគ្រប់គ្រងគោលនយោបាយសេដ្ឋកិច្ច ហិរញ្ញវត្ថុ និងគោលនយោបាយតាមវិស័យផ្សេងៗ | L4: =RIGHT(M4,LEN(M4)-SEARCH(" ",M4)) -> ឈាង វណ្ណារិទ្ធ | M4: ឯកឧត្តម ឈាង វណ្ណារិទ្ធ | N4: អគ្គនាយកដ្ឋានគោលនយោបាយ | O4: =IF(AND(K4<>"",M4<>""),"ok","-") -> ok
A5: 1 | B5: 10101 | C5: 1010101 | D5: 1 | E5: 4 | F5: 1 | G5: 2 | I5: 29 | J5: 2 | K5: ១.១.១. ចង្កោមសកម្មភាពទី១ : គាំទ្រ សម្របសម្រួល និងគ្រប់គ្រងការងាររដ្ឋបាលរបស់អគ្គនាយកដ្ឋាន | L5: =RIGHT(M6,LEN(M6)-SEARCH(" ",M6)) -> ស្រ៊ន មុនីនាត | M5: លោក ស្រ៊ន មុនីនាត | N5: លេខាធិការដ្ឋាន | O5: =IF(AND(K5<>"",M5<>""),"ok","-") -> ok
A6: 1 | B6: 1010101 | C6: 101010101 | E6: 4 | G6: 2 | H6: 1 | I6: 29 | J6: 2 | K6: ១.១.១.១. សកម្មភាពទី១ : បំពេញមុខជាលេខាធិការដ្ឋាន | L6: =RIGHT(M6,LEN(M6)-SEARCH(" ",M6)) -> ស្រ៊ន មុនីនាត | M6: លោក ស្រ៊ន មុនីនាត | N6: លេខាធិការដ្ឋាន | O6: =IF(AND(K6<>"",M6<>""),"ok","-") -> ok
A7: 2 | B7: 1010101 | C7: 101010102 | E7: 4 | G7: 2 | H7: 2 | I7: 29 | J7: 2 | K7: ១.១.១.២. សកម្មភាពទី២ : ​ចូលរួមកិច្ចប្រជុំផ្សេងៗ ក្នុងនិងក្រៅប្រទេសរបស់ឯកឧត្តមអគ្គនាយក | L7: =RIGHT(M7,LEN(M7)-SEARCH(" ",M7)) -> ស្រ៊ន មុនីនាត | M7: លោក ស្រ៊ន មុនីនាត | N7: លេខាធិការដ្ឋាន | O7: =IF(AND(K7<>"",M7<>""),"ok","-") -> ok
B8: 1010101 | C8: 101010103 | H8: 3 | K8: ១.១.១.៣. សកម្មភាពទី៣ : | O8: =IF(AND(K8<>"",M8<>""),"ok","-") -> -
B9: 1010101 | C9: 101010104 | H9: 4 | K9: ១.១.១.៤. សកម្មភាពទី៤ : | O9: =IF(AND(K9<>"",M9<>""),"ok","-") -> -
B10: 1010101 | C10: 101010105 | H10: 5 | K10: ១.១.១.៥. សកម្មភាពទី៥ : | O10: =IF(AND(K10<>"",M10<>""),"ok","-") -> -
B11: 1010101 | C11: 101010106 | H11: 6 | K11: ១.១.១.៦. សកម្មភាពទី៦ : | O11: =IF(AND(K11<>"",M11<>""),"ok","-") -> -
B12: 1010101 | C12: 101010107 | H12: 7 | K12: ១.១.១.៧. សកម្មភាពទី៧ : | O12: =IF(AND(K12<>"",M12<>""),"ok","-") -> -
B13: 1010101 | C13: 101010108 | H13: 8 | K13: ១.១.១.៨. សកម្មភាពទី៨ : ​ | O13: =IF(AND(K13<>"",M13<>""),"ok","-") -> -
B14: 1010101 | C14: 101010109 | H14: 9 | K14: ១.១.១.៩. សកម្មភាពទី៩ : | O14: =IF(AND(K14<>"",M14<>""),"ok","-") -> -
B15: 1010101 | C15: 101010110 | H15: 10 | K15: ១.១.១.១០. សកម្មភាពទី១០ : ​ | O15: =IF(AND(K15<>"",M15<>""),"ok","-") -> -
B16: 1010101 | C16: 101010111 | H16: 11 | K16: ១.១.១.១១. សកម្មភាពទី១១ : | O16: =IF(AND(K16<>"",M16<>""),"ok","-") -> -
B17: 1010101 | C17: 101010112 | H17: 12 | K17: ១.១.១.១២. សកម្មភាពទី១២ : ​ | O17: =IF(AND(K17<>"",M17<>""),"ok","-") -> -
A18: 2 | B18: 10101 | C18: 1010102 | D18: 1 | E18: 4 | F18: 1 | G18: 3 | I18: 30 | J18: 7 | K18: ១.១.២. ចង្កោមសកម្មភាពទី២ : រៀបចំ កែលម្អ ត្រួតពិនិត្យ និងវាយតម្លៃគោលនយោបាយម៉ាក្រូសេដ្ឋកិច្ច និងសារពើពន្ធ | L18: =RIGHT(M18,LEN(M18)-SEARCH(" ",M18)) -> សែម សុភា | M18: លោកស្រី សែម សុភា | N18: នាយកដ្ឋានគោលនយោ​បាយ​ម៉ាក្រូសេដ្ឋកិច្ចនិងសារពើពន្ធ | O18: =IF(AND(K18<>"",M18<>""),"ok","-") -> ok
A19: 3 | B19: 1010102 | C19: 101010201 | E19: 4 | G19: 2 | H19: 13 | I19: 172 | J19: 6 | K19: ១.១.២.១. សកម្មភាពទី១ : ធ្វើការស្រាវជ្រាវលើវឌ្ឍនភាព និងបញ្ហា អភិវឌ្ឍន៍សេដ្ឋកិច្ច ហិរញ្ញវត្ថុ និងវិស័យសំខាន់ៗ | L19: =RIGHT(M19,LEN(M19)-SEARCH(" ",M19)) -> ស៊ីន ស៊ីប | M19: លោក ស៊ីន ស៊ីប | N19: ការិយាល័យស្រាវជ្រាវ | O19: =IF(AND(K19<>"",M19<>""),"ok","-") -> ok
A20: 4 | B20: 1010102 | C20: 101010202 | E20: 4 | G20: 2 | H20: 14 | I20: 173 | J20: 7 | K20: ១.១.២.២. សកម្មភាពទី២ : តាមដាន និងវាយតម្លៃការអនុវត្តគោលនយោបាយសារពើពន្ធ អនុលោមតាមគោលដៅយុទ្ធសាស្រ្តជាតិ | L20: =RIGHT(M20,LEN(M20)-SEARCH(" ",M20)) -> សែម សុភា | M20: កញ្ញា សែម សុភា | N20: ការិយាល័យវិភាគនិងព្យាករណ៍សារពើពន្ធ | O20: =IF(AND(K20<>"",M20<>""),"ok","-") -> ok
A21: 5 | B21: 1010102 | C21: 101010203 | E21: 4 | G21: 2 | H21: 15 | I21: 174 | J21: 8 | K21: ១.១.២.៣. សកម្មភាពទី៣ : តាមដាន និងវាយតម្លៃការអនុវត្តយុទ្ធសាស្រ្ត និងគោលនយោបាយពាក់ព័ន្ធនឹងវិស័យសេដ្ឋកិច្ច-សង្គម | L21: =RIGHT(M21,LEN(M21)-SEARCH(" ",M21)) -> ឌី សេរីវិរៈ | M21: លោក ឌី សេរីវិរៈ | N21: ការិយាល័យគោលនយោបាយសេដ្ឋកិច្ច | O21: =IF(AND(K21<>"",M21<>""),"ok","-") -> ok
A22: 6 | B22: 1010102 | C22: 101010204 | E22: 4 | G22: 2 | H22: 16 | I22: 175 | J22: 9 | K22: ១.១.២.៤. សកម្មភាពទី៤ : ពិនិត្យ តាមដាន និងវាយតម្លៃស្ថានភាពសេដ្ឋកិច្ច និងក្របខ័ណ្ឌម៉ាក្រូសេដ្ឋកិច្ចរយៈពេលមធ្យម | L22: =RIGHT(M22,LEN(M22)-SEARCH(" ",M22)) -> តាន់ ទ្បានីន | M22: លោកស្រី តាន់ ទ្បានីន | N22: ការិយាល័យវិភាគនិងព្យាករណ៍សេដ្ឋកិច្ច | O22: =IF(AND(K22<>"",M22<>""),"ok","-") -> ok
A23: 7 | B23: 1010102 | C23: 101010205 | E23: 4 | G23: 2 | H23: 17 | I23: 176 | J23: 10 | K23: ១.១.២.៥. សកម្មភាពទី៥ : តាមដាន និងវិភាគគោលនយោបាយហិរញ្ញវត្ថុសាធារណៈ | L23: =RIGHT(M23,LEN(M23)-SEARCH(" ",M23)) -> ម៉ក់ វិចិត្រសក្កដា | M23: លោក ម៉ក់ វិចិត្រសក្កដា | N23: ការិយាល័យគោលនយោបាយហិរញ្ញវត្ថុសាធារណៈ | O23: =IF(AND(K23<>"",M23<>""),"ok","-") -> ok
A24: 8 | B24: 1010102 | C24: 101010206 | E24: 4 | G24: 2 | H24: 18 | I24: 177 | J24: 11 | K24: ១.១.២.៦. សកម្មភាពទី៦ : ពង្រឹងសេវាគាំទ្រកិច្ចប្រតិបត្តិការ និងការងារសម្របសម្រួលសម្រាប់នាយកដ្ឋានគោលនយោបាយម៉ាក្រូសេដ្ឋកិច្ច និងសារពើពន្ធ | L24: =RIGHT(M24,LEN(M24)-SEARCH(" ",M24)) -> ស៊ាង ពីសី | M24: លោកស្រី ស៊ាង ពីសី | N24: ការិយាល័យកិច្ចការទូទៅនិងសម្របសម្រួល | O24: =IF(AND(K24<>"",M24<>""),"ok","-") -> ok
B25: 1010102 | C25: 101010207 | J25: #N/A | K25: ១.១.២.៧. សកម្មភាពទី៧ : | O25: =IF(AND(K25<>"",M25<>""),"ok","-") -> -
B26: 1010102 | C26: 101010208 | J26: #N/A | K26: ១.១.២.៨. សកម្មភាពទី៨ : ​ | O26: =IF(AND(K26<>"",M26<>""),"ok","-") -> -
B27: 1010102 | C27: 101010209 | J27: #N/A | K27: ១.១.២.៩. សកម្មភាពទី៩ : | O27: =IF(AND(K27<>"",M27<>""),"ok","-") -> -
B28: 1010102 | C28: 101010210 | J28: #N/A | K28: ១.១.២.១០. សកម្មភាពទី១០ : ​ | O28: =IF(AND(K28<>"",M28<>""),"ok","-") -> -
B29: 1010102 | C29: 101010211 | J29: #N/A | K29: ១.១.២.១១. សកម្មភាពទី១១ : | O29: =IF(AND(K29<>"",M29<>""),"ok","-") -> -
B30: 1010102 | C30: 101010212 | J30: #N/A | K30: ១.១.២.១២. សកម្មភាពទី១២ : ​ | O30: =IF(AND(K30<>"",M30<>""),"ok","-") -> -
A31: 3 | B31: 10101 | C31: 1010103 | D31: 1 | E31: 4 | F31: 1 | G31: 4 | I31: 31 | J31: 12 | K31: ១.១.៣. ចង្កោមសកម្មភាពទី៣ : លើកកម្ពស់ការងារស្ថិតិសេដ្ឋកិច្ចនិងហិរញ្ញវត្ថុសាធារណៈ | L31: សុខ ខន | M31: លោក សុខ ខន | N31: នាយកដ្ឋានស្ថិតិ និងវិភាគសេដ្ឋកិច្ច | O31: =IF(AND(K31<>"",M31<>""),"ok","-") -> ok
A32: 9 | B32: 1010103 | C32: 101010301 | E32: 4 | G32: 4 | H32: 19 | I32: 177 | J32: 13 | K32: ១.‌១.៣.១.សកម្មភាពទី១៖ពង្រឹងការគ្រប់គ្រងកិច្ចការទូទៅ និងការសម្របសម្រួលផ្ទៃក្នុងនិងអន្តរទំនាក់ទំនង ដើម្បីបុរេសកម្មការងារ | L32: =RIGHT(M32,LEN(M32)-SEARCH(" ",M32)) -> កូយ សុចាន់ | M32: កញ្ញា កូយ សុចាន់ | N32: ការិយាល័យកិច្ចការទូទៅនិងសម្របសម្រួល | O32: =IF(AND(K32<>"",M32<>""),"ok","-") -> ok
A33: 10 | B33: 1010103 | C33: 101010302 | E33: 4 | G33: 4 | H33: 20 | I33: 178 | J33: 14 | K33: ១.‌១.៣.២.សកម្មភាពទី២៖ ពង្រឹងការរៀបចំចងក្រង តាមដាន វិភាគនិងផ្សព្វផ្សាយស្ថិតិប្រតិបត្តិការហិរញ្ញវត្ថុ (TOFE) និងស្តង់ដារស្ថិតិហិរញ្ញវត្ថុរដ្ឋាភិបាល (GFS) | L33: =RIGHT(M33,LEN(M33)-SEARCH(" ",M33)) -> សែម សំណាង | M33: លោក​ស្រី សែម សំណាង | N33: ការិយាល័យស្ថិតិហិរញ្ញវត្ថុសាធារណៈ | O33: =IF(AND(K33<>"",M33<>""),"ok","-") -> ok
A34: 11 | B34: 1010103 | C34: 101010303 | E34: 4 | G34: 4 | H34: 21 | I34: 179 | J34: 15 | K34: ១.១.៣.៣.សកម្មភាពទី៣៖​ ពង្រឹងការរៀបចំចងក្រង តាមដាន វិភាគនិងផ្សព្វផ្សាយស្ថិតិម៉ាក្រូសេដ្ឋកិច្ច | L34: =RIGHT(M34,LEN(M34)-SEARCH(" ",M34)) -> បាន ​កុសល | M34: លោក បាន ​កុសល | N34: ការិយាល័យស្ថិតិនិងវិភាគម៉ាក្រូសេដ្ឋកិច្ច | O34: =IF(AND(K34<>"",M34<>""),"ok","-") -> ok
A35: 12 | B35: 1010103 | C35: 101010304 | E35: 4 | G35: 4 | H35: 22 | I35: 180 | J35: 16 | K35: ១.‌១.៣.៤.សកម្មភាពទី៤៖ ពង្រឹងការរៀបចំចងក្រង តាមដាន វិភាគនិងផ្សព្វផ្សាយស្ថិតិសេដ្ឋកិច្ចតាមវិស័យ | L35: =RIGHT(M35,LEN(M35)-SEARCH(" ",M35)) -> ស្រៀង ចន្ធី | M35: លោក ស្រៀង ចន្ធី | N35: ការិយាល័យស្ថិតិនិងវិភាគសេដ្ឋកិច្ចតាមវិស័យ | O35: =IF(AND(K35<>"",M35<>""),"ok","-") -> ok
A36: 13 | B36: 1010103 | C36: 101010305 | E36: 4 | G36: 4 | H36: 23 | I36: 181 | J36: 17 | K36: ១.១.៣.៥.សកម្មភាពទី៥៖​ ពង្រឹងការរៀបចំចងក្រង តាមដាន វិភាគនិងផ្សព្វផ្សាយស្ថិតិថ្លៃទំនិញនិងសេវា | L36: =RIGHT(M36,LEN(M36)-SEARCH(" ",M36)) -> ជា សុខឃីមរាជ | M36: លោក ជា សុខឃីមរាជ | N36: ការិយាល័យតាមដានថ្លៃទំនិញ និងសេវា | O36: =IF(AND(K36<>"",M36<>""),"ok","-") -> ok
A37: 14 | B37: 1010103 | C37: 101010306 | E37: 4 | G37: 4 | H37: 24 | I37: 182 | J37: 15 | K37: ១.‌១.៣.៦.សកម្មភាពទី៦៖ ពង្រឹងការតាមដាន និងវិភាគនិន្នាការសេដ្ឋកិច្ច | L37: =RIGHT(M37,LEN(M37)-SEARCH(" ",M37)) -> បាន ​កុសល | M37: លោក បាន ​កុសល | N37: ការិយាល័យតាមដាននិងវិភាគនិន្នាការសេដ្ឋកិច្ច | O37: =IF(AND(K37<>"",M37<>""),"ok","-") -> ok
B38: 1010103 | C38: 101010307 | K38: ១.១.៣.៧. សកម្មភាពទី៧ : | O38: =IF(AND(K38<>"",M38<>""),"ok","-") -> -
B39: 1010103 | C39: 101010308 | K39: ១.១.៣.៨. សកម្មភាពទី៨ : ​ | O39: =IF(AND(K39<>"",M39<>""),"ok","-") -> -
B40: 1010103 | C40: 101010309 | K40: ១.១.៣.៩. សកម្មភាពទី៩ : | O40: =IF(AND(K40<>"",M40<>""),"ok","-") -> -
B41: 1010103 | C41: 101010310 | K41: ១.១.៣.១០. សកម្មភាពទី១០ : ​ | O41: =IF(AND(K41<>"",M41<>""),"ok","-") -> -
B42: 1010103 | C42: 101010311 | K42: ១.១.៣.១១. សកម្មភាពទី១១ : | O42: =IF(AND(K42<>"",M42<>""),"ok","-") -> -
B43: 1010103 | C43: 101010312 | K43: ១.១.៣.១២. សកម្មភាពទី១២ : ​ | O43: =IF(AND(K43<>"",M43<>""),"ok","-") -> -
A44: 4 | B44: 10101 | C44: 1010104 | D44: 1 | E44: 4 | F44: 1 | G44: 5 | I44: 32 | J44: 19 | K44: ១.១.៤. ចង្កោមសកម្មភាពទី៤ : លើកកម្ពស់កិច្ចការសមាហរណកម្មសេដ្ឋកិច្ច និងសហប្រតិបត្តិការហិរញ្ញវត្ថុនិងរូបិយវត្ថុ | L44: អ៊ុយ រិទ្ធីមុនី | M44: លោក អ៊ុយ រិទ្ធីមុនី | N44: នាយកដ្ឋានសមាហរណកម្មសេដ្ឋកិច្ច និងអាស៊ាន | O44: =IF(AND(K44<>"",M44<>""),"ok","-") -> ok
A45: 15 | B45: 1010104 | C45: 101010401 | E45: 4 | G45: 5 | H45: 25 | I45: 183 | J45: 20 | K45: ១.១.៤.១. សកម្មភាពទី១ : តាមដាន សម្របសម្រួល និងអនុវត្តយន្តការសហប្រតិបត្តិការហិរញ្ញវត្ថុ និងរូបិយវត្ថុអាស៊ាន និងជាមួយប្រទេសដៃគូ | L45: =RIGHT(M45,LEN(M45)-SEARCH(" ",M45)) -> ហង់ ម៉ូលីសានីន | M45: កញ្ញា ហង់ ម៉ូលីសានីន | N45: ការិយាល័យសហប្រតិបត្តិការហិរញ្ញវត្ថុ និងរូបិយវត្ថុ, ការិយាល័យអាស៊ីបូព៌ា | O45: =IF(AND(K45<>"",M45<>""),"ok","-") -> ok
A46: 16 | B46: 1010104 | C46: 101010402 | E46: 4 | G46: 5 | H46: 26 | I46: 501 | J46: #N/A | K46: ១.១.៤.២. សកម្មភាពទី២ : តាមដាន សម្របសម្រួល និងអនុវត្តកិច្ចព្រមព្រៀងពាណិជ្ជកម្មសេរី អាស៊ាន និងជាមួយប្រទេសដៃគូ | L46: =RIGHT(M46,LEN(M46)-SEARCH(" ",M46)) -> យូ ម៉ូនីតា, លោក ម៉ាង តាំង, កញ្ញា ប្រាក់ ពុធានាថ | M46: លោកស្រី យូ ម៉ូនីតា, លោក ម៉ាង តាំង, កញ្ញា ប្រាក់ ពុធានាថ | N46: ការិយាល័យអាស៊ាន, ការិយាល័យអូសេអានី អាស៊ីកណ្តាល និងអាស៊ីខាងត្បូង,ការិយាល័យអ៊ឺរ៉ុប អាមេរិក និងអាហ្វ្រិក | O46: =IF(AND(K46<>"",M46<>""),"ok","-") -> ok
A47: 17 | B47: 1010104 | C47: 101010403 | E47: 4 | G47: 5 | H47: 27 | I47: 501 | J47: 22 | K47: ១.១.៤.៣. សកម្មភាពទី៣ : តាមដាន សម្របសម្រួល និងអនុវត្តការងារពាក់ព័ន្ធនានាក្នុងនាមជាលេខាធិការដ្ឋានរបស់គណៈកម្មាធិការជាតិសម្រាប់វិធានការមិនមែនពន្ធនិងនិហិតដ្ឋានជាតិព័ត៌មានពាក់ព័ន្ធនឹងពាណិជ្ជកម្ម | L47: =RIGHT(M47,LEN(M47)-SEARCH(" ",M47)) -> សន នី | M47: លោក សន នី | N47: ការិយាល័យអាស៊ាន, ការិយាល័យអូសេអានី អាស៊ីកណ្តាល និងអាស៊ីខាងត្បូង,ការិយាល័យអ៊ឺរ៉ុប អាមេរិក និងអាហ្វ្រិក | O47: =IF(AND(K47<>"",M47<>""),"ok","-") -> ok
A48: 18 | B48: 1010104 | C48: 101010404 | E48: 4 | G48: 5 | H48: 28 | I48: 501 | J48: 23 | K48: ១.១.៤.៤. សកម្មភាពទី៤ : រៀបចំ (១)សិក្ខាសាលាផ្សព្វផ្សាយស្តីពីការអនុវត្តកិច្ចព្រមព្រៀងពាណិជ្ជកម្មសេរីអាស៊ាន និងអាស៊ានជាមួយដៃគូ និង (២)សិក្ខាសាលាជាតិស្តីពីការងារពាក់ព័ន្ធនឹងគណៈកម្មាធិការជាតិសម្រាប់វិធានការមិនមែនពន្ធ និងនិហិតដ្ឋានជាតិព័ត៌មានពាក់ព័ន្ធនឹងពាណិជ្ជកម្ម | L48: =RIGHT(M48,LEN(M48)-SEARCH(" ",M48)) -> សេង សារិទ្ធ | M48: លោកស្រី សេង សារិទ្ធ | N48: ការិយាល័យអាស៊ាន, ការិយាល័យអូសេអានី អាស៊ីកណ្តាល និងអាស៊ីខាងត្បូង,ការិយាល័យអ៊ឺរ៉ុប អាមេរិក និងអាហ្វ្រិក | O48: =IF(AND(K48<>"",M48<>""),"ok","-") -> ok
B49: 1010104 | C49: 101010405 | K49: ១.១.៤.៥. សកម្មភាពទី៥ : | O49: =IF(AND(K49<>"",M49<>""),"ok","-") -> -
B50: 1010104 | C50: 101010406 | K50: ១.១.៤.៦. សកម្មភាពទី៦ : | O50: =IF(AND(K50<>"",M50<>""),"ok","-") -> -
B51: 1010104 | C51: 101010407 | K51: ១.១.៤.៧. សកម្មភាពទី៧ : | O51: =IF(AND(K51<>"",M51<>""),"ok","-") -> -
B52: 1010104 | C52: 101010408 | K52: ១.១.៤.៨. សកម្មភាពទី៨ : ​ | O52: =IF(AND(K52<>"",M52<>""),"ok","-") -> -
B53: 1010104 | C53: 101010409 | K53: ១.១.៤.៩. សកម្មភាពទី៩ : | O53: =IF(AND(K53<>"",M53<>""),"ok","-") -> -
B54: 1010104 | C54: 101010410 | K54: ១.១.៤.១០. សកម្មភាពទី១០ : ​ | O54: =IF(AND(K54<>"",M54<>""),"ok","-") -> -
B55: 1010104 | C55: 101010411 | K55: ១.១.៤.១១. សកម្មភាពទី១១ : | O55: =IF(AND(K55<>"",M55<>""),"ok","-") -> -
B56: 1010104 | C56: 101010412 | K56: ១.១.៤.១២. សកម្មភាពទី១២ : ​ | O56: =IF(AND(K56<>"",M56<>""),"ok","-") -> -
A57: 5 | B57: 10101 | C57: 1010105 | D57: 1 | E57: 4 | F57: 1 | G57: 5 | I57: 34 | K57: ១.១.៥. ចង្កោមសកម្មភាពទី ៥ : លើកកម្ពស់គោលនយោបាយលើវិស័យសេដ្ឋកិច្ចថ្មី | M57: លោក | N57: នាយកដ្ឋានសេដ្ឋកិច្ចថ្មី | O57: =IF(AND(K57<>"",M57<>""),"ok","-") -> ok
A58: 19 | B58: 1010105 | C58: 101010501 | E58: 4 | G58: 5 | H58: 29 | I58: 492 | K58: ១.១.៥.១. សកម្មភាពទី១ :សិក្សាពាក់ព័ន្ធការកំណត់ និងការលើកកម្ពស់ប្រភពកំណើនថ្មី និងការគិតគូរជាយុទ្ធសាស្ត្ររយៈពេលវែង | N58: ការិយាល័យវិភាគជាយុទ្ធសាស្ត្រទស្សនវិស័យអនាគត | O58: =IF(AND(K58<>"",M58<>""),"ok","-") -> -
A59: 20 | B59: 1010105 | C59: 101010502 | E59: 4 | G59: 5 | H59: 30 | I59: 493 | K59: ១.១.៥.២. សកម្មភាពទី២ : សិក្សាពាក់ព័ន្ធសេដ្ឋកិច្ចបៃតង និង ការលើកកម្ពស់ការប្រើប្រាស់ថាមពលបៃតង និងប្រសិទ្ធភាពថាមពល | N59: ការិយាល័យគោលនយោបាយសេដ្ឋកិច្ចបៃតង | O59: =IF(AND(K59<>"",M59<>""),"ok","-") -> -
A60: 21 | B60: 1010105 | C60: 101010503 | E60: 4 | G60: 5 | H60: 31 | I60: 494 | K60: ១.១.៥.៣. សកម្មភាពទី៣ : សិក្សាពាក់ព័ន្ធនឹងសេដ្ឋកិច្ចឌីជីថល និងការជំរុញការអនុវត្ត​បរិវត្តកម្មឌីជីថល | N60: ការិយាល័យគោលនយោបាយសេដ្ឋកិច្ចឌីជីថល | O60: =IF(AND(K60<>"",M60<>""),"ok","-") -> -
A61: 22 | B61: 1010105 | C61: 101010504 | E61: 4 | G61: 5 | H61: 32 | I61: 500 | K61: ១.១.៥.៤. សកម្មភាពទី៤ :ការអនុវត្តគម្រោងមូលនិធិអភិវឌ្ឍន៍ជំនាញ (SDF)និង “មូលនិធិអភិវឌ្ឍន៍សហគ្រិនភាព (EDF)” | N61: ការិយាល័យគោលនយោបាយសហគ្រិនភាពនិងជំនាញ | O61: =IF(AND(K61<>"",M61<>""),"ok","-") -> -
A62: 23 | B62: 1010105 | C62: 101010505 | E62: 4 | G62: 5 | H62: 33 | I62: 495 | K62: ១.១.៥.៥. សកម្មភាពទី៥ :ការតាមដានការអនុវត្តគោលនយោបាយនិងយុទ្ធសាស្ត្រពាក់ព័ន្ធ​​នឹងការលើកទឹកចិត្តសារពើពន្ធ និងមិនមែនសារពើពន្ធដើម្បីជំរុញកំណើនសេដ្ឋកិច្ច | N62: ការិយាល័យគោលនយោបាយលើកទឹកចិត្តវិនិយោគ | O62: =IF(AND(K62<>"",M62<>""),"ok","-") -> -
A63: 24 | B63: 1010105 | C63: 101010506 | E63: 4 | G63: 5 | H63: 34 | I63: 177 | K63: ១.១.៥.៦. សកម្មភាពទី៦ : ពង្រឹងសេវាគាំទ្រកិច្ចប្រតិបត្តិការ និងការងារសម្របសម្រួល | N63: ការិយាល័យកិច្ចការទូទៅនិងសម្របសម្រួល | O63: =IF(AND(K63<>"",M63<>""),"ok","-") -> -
B64: 1010105 | C64: 101010507 | K64: ១.១.៥.៧. សកម្មភាពទី៧ : | O64: =IF(AND(K64<>"",M64<>""),"ok","-") -> -
B65: 1010105 | C65: 101010508 | K65: ១.១.៥.៨. សកម្មភាពទី៨ : ​ | O65: =IF(AND(K65<>"",M65<>""),"ok","-") -> -
B66: 1010105 | C66: 101010509 | K66: ១.១.៥.៩. សកម្មភាពទី៩ : | O66: =IF(AND(K66<>"",M66<>""),"ok","-") -> -
B67: 1010105 | C67: 101010510 | K67: ១.១.៥.១០. សកម្មភាពទី១០ : ​ | O67: =IF(AND(K67<>"",M67<>""),"ok","-") -> -
B68: 1010105 | C68: 101010511 | K68: ១.១.៥.១១. សកម្មភាពទី១១ : | O68: =IF(AND(K68<>"",M68<>""),"ok","-") -> -
B69: 1010105 | C69: 101010512 | K69: ១.១.៥.១២. សកម្មភាពទី១២ : ​ | O69: =IF(AND(K69<>"",M69<>""),"ok","-") -> -
A70: 6 | B70: 10101 | C70: 1010106 | D70: 1 | E70: 4 | F70: 1 | G70: 7 | I70: 33 | K70: ១.១.៦. ចង្កោមសកម្មភាពទី ៦ : រៀបចំ តាមដាន និងវាយតម្លៃ គោលនយោបាយពាក់ព័ន្ធនឹងប្រសិទ្ធភាពចំណាយ | M70: លោក | N70: នាយកដ្ឋានប្រសិទ្ធភាពចំណាយ | O70: =IF(AND(K70<>"",M70<>""),"ok","-") -> ok
A71: 25 | B71: 1010106 | C71: 101010601 | E71: 4 | G71: 7 | H71: 35 | I71: 177 | K71: ១.‌១.៦.១.សកម្មភាពទី១៖ការគ្រប់គ្រងកិច្ចការទូទៅ និងសម្របសម្រួល | N71: ការិយាល័យកិច្ចការទូទៅនិងសម្របសម្រួល | O71: =IF(AND(K71<>"",M71<>""),"ok","-") -> -
A72: 26 | B72: 1010106 | C72: 101010602 | E72: 4 | G72: 7 | H72: 36 | I72: 496 | K72: ១.‌១.៦.២.សកម្មភាពទី២៖ ការរៀបចំ ចងក្រង តាមដាន វិភាគនិងផ្សព្វផ្សាយបញ្ជីថ្លៃទំនិញ និងសេវា ព្រមទាំងកំណត់ស្តង់ដារថ្លៃទំនិញនិងសេវា សម្រាប់ប្រើប្រាស់ក្នុងចំណាយសាធារណៈ | N72: ការិយាល័យ ស្តង់ដារថ្លៃ និង ថ្លៃដើម | O72: =IF(AND(K72<>"",M72<>""),"ok","-") -> -
A73: 27 | B73: 1010106 | C73: 101010603 | E73: 4 | G73: 7 | H73: 37 | I73: 497 | K73: ១.១.៦.៣.សកម្មភាពទី៣៖ការវិភាគ និងវាយតម្លៃ លើសំណើគម្រោង | N73: ការិយាល័យ វិភាគ និងវាយតម្លៃគម្រោង | O73: =IF(AND(K73<>"",M73<>""),"ok","-") -> -
A74: 28 | B74: 1010106 | C74: 101010604 | E74: 4 | G74: 7 | H74: 38 | I74: 498 | K74: ១.‌១.៦.៤.សកម្មភាពទី៤៖ ការតាមដាន និងវាយតម្លៃ ការវិនិយោគសាធារណៈ | N74: ការិយាល័យ តាមដាន និងវាយតម្លៃ វិនិយោគសាធារណៈ | O74: =IF(AND(K74<>"",M74<>""),"ok","-") -> -
A75: 29 | B75: 1010106 | C75: 101010605 | E75: 4 | G75: 7 | H75: 39 | I75: 499 | K75: ១.‌១.៦.៥.សកម្មភាពទី៥៖ ការរៀបចំគោលនយោបាយ និងយុទ្ធសាស្រ្តវិនិយោគសាធារណៈ | N75: ការិយាល័យ យុទ្ធសាស្រ្តវិនិយោគសាធារណៈ | O75: =IF(AND(K75<>"",M75<>""),"ok","-") -> -
B76: 1010106 | C76: 101010606 | K76: ១.‌១.៦.៤.សកម្មភាពទី៤៖ ការតាមដាន និងវាយតម្លៃ ការវិនិយោគសាធារណៈ | O76: =IF(AND(K76<>"",M76<>""),"ok","-") -> -
B77: 1010106 | C77: 101010607 | K77: ១.‌១.៦.៤.សកម្មភាពទី៤៖ ការតាមដាន និងវាយតម្លៃ ការវិនិយោគសាធារណៈ | O77: =IF(AND(K77<>"",M77<>""),"ok","-") -> -
B78: 1010106 | C78: 101010608 | K78: ១.‌១.៦.៤.សកម្មភាពទី៤៖ ការតាមដាន និងវាយតម្លៃ ការវិនិយោគសាធារណៈ | O78: =IF(AND(K78<>"",M78<>""),"ok","-") -> -
B79: 1010106 | C79: 101010609 | K79: ១.‌១.៦.៤.សកម្មភាពទី៤៖ ការតាមដាន និងវាយតម្លៃ ការវិនិយោគសាធារណៈ | O79: =IF(AND(K79<>"",M79<>""),"ok","-") -> -
B80: 1010106 | C80: 101010610 | K80: ១.‌១.៦.៤.សកម្មភាពទី៤៖ ការតាមដាន និងវាយតម្លៃ ការវិនិយោគសាធារណៈ | O80: =IF(AND(K80<>"",M80<>""),"ok","-") -> -
B81: 1010106 | C81: 101010611 | K81: ១.‌១.៦.៤.សកម្មភាពទី៤៖ ការតាមដាន និងវាយតម្លៃ ការវិនិយោគសាធារណៈ | O81: =IF(AND(K81<>"",M81<>""),"ok","-") -> -
B82: 1010106 | C82: 101010612 | K82: ១.‌១.៦.៤.សកម្មភាពទី៤៖ ការតាមដាន និងវាយតម្លៃ ការវិនិយោគសាធារណៈ | O82: =IF(AND(K82<>"",M82<>""),"ok","-") -> -
B83: 10101 | C83: 1010107 | K83: ១.‌១.៦.៤.សកម្មភាពទី៤៖ ការតាមដាន និងវាយតម្លៃ ការវិនិយោគសាធារណៈ | O83: =IF(AND(K83<>"",M83<>""),"ok","-") -> -
B84: 1010107 | C84: 101010701 | K84: ១.‌១.៦.៤.សកម្មភាពទី៤៖ ការតាមដាន និងវាយតម្លៃ ការវិនិយោគសាធារណៈ | O84: =IF(AND(K84<>"",M84<>""),"ok","-") -> -
B85: 1010107 | C85: 101010702 | K85: ១.‌១.៦.៤.សកម្មភាពទី៤៖ ការតាមដាន និងវាយតម្លៃ ការវិនិយោគសាធារណៈ | O85: =IF(AND(K85<>"",M85<>""),"ok","-") -> -
B86: 1010107 | C86: 101010703 | K86: ១.‌១.៦.៤.សកម្មភាពទី៤៖ ការតាមដាន និងវាយតម្លៃ ការវិនិយោគសាធារណៈ | O86: =IF(AND(K86<>"",M86<>""),"ok","-") -> -
B87: 1010107 | C87: 101010704 | K87: ១.‌១.៦.៤.សកម្មភាពទី៤៖ ការតាមដាន និងវាយតម្លៃ ការវិនិយោគសាធារណៈ | O87: =IF(AND(K87<>"",M87<>""),"ok","-") -> -
... B199: 1010115 | C199: 101011512 | K199: ១.‌១.៦.៤.សកម្មភាពទី៤៖ ការតាមដាន និងវាយតម្លៃ ការវិនិយោគសាធារណៈ | O199: =IF(AND(K199<>"",M199<>""),"ok","-") -> -

Sheet BSP1
C5: តារាង ១ : អនុកម្មវិធី អ្នកគ្រប់គ្រង និងអង្គភាពទទួលខុសត្រូវ
F6: តារាង ១"ក"
F7: ឯកតា៖ លានរៀល
C8: ជំពូក | D8: ជំពូក | E8: ជំពូក | F8: ជំពូក
A10: Check | B10: កូដកម្មវិធី | C10: ឈ្មោះគោលបំណងគោលនយោបាយ | D10: ឈ្នោះកម្មវិធី និងអនុកម្មវិធី | E10: អ្នកគ្រប់គ្រង | F10: អង្គភាពទទួលខុសត្រូវ
B11: =A12 -> #REF! | C11: គោលបំណងគោលនយោបាយទី១: ការគ្រប់គ្រងសេដ្ឋកិច្ច និងវិស័យ ហិរញ្ញវត្ថុ | D11: កម្មវិធីទី១ : ការគ្រប់គ្រងវិស័យសេដ្ឋកិច្ច | E11: ឯកឧត្តម/លោកជំទាវ... | G11: =IF(AND(D11<>"",E11<>""),"ok","-") -> ok
A12: =LEFT(B12,3) -> #REF! | B12: =#REF! -> #REF! | D12: ១.១. អនុកម្មវិធីទី១.១ : ការគ្រប់គ្រងគោលនយោបាយសេដ្ឋកិច្ច ហិរញ្ញវត្ថុ និងគោលនយោបាយតាមវិស័យផ្សេងៗ | E12: ឯកឧត្តម ឈាង វណ្ណារិទ្ធ | F12: អគ្គនាយកដ្ឋានគោលនយោបាយ | G12: =IF(AND(D12<>"",E12<>""),"ok","-") -> ok
A13: =LEFT(B13,5) -> #REF! | B13: =$B$12&"01" -> #REF! | D13: ១.១.១. ចង្កោមសកម្មភាពទី១ : គាំទ្រ សម្របសម្រួល និងគ្រប់គ្រងការងាររដ្ឋបាលរបស់អគ្គនាយកដ្ឋាន | E13: លោក ស្រ៊ន មុនីនាត | F13: លេខាធិការដ្ឋាន | G13: =IF(AND(D13<>"",E13<>""),"ok","-") -> ok
A14: =LEFT(B14,7) -> #REF! | B14: =B13&"01" -> #REF! | D14: ១.១.១.១. សកម្មភាពទី១ : បំពេញមុខជាលេខាធិការដ្ឋាន | E14: លោក ស្រ៊ន មុនីនាត | F14: លេខាធិការដ្ឋាន | G14: =IF(AND(D14<>"",E14<>""),"ok","-") -> ok
A15: =LEFT(B15,7) -> #REF! | B15: =B13&"02" -> #REF! | D15: ១.១.១.២. សកម្មភាពទី២ : ​ចូលរួមកិច្ចប្រជុំផ្សេងៗ ក្នុងនិងក្រៅប្រទេសរបស់ឯកឧត្តមអគ្គនាយក | E15: លោក ស្រ៊ន មុនីនាត | F15: លេខាធិការដ្ឋាន | G15: =IF(AND(D15<>"",E15<>""),"ok","-") -> ok
A16: =LEFT(B16,7) -> #REF! | B16: =B13&"03" -> #REF! | D16: ១.១.១.៣. សកម្មភាពទី៣ : | G16: =IF(AND(D16<>"",E16<>""),"ok","-") -> -
A17: =LEFT(B17,7) -> #REF! | B17: =B13&"04" -> #REF! | D17: ១.១.១.៤. សកម្មភាពទី៤ : | G17: =IF(AND(D17<>"",E17<>""),"ok","-") -> -
A18: =LEFT(B18,7) -> #REF! | B18: =B13&"05" -> #REF! | D18: ១.១.១.៥. សកម្មភាពទី៥ : | G18: =IF(AND(D18<>"",E18<>""),"ok","-") -> -
A19: =LEFT(B19,7) -> #REF! | B19: =B13&"06" -> #REF! | D19: ១.១.១.៦. សកម្មភាពទី៦ : | G19: =IF(AND(D19<>"",E19<>""),"ok","-") -> -
A20: =LEFT(B20,7) -> #REF! | B20: =B13&"07" -> #REF! | D20: ១.១.១.៧. សកម្មភាពទី៧ : | G20: =IF(AND(D20<>"",E20<>""),"ok","-") -> -
A21: =LEFT(B21,7) -> #REF! | B21: =B13&"08" -> #REF! | D21: ១.១.១.៨. សកម្មភាពទី៨ : ​ | G21: =IF(AND(D21<>"",E21<>""),"ok","-") -> -
A22: =LEFT(B22,7) -> #REF! | B22: =B13&"09" -> #REF! | D22: ១.១.១.៩. សកម្មភាពទី៩ : | G22: =IF(AND(D22<>"",E22<>""),"ok","-") -> -
A23: =LEFT(B23,7) -> #REF! | B23: =B13&"10" -> #REF! | D23: ១.១.១.១០. សកម្មភាពទី១០ : ​ | G23: =IF(AND(D23<>"",E23<>""),"ok","-") -> -
A24: =LEFT(B24,7) -> #REF! | B24: =B13&"11" -> #REF! | D24: ១.១.១.១១. សកម្មភាពទី១១ : | G24: =IF(AND(D24<>"",E24<>""),"ok","-") -> -
A25: =LEFT(B25,7) -> #REF! | B25: =B13&"12" -> #REF! | D25: ១.១.១.១២. សកម្មភាពទី១២ : ​ | G25: =IF(AND(D25<>"",E25<>""),"ok","-") -> -
A26: =LEFT(B26,5) -> #REF! | B26: =$B$12&"02" -> #REF! | D26: ១.១.២. ចង្កោមសកម្មភាពទី២ : រៀបចំ កែលម្អ ត្រួតពិនិត្យ និងវាយតម្លៃគោលនយោបាយម៉ាក្រូសេដ្ឋកិច្ច និងសារពើពន្ធ | E26: លោកស្រី សែម សុភា | F26: នាយកដ្ឋានគោលនយោ​បាយ​ម៉ាក្រូសេដ្ឋកិច្ច និងសារពើពន្ធ | G26: =IF(AND(D26<>"",E26<>""),"ok","-") -> ok
A27: =LEFT(B27,7) -> #REF! | B27: =B26&"01" -> #REF! | D27: ១.១.២.១. សកម្មភាពទី១ : ធ្វើការស្រាវជ្រាវលើវឌ្ឍនភាព និងបញ្ហា អភិវឌ្ឍន៍សេដ្ឋកិច្ច ហិរញ្ញវត្ថុ និងវិស័យសំខាន់ៗ | E27: លោក ស៊ីន ស៊ីប | F27: ការិយាល័យស្រាវជ្រាវ | G27: =IF(AND(D27<>"",E27<>""),"ok","-") -> ok
A28: =LEFT(B28,7) -> #REF! | B28: =B26&"02" -> #REF! | D28: ១.១.២.២. សកម្មភាពទី២ : តាមដាន និងវាយតម្លៃការអនុវត្តគោលនយោបាយសារពើពន្ធ អនុលោមតាមគោលដៅយុទ្ធសាស្រ្តជាតិ | E28: កញ្ញា សែម សុភា | F28: ការិយាល័យវិភាគ និងព្យាករណ៍សារពើពន្ធ | G28: =IF(AND(D28<>"",E28<>""),"ok","-") -> ok
A29: =LEFT(B29,7) -> #REF! | B29: =B26&"03" -> #REF! | D29: ១.១.២.៣. សកម្មភាពទី៣ : តាមដាន និងវាយតម្លៃការអនុវត្តយុទ្ធសាស្រ្ត និងគោលនយោបាយពាក់ព័ន្ធនឹងវិស័យសេដ្ឋកិច្ច-សង្គម | E29: លោក ឌី សេរីវិរៈ | F29: ការិយាល័យគោលនយោបាយសេដ្ឋកិច្ច | G29: =IF(AND(D29<>"",E29<>""),"ok","-") -> ok
A30: =LEFT(B30,7) -> #REF! | B30: =B26&"04" -> #REF! | D30: ១.១.២.៤. សកម្មភាពទី៤ : ពិនិត្យ តាមដាន និងវាយតម្លៃស្ថានភាពសេដ្ឋកិច្ច និងក្របខ័ណ្ឌម៉ាក្រូសេដ្ឋកិច្ចរយៈពេលមធ្យម | E30: លោកស្រី តាន់ ទ្បានីន | F30: ការិយាល័យវិភាគ និងព្យាករណ៍សេដ្ឋកិច្ច | G30: =IF(AND(D30<>"",E30<>""),"ok","-") -> ok
A31: =LEFT(B31,7) -> #REF! | B31: =B26&"05" -> #REF! | D31: ១.១.២.៥. សកម្មភាពទី៥ : តាមដាន និងវិភាគគោលនយោបាយហិរញ្ញវត្ថុសាធារណៈ | E31: លោក ម៉ក់ វិចិត្រសក្កដា | F31: ការិយាល័យគោលនយោបាយហិរញ្ញវត្ថុសាធារណៈ | G31: =IF(AND(D31<>"",E31<>""),"ok","-") -> ok
A32: =LEFT(B32,7) -> #REF! | B32: =B26&"06" -> #REF! | D32: ១.១.២.៦. សកម្មភាពទី៦ : ពង្រឹងសេវាគាំទ្រកិច្ចប្រតិបត្តិការ និងការងារសម្របសម្រួលសម្រាប់នាយកដ្ឋានគោលនយោបាយម៉ាក្រូសេដ្ឋកិច្ច និងសារពើពន្ធ | E32: លោកស្រី ស៊ាង ពីសី | F32: ការិយាល័យកិច្ចការទូទៅ និងសម្របសម្រួល | G32: =IF(AND(D32<>"",E32<>""),"ok","-") -> ok
A33: =LEFT(B33,7) -> #REF! | B33: =B26&"07" -> #REF! | D33: ១.១.២.៧. សកម្មភាពទី៧ : | G33: =IF(AND(D33<>"",E33<>""),"ok","-") -> -
A34: =LEFT(B34,7) -> #REF! | B34: =B26&"08" -> #REF! | D34: ១.១.២.៨. សកម្មភាពទី៨ : ​ | G34: =IF(AND(D34<>"",E34<>""),"ok","-") -> -
A35: =LEFT(B35,7) -> #REF! | B35: =B26&"09" -> #REF! | D35: ១.១.២.៩. សកម្មភាពទី៩ : | G35: =IF(AND(D35<>"",E35<>""),"ok","-") -> -
A36: =LEFT(B36,7) -> #REF! | B36: =B26&"10" -> #REF! | D36: ១.១.២.១០. សកម្មភាពទី១០ : ​ | G36: =IF(AND(D36<>"",E36<>""),"ok","-") -> -
A37: =LEFT(B37,7) -> #REF! | B37: =B26&"11" -> #REF! | D37: ១.១.២.១១. សកម្មភាពទី១១ : | G37: =IF(AND(D37<>"",E37<>""),"ok","-") -> -
A38: =LEFT(B38,7) -> #REF! | B38: =B26&"12" -> #REF! | D38: ១.១.២.១២. សកម្មភាពទី១២ : ​ | G38: =IF(AND(D38<>"",E38<>""),"ok","-") -> -
A39: =LEFT(B39,5) -> #REF! | B39: =$B$12&"03" -> #REF! | D39: ១.១.៣. ចង្កោមសកម្មភាពទី៣ : លើកកម្ពស់ការងារស្ថិតិសេដ្ឋកិច្ចនិងហិរញ្ញវត្ថុសាធារណៈ | E39: លោក សុខ ខន | F39: នាយកដ្ឋានស្ថិតិ និងវិភាគសេដ្ឋកិច្ច | G39: =IF(AND(D39<>"",E39<>""),"ok","-") -> ok
A40: =LEFT(B40,7) -> #REF! | B40: =B39&"01" -> #REF! | D40: ១.‌១.៣.១.សកម្មភាពទី១៖ពង្រឹងការគ្រប់គ្រងកិច្ចការទូទៅ និងការសម្របសម្រួលផ្ទៃក្នុងនិងអន្តរទំនាក់ទំនង ដើម្បីបុរេសកម្មការងារ | E40: កញ្ញា កូយ សុចាន់ | F40: ការិយាល័យកិច្ចការទូទៅ និងសម្របសម្រួល | G40: =IF(AND(D40<>"",E40<>""),"ok","-") -> ok
A41: =LEFT(B41,7) -> #REF! | B41: =B39&"02" -> #REF! | D41: ១.‌១.៣.២.សកម្មភាពទី២៖ ពង្រឹងការរៀបចំចងក្រង តាមដាន វិភាគនិងផ្សព្វផ្សាយស្ថិតិប្រតិបត្តិការហិរញ្ញវត្ថុ (TOFE) និងស្តង់ដារស្ថិតិហិរញ្ញវត្ថុរដ្ឋាភិបាល (GFS) | E41: លោក​ស្រី សែម សំណាង | F41: ការិយាល័យស្ថិតិហិរញ្ញវត្ថុសាធារណៈ | G41: =IF(AND(D41<>"",E41<>""),"ok","-") -> ok
A42: =LEFT(B42,7) -> #REF! | B42: =B39&"03" -> #REF! | D42: ១.១.៣.៣.សកម្មភាពទី៣៖​ ពង្រឹងការរៀបចំចងក្រង តាមដាន វិភាគនិងផ្សព្វផ្សាយស្ថិតិម៉ាក្រូសេដ្ឋកិច្ច | E42: លោក បាន ​កុសល | F42: ការិយាល័យស្ថិតិ និងវិភាគម៉ាក្រូសេដ្ឋកិច្ច | G42: =IF(AND(D42<>"",E42<>""),"ok","-") -> ok
A43: =LEFT(B43,7) -> #REF! | B43: =B39&"04" -> #REF! | D43: ១.‌១.៣.៤.សកម្មភាពទី៤៖ ពង្រឹងការរៀបចំចងក្រង តាមដាន វិភាគនិងផ្សព្វផ្សាយស្ថិតិសេដ្ឋកិច្ចតាមវិស័យ | E43: លោក ស្រៀង ចន្ធី | F43: ការិយាល័យស្ថិតិ និងវិភាគសេដ្ឋកិច្ចតាមវិស័យ | G43: =IF(AND(D43<>"",E43<>""),"ok","-") -> ok
A44: =LEFT(B44,7) -> #REF! | B44: =B39&"05" -> #REF! | D44: ១.១.៣.៥.សកម្មភាពទី៥៖​ ពង្រឹងការរៀបចំចងក្រង តាមដាន វិភាគនិងផ្សព្វផ្សាយស្ថិតិថ្លៃទំនិញនិងសេវា | E44: លោក ជា សុខឃីមរាជ | F44: ការិយាល័យតាមដានថ្លៃទំនិញ និងសេវា | G44: =IF(AND(D44<>"",E44<>""),"ok","-") -> ok
A45: =LEFT(B45,7) -> #REF! | B45: =B39&"06" -> #REF! | D45: ១.‌១.៣.៦.សកម្មភាពទី៦៖ ពង្រឹងការតាមដាន និងវិភាគនិន្នាការសេដ្ឋកិច្ច | E45: លោក បាន ​កុសល | F45: ការិយាល័យតាមដាន និងវិភាគនិន្នាការសេដ្ឋកិច្ច | G45: =IF(AND(D45<>"",E45<>""),"ok","-") -> ok
A46: =LEFT(B46,7) -> #REF! | B46: =B39&"07" -> #REF! | D46: ១.១.៣.៧. សកម្មភាពទី៧ : | G46: =IF(AND(D46<>"",E46<>""),"ok","-") -> -
A47: =LEFT(B47,7) -> #REF! | B47: =B39&"08" -> #REF! | D47: ១.១.៣.៨. សកម្មភាពទី៨ : ​ | G47: =IF(AND(D47<>"",E47<>""),"ok","-") -> -
A48: =LEFT(B48,7) -> #REF! | B48: =B39&"09" -> #REF! | D48: ១.១.៣.៩. សកម្មភាពទី៩ : | G48: =IF(AND(D48<>"",E48<>""),"ok","-") -> -
A49: =LEFT(B49,7) -> #REF! | B49: =B39&"10" -> #REF! | D49: ១.១.៣.១០. សកម្មភាពទី១០ : ​ | G49: =IF(AND(D49<>"",E49<>""),"ok","-") -> -
A50: =LEFT(B50,7) -> #REF! | B50: =B39&"11" -> #REF! | D50: ១.១.៣.១១. សកម្មភាពទី១១ : | G50: =IF(AND(D50<>"",E50<>""),"ok","-") -> -
A51: =LEFT(B51,7) -> #REF! | B51: =B39&"12" -> #REF! | D51: ១.១.៣.១២. សកម្មភាពទី១២ : ​ | G51: =IF(AND(D51<>"",E51<>""),"ok","-") -> -
A52: =LEFT(B52,5) -> #REF! | B52: =$B$12&"04" -> #REF! | D52: ១.១.៤. ចង្កោមសកម្មភាពទី៤ : លើកកម្ពស់កិច្ចការសមាហរណកម្មសេដ្ឋកិច្ច និងសហប្រតិបត្តិការហិរញ្ញវត្ថុនិងរូបិយវត្ថុ | E52: លោក អ៊ុយ រិទ្ធីមុនី | F52: នាយកដ្ឋានសមាហរណកម្មសេដ្ឋកិច្ចនិងអាស៊ាន | G52: =IF(AND(D52<>"",E52<>""),"ok","-") -> ok
A53: =LEFT(B53,7) -> #REF! | B53: =B52&"01" -> #REF! | D53: ១.១.៤.១. សកម្មភាពទី១ : តាមដាន សម្របសម្រួល និងអនុវត្តយន្តការសហប្រតិបត្តិការហិរញ្ញវត្ថុ និងរូបិយវត្ថុអាស៊ាន និងជាមួយប្រទេសដៃគូ | E53: កញ្ញា ហង់ ម៉ូលីសានីន | F53: ការិយាល័យសហប្រតិបត្តិការហិរញ្ញវត្ថុ និងរូបិយវត្ថុ, ការិយាល័យអាស៊ីបូព៌ា | G53: =IF(AND(D53<>"",E53<>""),"ok","-") -> ok
A54: =LEFT(B54,7) -> #REF! | B54: =B52&"02" -> #REF! | D54: ១.១.៤.២. សកម្មភាពទី២ : តាមដាន សម្របសម្រួល និងអនុវត្តកិច្ចព្រមព្រៀងពាណិជ្ជកម្មសេរី អាស៊ាន និងជាមួយប្រទេសដៃគូ | E54: លោកស្រី យូ ម៉ូនីតា, លោក ម៉ាង តាំង, កញ្ញា ប្រាក់ ពុធានាថ | F54: ការិយាល័យអាស៊ាន, ការិយាល័យអូសេអានី អាស៊ីកណ្តាល និងអាស៊ីខាងត្បូង,ការិយាល័យអ៊ឺរ៉ុប អាមេរិក និងអាហ្វ្រិក | G54: =IF(AND(D54<>"",E54<>""),"ok","-") -> ok
A55: =LEFT(B55,7) -> #REF! | B55: =B52&"03" -> #REF! | D55: ១.១.៤.៣. សកម្មភាពទី៣ : តាមដាន សម្របសម្រួល និងអនុវត្តការងារពាក់ព័ន្ធនានាក្នុងនាមជាលេខាធិការដ្ឋានរបស់គណៈកម្មាធិការជាតិសម្រាប់វិធានការមិនមែនពន្ធនិងនិហិតដ្ឋានជាតិព័ត៌មានពាក់ព័ន្ធនឹងពាណិជ្ជកម្ម | E55: លោក សន នី | F55: ការិយាល័យអាស៊ាន, ការិយាល័យអូសេអានី អាស៊ីកណ្តាល និងអាស៊ីខាងត្បូង,ការិយាល័យអ៊ឺរ៉ុប អាមេរិក និងអាហ្វ្រិក | G55: =IF(AND(D55<>"",E55<>""),"ok","-") -> ok
A56: =LEFT(B56,7) -> #REF! | B56: =B52&"04" -> #REF! | D56: ១.១.៤.៤. សកម្មភាពទី៤ : រៀបចំ (១)សិក្ខាសាលាផ្សព្វផ្សាយស្តីពីការអនុវត្តកិច្ចព្រមព្រៀងពាណិជ្ជកម្មសេរីអាស៊ាន និងអាស៊ានជាមួយដៃគូ និង (២)សិក្ខាសាលាជាតិស្តីពីការងារពាក់ព័ន្ធនឹងគណៈកម្មាធិការជាតិសម្រាប់វិធានការមិនមែនពន្ធ និងនិហិតដ្ឋានជាតិព័ត៌មានពាក់ព័ន្ធនឹងពាណិជ្ជកម្ម | E56: លោកស្រី សេង សារិទ្ធ | F56: ការិយាល័យអាស៊ាន, ការិយាល័យអូសេអានី អាស៊ីកណ្តាល និងអាស៊ីខាងត្បូង,ការិយាល័យអ៊ឺរ៉ុប អាមេរិក និងអាហ្វ្រិក | G56: =IF(AND(D56<>"",E56<>""),"ok","-") -> ok
A57: =LEFT(B57,7) -> #REF! | B57: =B52&"05" -> #REF! | D57: ១.១.៤.៥. សកម្មភាពទី៥ : | G57: =IF(AND(D57<>"",E57<>""),"ok","-") -> -
A58: =LEFT(B58,7) -> #REF! | B58: =B52&"06" -> #REF! | D58: ១.១.៤.៦. សកម្មភាពទី៦ : | G58: =IF(AND(D58<>"",E58<>""),"ok","-") -> -
A59: =LEFT(B59,7) -> #REF! | B59: =B52&"07" -> #REF! | D59: ១.១.៤.៧. សកម្មភាពទី៧ : | G59: =IF(AND(D59<>"",E59<>""),"ok","-") -> -
A60: =LEFT(B60,7) -> #REF! | B60: =B52&"08" -> #REF! | D60: ១.១.៤.៨. សកម្មភាពទី៨ : ​ | G60: =IF(AND(D60<>"",E60<>""),"ok","-") -> -
A61: =LEFT(B61,7) -> #REF! | B61: =B52&"09" -> #REF! | D61: ១.១.៤.៩. សកម្មភាពទី៩ : | G61: =IF(AND(D61<>"",E61<>""),"ok","-") -> -
A62: =LEFT(B62,7) -> #REF! | B62: =B52&"10" -> #REF! | D62: ១.១.៤.១០. សកម្មភាពទី១០ : ​ | G62: =IF(AND(D62<>"",E62<>""),"ok","-") -> -
A63: =LEFT(B63,7) -> #REF! | B63: =B52&"11" -> #REF! | D63: ១.១.៤.១១. សកម្មភាពទី១១ : | G63: =IF(AND(D63<>"",E63<>""),"ok","-") -> -
A64: =LEFT(B64,7) -> #REF! | B64: =B52&"12" -> #REF! | D64: ១.១.៤.១២. សកម្មភាពទី១២ : ​ | G64: =IF(AND(D64<>"",E64<>""),"ok","-") -> -
A65: =LEFT(B65,5) -> #REF! | B65: =$B$12&"05" -> #REF! | D65: ១.១.៥. ចង្កោមសកម្មភាពទី ៥ : លើកកម្ពស់គោលនយោបាយលើវិស័យសេដ្ឋកិច្ចថ្មី | E65: លោក | F65: នាយកដ្ឋានសេដ្ឋកិច្ចថ្មី | G65: =IF(AND(D65<>"",E65<>""),"ok","-") -> ok
A66: =LEFT(B66,7) -> #REF! | B66: =B65&"01" -> #REF! | D66: ១.១.៥.១. សកម្មភាពទី១ :សិក្សាពាក់ព័ន្ធការកំណត់ និងការលើកកម្ពស់ប្រភពកំណើនថ្មី និងការគិតគូរជាយុទ្ធសាស្ត្ររយៈពេលវែង | F66: ការិយាល័យវិភាគជាយុទ្ធសាស្ត្រទស្សនវិស័យអនាគត | G66: =IF(AND(D66<>"",E66<>""),"ok","-") -> -
A67: =LEFT(B67,7) -> #REF! | B67: =B65&"02" -> #REF! | D67: ១.១.៥.២. សកម្មភាពទី២ : សិក្សាពាក់ព័ន្ធសេដ្ឋកិច្ចបៃតង និង ការលើកកម្ពស់ការប្រើប្រាស់ថាមពលបៃតង និងប្រសិទ្ធភាពថាមពល | F67: ការិយាល័យគោលនយោបាយសេដ្ឋកិច្ចបៃតង | G67: =IF(AND(D67<>"",E67<>""),"ok","-") -> -
A68: =LEFT(B68,7) -> #REF! | B68: =B65&"03" -> #REF! | D68: ១.១.៥.៣. សកម្មភាពទី៣ : សិក្សាពាក់ព័ន្ធនឹងសេដ្ឋកិច្ចឌីជីថល និងការជំរុញការអនុវត្ត​បរិវត្តកម្មឌីជីថល | F68: ការិយាល័យគោលនយោបាយសេដ្ឋកិច្ចឌីជីថល | G68: =IF(AND(D68<>"",E68<>""),"ok","-") -> -
A69: =LEFT(B69,7) -> #REF! | B69: =B65&"04" -> #REF! | D69: ១.១.៥.៤. សកម្មភាពទី៤ :ការអនុវត្តគម្រោងមូលនិធិអភិវឌ្ឍន៍ជំនាញ (SDF)និង “មូលនិធិអភិវឌ្ឍន៍សហគ្រិនភាព (EDF)” | F69: ការិយាល័យ គោលនយោបាយសហគ្រិនភាពនិងជំនាញ | G69: =IF(AND(D69<>"",E69<>""),"ok","-") -> -
A70: =LEFT(B70,7) -> #REF! | B70: =B65&"05" -> #REF! | D70: ១.១.៥.៥. សកម្មភាពទី៥ :ការតាមដានការអនុវត្តគោលនយោបាយនិងយុទ្ធសាស្ត្រពាក់ព័ន្ធ​​នឹងការលើកទឹកចិត្តសារពើពន្ធ និងមិនមែនសារពើពន្ធដើម្បីជំរុញកំណើនសេដ្ឋកិច្ច | F70: ការិយាល័យគោលនយោបាយលើកទឹកចិត្តវិនិយោគ | G70: =IF(AND(D70<>"",E70<>""),"ok","-") -> -
A71: =LEFT(B71,7) -> #REF! | B71: =B65&"06" -> #REF! | D71: ១.១.៥.៦. សកម្មភាពទី៦ : ពង្រឹងសេវាគាំទ្រកិច្ចប្រតិបត្តិការ និងការងារសម្របសម្រួល | F71: ការិយាល័យកិច្ចការទូទៅ និងសម្របសម្រួល | G71: =IF(AND(D71<>"",E71<>""),"ok","-") -> -
A72: =LEFT(B72,7) -> #REF! | B72: =B65&"07" -> #REF! | D72: ១.១.៥.៧. សកម្មភាពទី៧ : | G72: =IF(AND(D72<>"",E72<>""),"ok","-") -> -
A73: =LEFT(B73,7) -> #REF! | B73: =B65&"08" -> #REF! | D73: ១.១.៥.៨. សកម្មភាពទី៨ : ​ | G73: =IF(AND(D73<>"",E73<>""),"ok","-") -> -
A74: =LEFT(B74,7) -> #REF! | B74: =B65&"09" -> #REF! | D74: ១.១.៥.៩. សកម្មភាពទី៩ : | G74: =IF(AND(D74<>"",E74<>""),"ok","-") -> -
A75: =LEFT(B75,7) -> #REF! | B75: =B65&"10" -> #REF! | D75: ១.១.៥.១០. សកម្មភាពទី១០ : ​ | G75: =IF(AND(D75<>"",E75<>""),"ok","-") -> -
A76: =LEFT(B76,7) -> #REF! | B76: =B65&"11" -> #REF! | D76: ១.១.៥.១១. សកម្មភាពទី១១ : | G76: =IF(AND(D76<>"",E76<>""),"ok","-") -> -
A77: =LEFT(B77,7) -> #REF! | B77: =B65&"12" -> #REF! | D77: ១.១.៥.១២. សកម្មភាពទី១២ : ​ | G77: =IF(AND(D77<>"",E77<>""),"ok","-") -> -
A78: =LEFT(B78,5) -> #REF! | B78: =$B$12&"06" -> #REF! | D78: ១.១.៦. ចង្កោមសកម្មភាពទី ៦ : រៀបចំ តាមដាន និងវាយតម្លៃ គោលនយោបាយពាក់ព័ន្ធនឹងប្រសិទ្ធភាពចំណាយ | E78: លោក | F78: នាយកដ្ឋានប្រសិទ្ធភាពចំណាយ | G78: =IF(AND(D78<>"",E78<>""),"ok","-") -> ok
A79: =LEFT(B79,7) -> #REF! | B79: =B78&"01" -> #REF! | D79: ១.‌១.៦.១.សកម្មភាពទី១៖ការគ្រប់គ្រងកិច្ចការទូទៅ និងសម្របសម្រួល | F79: ការិយាល័យកិច្ចការទូទៅ និងសម្របសម្រួល | G79: =IF(AND(D79<>"",E79<>""),"ok","-") -> -
A80: =LEFT(B80,7) -> #REF! | B80: =B78&"02" -> #REF! | D80: ១.‌១.៦.២.សកម្មភាពទី២៖ ការរៀបចំ ចងក្រង តាមដាន វិភាគនិងផ្សព្វផ្សាយបញ្ជីថ្លៃទំនិញ និងសេវា ព្រមទាំងកំណត់ស្តង់ដារថ្លៃទំនិញនិងសេវា សម្រាប់ប្រើប្រាស់ក្នុងចំណាយសាធារណៈ | F80: ការិយាល័យ ស្តង់ដារថ្លៃ និង ថ្លៃដើម | G80: =IF(AND(D80<>"",E80<>""),"ok","-") -> -
A81: =LEFT(B81,7) -> #REF! | B81: =B78&"03" -> #REF! | D81: ១.១.៦.៣.សកម្មភាពទី៣៖ការវិភាគ និងវាយតម្លៃ លើសំណើគម្រោង | F81: ការិយាល័យ វិភាគ និងវាយតម្លៃគម្រោង | G81: =IF(AND(D81<>"",E81<>""),"ok","-") -> -
A82: =LEFT(B82,7) -> #REF! | B82: =B78&"04" -> #REF! | D82: ១.‌១.៦.៤.សកម្មភាពទី៤៖ ការតាមដាន និងវាយតម្លៃ ការវិនិយោគសាធារណៈ | F82: ការិយាល័យ តាមដាន និងវាយតម្លៃ វិនិយោគសាធារណៈ | G82: =IF(AND(D82<>"",E82<>""),"ok","-") -> -
A83: =LEFT(B83,7) -> #REF! | B83: =B78&"05" -> #REF! | D83: ១.‌១.៦.៥.សកម្មភាពទី៥៖ ការរៀបចំគោលនយោបាយ និងយុទ្ធសាស្រ្តវិនិយោគសាធារណៈ | F83: ការិយាល័យ យុទ្ធសាស្រ្តវិនិយោគសាធារណៈ | G83: =IF(AND(D83<>"",E83<>""),"ok","-") -> -
A84: =LEFT(B84,7) -> #REF! | B84: =B78&"06" -> #REF! | D84: ១.‌១.៦.៤.សកម្មភាពទី៤៖ ការតាមដាន និងវាយតម្លៃ ការវិនិយោគសាធារណៈ | G84: =IF(AND(D84<>"",E84<>""),"ok","-") -> -
A85: =LEFT(B85,7) -> #REF! | B85: =B78&"07" -> #REF! | D85: ១.‌១.៦.៤.សកម្មភាពទី៤៖ ការតាមដាន និងវាយតម្លៃ ការវិនិយោគសាធារណៈ | G85: =IF(AND(D85<>"",E85<>""),"ok","-") -> -
A86: =LEFT(B86,7) -> #REF! | B86: =B78&"08" -> #REF! | D86: ១.‌១.៦.៤.សកម្មភាពទី៤៖ ការតាមដាន និងវាយតម្លៃ ការវិនិយោគសាធារណៈ | G86: =IF(AND(D86<>"",E86<>""),"ok","-") -> -
A87: =LEFT(B87,7) -> #REF! | B87: =B78&"09" -> #REF! | D87: ១.‌១.៦.៤.សកម្មភាពទី៤៖ ការតាមដាន និងវាយតម្លៃ ការវិនិយោគសាធារណៈ | G87: =IF(AND(D87<>"",E87<>""),"ok","-") -> -
A88: =LEFT(B88,7) -> #REF! | B88: =B78&"10" -> #REF! | D88: ១.‌១.៦.៤.សកម្មភាពទី៤៖ ការតាមដាន និងវាយតម្លៃ ការវិនិយោគសាធារណៈ | G88: =IF(AND(D88<>"",E88<>""),"ok","-") -> -
A89: =LEFT(B89,7) -> #REF! | B89: =B78&"11" -> #REF! | D89: ១.‌១.៦.៤.សកម្មភាពទី៤៖ ការតាមដាន និងវាយតម្លៃ ការវិនិយោគសាធារណៈ | G89: =IF(AND(D89<>"",E89<>""),"ok","-") -> -
A90: =LEFT(B90,7) -> #REF! | B90: =B78&"12" -> #REF! | D90: ១.‌១.៦.៤.សកម្មភាពទី៤៖ ការតាមដាន និងវាយតម្លៃ ការវិនិយោគសាធារណៈ | G90: =IF(AND(D90<>"",E90<>""),"ok","-") -> -
A91: =LEFT(B91,5) -> #REF! | B91: =$B$12&"07" -> #REF! | D91: ១.‌១.៦.៤.សកម្មភាពទី៤៖ ការតាមដាន និងវាយតម្លៃ ការវិនិយោគសាធារណៈ | G91: =IF(AND(D91<>"",E91<>""),"ok","-") -> -
A92: =LEFT(B92,7) -> #REF! | B92: =B91&"01" -> #REF! | D92: ១.‌១.៦.៤.សកម្មភាពទី៤៖ ការតាមដាន និងវាយតម្លៃ ការវិនិយោគសាធារណៈ | G92: =IF(AND(D92<>"",E92<>""),"ok","-") -> -
A93: =LEFT(B93,7) -> #REF! | B93: =B91&"02" -> #REF! | D93: ១.‌១.៦.៤.សកម្មភាពទី៤៖ ការតាមដាន និងវាយតម្លៃ ការវិនិយោគសាធារណៈ | G93: =IF(AND(D93<>"",E93<>""),"ok","-") -> -
A94: =LEFT(B94,7) -> #REF! | B94: =B91&"03" -> #REF! | D94: ១.‌១.៦.៤.សកម្មភាពទី៤៖ ការតាមដាន និងវាយតម្លៃ ការវិនិយោគសាធារណៈ | G94: =IF(AND(D94<>"",E94<>""),"ok","-") -> -
A95: =LEFT(B95,7) -> #REF! | B95: =B91&"04" -> #REF! | D95: ១.‌១.៦.៤.សកម្មភាពទី៤៖ ការតាមដាន និងវាយតម្លៃ ការវិនិយោគសាធារណៈ | G95: =IF(AND(D95<>"",E95<>""),"ok","-") -> -
A96: =LEFT(B96,7) -> #REF! | B96: =B91&"05" -> #REF! | D96: ១.‌១.៦.៤.សកម្មភាពទី៤៖ ការតាមដាន និងវាយតម្លៃ ការវិនិយោគសាធារណៈ | G96: =IF(AND(D96<>"",E96<>""),"ok","-") -> -
A97: =LEFT(B97,7) -> #REF! | B97: =B91&"06" -> #REF! | D97: ១.‌១.៦.៤.សកម្មភាពទី៤៖ ការតាមដាន និងវាយតម្លៃ ការវិនិយោគសាធារណៈ | G97: =IF(AND(D97<>"",E97<>""),"ok","-") -> -
A98: =LEFT(B98,7) -> #REF! | B98: =B91&"07" -> #REF! | D98: ១.‌១.៦.៤.សកម្មភាពទី៤៖ ការតាមដាន និងវាយតម្លៃ ការវិនិយោគសាធារណៈ | G98: =IF(AND(D98<>"",E98<>""),"ok","-") -> -
A99: =LEFT(B99,7) -> #REF! | B99: =B91&"08" -> #REF! | D99: ១.‌១.៦.៤.សកម្មភាពទី៤៖ ការតាមដាន និងវាយតម្លៃ ការវិនិយោគសាធារណៈ | G99: =IF(AND(D99<>"",E99<>""),"ok","-") -> -
A100: =LEFT(B100,7) -> #REF! | B100: =B91&"09" -> #REF! | D100: ១.‌១.៦.៤.សកម្មភាពទី៤៖ ការតាមដាន និងវាយតម្លៃ ការវិនិយោគសាធារណៈ | G100: =IF(AND(D100<>"",E100<>""),"ok","-") -> -
A101: =LEFT(B101,7) -> #REF! | B101: =B91&"10" -> #REF! | D101: ១.‌១.៦.៤.សកម្មភាពទី៤៖ ការតាមដាន និងវាយតម្លៃ ការវិនិយោគសាធារណៈ | G101: =IF(AND(D101<>"",E101<>""),"ok","-") -> -
A102: =LEFT(B102,7) -> #REF! | B102: =B91&"11" -> #REF! | D102: ១.‌១.៦.៤.សកម្មភាពទី៤៖ ការតាមដាន និងវាយតម្លៃ ការវិនិយោគសាធារណៈ | G102: =IF(AND(D102<>"",E102<>""),"ok","-") -> -
A103: =LEFT(B103,7) -> #REF! | B103: =B91&"12" -> #REF! | D103: ១.‌១.៦.៤.សកម្មភាពទី៤៖ ការតាមដាន និងវាយតម្លៃ ការវិនិយោគសាធារណៈ | G103: =IF(AND(D103<>"",E103<>""),"ok","-") -> -
A104: =LEFT(B104,5) -> #REF! | B104: =$B$12&"08" -> #REF! | D104: ១.‌១.៦.៤.សកម្មភាពទី៤៖ ការតាមដាន និងវាយតម្លៃ ការវិនិយោគសាធារណៈ | G104: =IF(AND(D104<>"",E104<>""),"ok","-") -> -
A105: =LEFT(B105,7) -> #REF! | B105: =B104&"01" -> #REF! | D105: ១.‌១.៦.៤.សកម្មភាពទី៤៖ ការតាមដាន និងវាយតម្លៃ ការវិនិយោគសាធារណៈ | G105: =IF(AND(D105<>"",E105<>""),"ok","-") -> -
...

Sheet BSP2
C5: តារាង ២ : ការកំណត់សូចនាករ និងគោលដៅសូចនាករសមិទ្ធកម្ម
K6: តារាង ១"ក"
D7: កូដអនុកម្មវិធី | E7: កូដអនុកម្មវិធី | F7: =[4]Costing!$G$11 -> 10101 | K7: ឯកតា៖ លានរៀល
C9: សេចក្ដីពណ៌នា (បន្ថែមជួរដេកមួយសម្រាប់សូចនាករលទ្ធផលនីមួយៗ) | D9: កូដ សូចនាករ | E9: គម្រោងថវិកា ​ឆ្នាំ២០២៣ (លានរៀល) | F9: គោលដៅសូចនាករសមិទ្ធកម្ម
A10: Check | B10: កូដកម្មវិធី | F10: ឆ្នាំមុន-២០២១ (អនុវត្តរួច) | G10: ឆ្នាំបច្ចុប្បន្ន-២០២២ (កំពុងអនុវត្ត) | H10: ឆ្នាំគ្រោងថវិកា-២០២៣ | J10: ឆ្នាំគ្រោងថវិកា​ ២០២៤ | K10: ឆ្នាំគ្រោងថវិកា ២០២៥
H11: គោលដៅ | I11: មូលហេតុផ្លាស់ប្ដូរ (ធៀបឆ្នាំ២០២២)
B12: =[4]Costing!$G$11 -> 10101 | C12: =VLOOKUP($B12,[4]BSP1!$B$12:$D$207,3) -> ១.១. អនុកម្មវិធីទី១.១ : ការគ្រប់គ្រងគោលនយោបាយសេដ្ឋកិច្ច ហិរញ្ញវត្ថុ និងគោលនយោបាយតាមវិស័យផ្សេងៗ | E12: =E18+E25+E32+E38+E45+E54+E61+E68+E75+E82+E89+E96+E103+E110+E117 -> 3639 | L12: =IF(OR(E12>0,F12<>0,G12<>0,H12<>0),"ok","-") -> ok
C13: -សូចនាករទី១ : គោលនយោបាយម៉ាក្រូសេដ្ឋកិច្ច និងសារពើពន្ធ និងលទ្ធផលការងារពាក់ព័ន្ធ | D13: PI-1011 | F13: ១. របាយការណ៍ពិនិត្យតាមដាន និងវាយតម្លៃស្ថានភាពសេដ្ឋកិច្ច និងហិរញ្ញវត្ថុសាធារណៈ ប្រចាំឆ្នាំ២០២០ និងពាក់កណ្តាលឆ្នាំ២០២១ ត្រូវបានរៀបចំ ២.ក្របខ័ណ្ឌគោលនយោបាយម៉ាក្រូសេដ្ឋកិច្ច និងគោលនយោបាយហិរញ្ញវត្ថុសាធារណៈ សម្រាប់ការរៀបចំសេចក្ដីព្រាងច្បាប់ស្តីពីហិរញ្ញវត្ថុសម្រាប់ការគ្រប់គ្រងឆ្នាំ ២០២២ ត្រូវបានរៀបចំ ដោយមានការគិតគូរពីបរិកាណ៍ជំងឺកូវីដ-១៩ ៣.ការសិក្សាស្រាវជ្រាវលើប្រធានបទ ០៣ ត្រូវបានបញ្ចប់រួមមាន៖ (១). ការជំរុញវិស័យកែច្នៃផលិតផលកសិកម្មនៅកម្ពុជា, (២). ការសិក្សាស្រាវជ្រាវស្តីពីការត្រួតពិនិត្យហានិភ័យលើវិស័យអចលនទ្រព្យនៅកម្ពុជា និង (៣).ក្របខណ្ឌវិធានការក្របខណ្ឌជំរុញវិស័យកសិកម្ម និងកសិ-ឧស្សាហកម្មនៅកម្ពុជា ២០២១-២០២៣ ខណៈឯកសារពាក់ព័ន្ធ ដើម្បីចុះប្រមូលទិន្នន័យសំខាន់ៗសម្រាប់ការសិក្សាស្រាវជ្រាវស្តីពី ការលើកកម្ពស់ដំណើរការផ្សារភ្ជាប់រវាងកសិផលកែច្នៃ និងវិស័យទេសចរណ៍នៅកម្ពុជា ត្រូវបានរៀបចំរួចរាល់ ។ ៤.របាយការណ៍ស្តីពីការអនុវត្តគម្រោងមូលនិធិអភិវឌ្ឍន៍ជំនាញត្រូវបានរៀបចំ ។ ៥.របាយការណ៍ស្តីពីការអនុវត្តគម្រោងមូលនិធិអភិវឌ្ឍន៍សហគ្រិន ភាពត្រូវបានរៀបចំ ។ | G13: ១.១. ការសិក្សាលើប្រធានបទទាក់ទងវិស័យសេដ្ឋកិច្ច និងហិរញ្ញវត្ថុគន្លឹះ និងរបបលើកទឹកចិត្តពន្ធសម្រាប់វិស័យអាទិភាពចំនួន០៧ ដើម្បីជាធាតុចូលសម្រាប់ការរៀបចំគោលនយោបាយ។ ១.២. ក្របខ័ណ្ឌហិរញ្ញវត្ថុសាធារណៈរយៈពេលមធ្យម (MTFF) ឆ្នាំ ២០២៣-២០២៥ ត្រូវបានរៀបចំ និងដាក់ឱ្យប្រើប្រាស់។ ១.៣. របាយការណ៍វិភាគ, តាមដាន និងវាយតម្លៃការអនុវត្តគោលនយោបាយម៉ាក្រូសេដ្ឋកិច្ច និងហិរញ្ញវត្ថុសាធារណៈប្រចាំំឆ្នាំ២០២១ ប្រចាំត្រីមាសនិងពាក់កណ្តាលឆ្នាំ២០២២ត្រូវបានរៀបចំ។ ១.៤.របាយការណ៍ត្រួតពិនិត្យការអនុវត្តយុទ្ធ សាស្ត្រកៀរគរចំណូល២០១៩-២០២៣ប្រចាំឆ្នាំនិងពាក់កណ្តាលអាណត្តិ។ ១.៥.របាយការណ៍ស្តីពីការអនុវត្តគម្រោង “មូលនិធិអភិវឌ្ឍន៍ជំនាញ (EDF)”, “មូលនិធិអភិវឌ្ឍជំនាញ (SDF)” និង “ផែនការមេអភិវឌ្ឍខេត្តព្រះសីហនុ” ត្រូវបានរៀបចំ។ | H13: ១. ឯកសារស្រាវជ្រាវឬរបាយការណ៍សិក្ខាសាលាស្តីពីកិច្ចពិភាក្សាលើប្រធានបទទាក់ទងវិស័យសេដ្ឋកិច្ច និងហិរញ្ញវត្ថុចំនួន ៣ ត្រូវបានរៀបចំ ២. ក្របខ័ណ្ឌហិរញ្ញវត្ថុសាធារណៈរយៈពេលមធ្យម ឆ្នាំ ២០២៤-២០២៦ ដែលមានការវាយតម្លៃពីហានិភ័យហិរញ្ញវត្ថុសាធារណៈ ត្រូវបានរៀបចំ ៣. របាយការណ៍ត្រួតពិនិត្យការអនុវត្តយុទ្ធសាស្រ្តកៀរគរចំណូល ២០១៩-២០២៣ ប្រចាំឆ្នាំ ២០២២ និងពាក់កណ្ដាលឆ្នាំ ២០២៣, ៤. របាយការណ៍ពិនិត្យតាមដាន និងវាយតម្លៃសេដ្ឋកិច្ច និងហិរញ្ញវត្ថុសាធារណៈ ប្រចាំឆ្នាំ ២០២២ និងពាក់កណ្តាលឆ្នាំ២០២៣ត្រូវបានរៀបចំ ៥. របាយការណ៍តាមដាន និងវាយតម្លៃសកម្មភាព ដែលបានកំណត់ក្នុងកម្មវិធីកែទម្រង់ការគ្រប់គ្រង ហិរញ្ញវត្ថុសាធារណៈ។ | I13: ស្នើសុំដកចេញនូវសូចនាករលើផ្នែកៈ ១.របាយការណ៍វឌ្ឍនភាពស្តីការរៀបចំផែនការមេ​ ដើម្បីប្រែក្លាយខេត្តព្រះសីហនុទៅជាតំបន់សេដ្ឋកិច្ចពិសេសគំរូពហុបំណង ។ ២.របាយការណ៍ស្តីពីការអនុវត្តគម្រោងមូលនិធិអភិវឌ្ឍន៍ជំនាញ (SDF) និង “មូលនិធិអភិវឌ្ឍន៍សហគ្រិនភាព (EDF)” ប្រចាំឆ្នាំ ២០២១។ មូលហេតុៈ សកម្មភាពនេះ ជាលក្ខណៈ (one off) ដោយប្រើប្រាស់ថវិកាផ្ទេរពីជំពូក​៦៩មក ដូចនេះសុំដាក់ចំណុចទី១ តែសូចនាករក្នុងចង្កោមសកម្មភាពទី២ និងចំណុចទី២ ក្នុងចង្កោមសកម្មភាពទី ៥។ | J13: ១. ឯកសារស្រាវជ្រាវឬរបាយការណ៍សិក្ខាសាលាស្តីពីកិច្ចពិភាក្សាលើប្រធានបទគន្លឹះទាក់ទងវិស័យសេដ្ឋកិច្ច និងហិរញ្ញវត្ថុត្រូវបានរៀបចំ ២. ក្របខ័ណ្ឌហិរញ្ញវត្ថុសាធារណៈរយៈពេលមធ្យម ឆ្នាំ ២០២៥-២០២៧ ដែលមានការវាយតម្លៃពីហានិភ័យហិរញ្ញវត្ថុសាធារណៈ ត្រូវបានរៀបចំ ៣. របាយការណ៍ត្រួតពិនិត្យការអនុវត្តយុទ្ធសាស្រ្តកៀរគរចំណូល ២០១៩-២០២៣ ប្រចាំឆ្នាំ ២០២៣, ៤. របាយការណ៍ពិនិត្យតាមដាន និងវាយតម្លៃសេដ្ឋកិច្ច និងហិរញ្ញវត្ថុសាធារណៈ ប្រចាំឆ្នាំ ២០២៣ និងពាក់កណ្តាលឆ្នាំ២០២៤ត្រូវបានរៀបចំ ៥. របាយការណ៍តាមដាន និងវាយតម្លៃសកម្មភាព ដែលបានកំណត់ក្នុងកម្មវិធីកែទម្រង់ការគ្រប់គ្រង ហិរញ្ញវត្ថុសាធារណៈ។ | K13: ១. ឯកសារស្រាវជ្រាវឬរបាយការណ៍សិក្ខាសាលាស្តីពីកិច្ចពិភាក្សាលើប្រធានបទគន្លឹះទាក់ទងវិស័យសេដ្ឋកិច្ច និងហិរញ្ញវត្ថុត្រូវបានរៀបចំ ២. ក្របខ័ណ្ឌហិរញ្ញវត្ថុសាធារណៈរយៈពេលមធ្យម ឆ្នាំ ២០២៦-២០២៨ ដែលមានការវាយតម្លៃពីហានិភ័យហិរញ្ញវត្ថុសាធារណៈ ត្រូវបានរៀបចំ ៣. របាយការណ៍ត្រួតពិនិត្យចំណូលសារពើពន្ធ និងមិនមែនសារពើពន្ធត្រូវបានរៀបចំ ៤. របាយការណ៍ពិនិត្យតាមដាន និងវាយតម្លៃសេដ្ឋកិច្ច និងហិរញ្ញវត្ថុសាធារណៈ ប្រចាំឆ្នាំ ២០២៤ និងពាក់កណ្តាលឆ្នាំ២០២៥ ត្រូវបានរៀបចំ ៥. របាយការណ៍តាមដាន និងវាយតម្លៃសកម្មភាព ដែលបានកំណត់ក្នុងកម្មវិធីកែទម្រង់ការគ្រប់គ្រង ហិរញ្ញវត្ថុសាធារណៈ។ | L13: =IF(OR(E13>0,F13<>0,G13<>0,H13<>0),"ok","-") -> ok
C14: -សូចនាករទី២ : លទ្ធផលការងារស្ថិតិ | F14: ៦.របាយការណ៍តាមដាននិន្នាការសេដ្ឋកិច្ច និងហិរញ្ញវត្ថុ ចំនួន៣៣ និងកម្រងទិន្នន័យស្ថិតិចំនួន ១១៩ (សេដ្ឋកិច្ច និងហិរញ្ញវត្ថុ, និន្នាការថ្លៃទំនិញក្នុងស្រុកនិងអន្តរជាតិ,ទិន្នន័យថ្លៃប្រេងនាំចូលប្រេងលក់រាយ)ត្រូវបានរៀបចំ ។ | G14: ២.របាយការណ៍ និង ផលិតផលស្ថិតិសេដ្ឋកិច្ច និង ហិរញ្ញវត្ថុ ប្រចាំឆ្នាំ២០២១ និងប្រចាំខែ, ប្រចាំត្រីមាស ឆ្នាំ២០២២ ត្រូវបានរៀបចំ។ | H14: ២.របាយការណ៍ និង ផលិតផលស្ថិតិសេដ្ឋកិច្ច និង ហិរញ្ញវត្ថុ ប្រចាំឆ្នាំ២០២២ និងប្រចាំខែ, ប្រចាំត្រីមាស ឆ្នាំ២០២៣ ត្រូវបានរៀបចំ។ | J14: ២.របាយការណ៍ និង ផលិតផលស្ថិតិសេដ្ឋកិច្ច និង ហិរញ្ញវត្ថុ ប្រចាំឆ្នាំ២០២៣ និងប្រចាំខែ, ប្រចាំត្រីមាស ឆ្នាំ២០២៤ ត្រូវបានរៀបចំ។ | K14: ២.របាយការណ៍ និង ផលិតផលស្ថិតិសេដ្ឋកិច្ច និង ហិរញ្ញវត្ថុ ប្រចាំឆ្នាំ២០២៤ និងប្រចាំខែ, ប្រចាំត្រីមាស ឆ្នាំ២០២៥ ត្រូវបានរៀបចំ។ | L14: =IF(OR(E14>0,F14<>0,G14<>0,H14<>0),"ok","-") -> ok
C15: -សូចនាករទី៣ : លទ្ធផលការងារសមាហរណកម្មសេដ្ឋកិច្ច និងសហប្រតិបត្តិហិរញ្ញវត្ថុ និងរូបិយវត្ថុអាស៊ាន និងជាមួយប្រទេសដៃគូ | F15: ៧.របាយការណ៍ស្តីពីការតាមដាន សម្របសម្រួល និងអនុវត្តយន្តការសហប្រតិបត្តិការហិរញ្ញវត្ថុ និងរូបិយវត្ថុអាស៊ាននិងជាមួយប្រទេសដៃគូ, កិច្ចព្រមព្រៀងពាណិជ្ជកម្មសេរីអាស៊ាន និងជាមួយប្រទេសដៃគូ,គណៈកម្មាធិកាជាតិសម្រាប់វិធានការមិនមែនពន្ធ និងនិហិតដ្ឋានជាតិព័ត៌មានពាក់ព័ន្ធនឹងពាណិជ្ជកម្ម ត្រូវបានរៀប ចំរួចរាល់ ។ | G15: ៣.របាយការណ៏ស្តីពីការតាមដាន សម្របសម្រួល និងអនុវត្តយន្តការសមាហរណកម្មសេដ្ឋកិច្ចនិងសហប្រតិបត្តិហិរញ្ញវត្ថុ និងរូបិយវត្ថុអាស៊ាន និងជាមួយប្រទេសដៃគូប្រចាំឆ្នាំ ២០២២ ត្រូវបានរៀបចំ។ | H15: ៣.របាយការណ៏ស្តីពីការតាមដាន សម្របសម្រួល និងអនុវត្តយន្តការសមាហរណកម្មសេដ្ឋកិច្ចនិងសហប្រតិបត្តិហិរញ្ញវត្ថុ និងរូបិយវត្ថុអាស៊ាន និងជាមួយប្រទេសដៃគូ ប្រចាំឆ្នាំ ២០២៣ ត្រូវបានរៀបចំ។ | I15: បន្ថែមពាក្យ ការតានដាន សម្របសម្រួល និងអនុវត្តយន្តការ និងពាក្យរូបិយវត្ថុអាស៊ាន និងជាមួយប្រទេសដៃគូ ដើម្បីរំលេចពីការងាររួមរបស់នាយកដ្ឋាន | J15: ៣.របាយការណ៏ស្តីពីការតាមដាន សម្របសម្រួល និងអនុវត្តយន្តការសមាហរណកម្មសេដ្ឋកិច្ចនិងសហប្រតិបត្តិហិរញ្ញវត្ថុ និងរូបិយវត្ថុអាស៊ាន និងជាមួយប្រទេសដៃគូ ប្រចាំឆ្នាំ ២០២៤ ត្រូវបានរៀបចំ។ | K15: ៣.របាយការណ៏ស្តីពីការតាមដាន សម្របសម្រួល និងអនុវត្តយន្តការសមាហរណកម្មសេដ្ឋកិច្ចនិងសហប្រតិបត្តិហិរញ្ញវត្ថុ និងរូបិយវត្ថុអាស៊ាន និងជាមួយប្រទេសដៃគូ ប្រចាំឆ្នាំ ២០២៥ ត្រូវបានរៀបចំ។ | L15: =IF(OR(E15>0,F15<>0,G15<>0,H15<>0),"ok","-") -> ok
C16: -សូចនាករទី៤ : គោលនយោបាយលើវិស័យសេដ្ឋកិច្ចថ្មី និងលទ្ធផលការងារពាក់ព័ន្ធ | F16: គ្មាន | G16: គ្មាន | H16: ១. របាយការណ៍លទ្ធផលសិក្សាពាក់ព័ន្ធការកំណត់ និងការលើកកម្ពស់ប្រភពកំណើនថ្មី និងការគិតគូរជាយុទ្ធសាស្ត្ររយៈពេលវែង ត្រូវបានរៀបចំ ២. របាយការណ៍លទ្ធផលសិក្សាពាក់ព័ន្ធសេដ្ឋកិច្ចបៃតង និង ការលើកកម្ពស់ការប្រើប្រាស់ថាមពលបៃតង និងប្រសិទ្ធភាពថាមពល ត្រូវបានរៀបចំ ៣. របាយការណ៍លទ្ធផលសិក្សាពាក់ព័ន្ធនឹងសេដ្ឋកិច្ចឌីជីថល និងការជំរុញការអនុវត្ត​បរិវត្តកម្មឌីជីថល ត្រូវបានរៀបចំ ៤. របាយការណ៍ស្តីពីការតាមដានការអនុវត្តគោលនយោបាយនិងយុទ្ធសាស្ត្រពាក់ព័ន្ធ​​នឹងការលើកទឹកចិត្តសារពើពន្ធ និងមិនមែនសារពើពន្ធដើម្បីជំរុញកំណើនសេដ្ឋកិច្ច ត្រូវបានរៀបចំ | J16: ១. របាយការណ៍លទ្ធផលសិក្សាពាក់ព័ន្ធការកំណត់ និងការលើកកម្ពស់ប្រភពកំណើនថ្មី និងការគិតគូរជាយុទ្ធសាស្ត្ររយៈពេលវែង ត្រូវបានរៀបចំ ២. របាយការណ៍លទ្ធផលសិក្សាពាក់ព័ន្ធសេដ្ឋកិច្ចបៃតង និង ការលើកកម្ពស់ការប្រើប្រាស់ថាមពលបៃតង និងប្រសិទ្ធភាពថាមពល ត្រូវបានរៀបចំ ៣. របាយការណ៍លទ្ធផលសិក្សាពាក់ព័ន្ធនឹងសេដ្ឋកិច្ចឌីជីថល និងការជំរុញការអនុវត្ត​បរិវត្តកម្មឌីជីថល ត្រូវបានរៀបចំ ៤. របាយការណ៍ស្តីពីការតាមដានការអនុវត្តគោលនយោបាយនិងយុទ្ធសាស្ត្រពាក់ព័ន្ធ​​នឹងការលើកទឹកចិត្តសារពើពន្ធ និងមិនមែនសារពើពន្ធដើម្បីជំរុញកំណើនសេដ្ឋកិច្ច ត្រូវបានរៀបចំ | K16: ១. របាយការណ៍លទ្ធផលសិក្សាពាក់ព័ន្ធការកំណត់ និងការលើកកម្ពស់ប្រភពកំណើនថ្មី និងការគិតគូរជាយុទ្ធសាស្ត្ររយៈពេលវែង ត្រូវបានរៀបចំ ២. របាយការណ៍លទ្ធផលសិក្សាពាក់ព័ន្ធសេដ្ឋកិច្ចបៃតង និង ការលើកកម្ពស់ការប្រើប្រាស់ថាមពលបៃតង និងប្រសិទ្ធភាពថាមពល ត្រូវបានរៀបចំ ៣. របាយការណ៍លទ្ធផលសិក្សាពាក់ព័ន្ធនឹងសេដ្ឋកិច្ចឌីជីថល និងការជំរុញការអនុវត្ត​បរិវត្តកម្មឌីជីថល ត្រូវបានរៀបចំ ៤.របាយការណ៍ស្តីពីការតាមដានការអនុវត្តគោលនយោបាយនិងយុទ្ធសាស្ត្រពាក់ព័ន្ធ​​នឹងការលើកទឹកចិត្តសារពើពន្ធ និងមិនមែនសារពើពន្ធដើម្បីជំរុញកំណើនសេដ្ឋកិច្ច ត្រូវបានរៀបចំ
C17: -សូចនាករទី៥៖ លទ្ធផលការងារពង្រឹងប្រសិទ្ធភាពចំណាយសាធារណៈ និងការងារពាក់ព័ន្ធ | F17: គ្មាន | G17: គ្មាន | H17: ១.ស្តង់ដារថ្លៃទំនិញនិងសេវា សម្រាប់ប្រើប្រាស់ក្នុងចំណាយសាធារណៈ ត្រូវបាន ការរៀបចំ ចងក្រង តាមដាន វិភាគនិងផ្សព្វផ្សាយ ចំនួន ២ គឺ ១. កម្រងទិន្នន័យតាមដានថ្លៃទំនិញ និងសេវា នៅលើទីផ្សាររាជធានីភ្នំពេញប្រចាំត្រីមាស ចំនួន ០៣ ច្បាប់ និង ២. កម្រងទិន្នន័យតាមដានថ្លៃទំនិញនិងសេវាតាមខេត្ត (១២ខេត្ត) ប្រចាំឆមាសទី ១ ឆ្នាំ ២០២៣ ត្រូវបានរៀបចំ។ ២. ​ ក្របខណ្ឌតាមដាន និងវាយតម្លៃគម្រោងវិនិយោគសាធារណៈ ចំនួន ០១ ត្រូវបានរៀបចំ ដើម្បីធានាប្រសិទ្ធភាពចំណាយវិនិយោគ | J17: ១.ស្តង់ដារថ្លៃទំនិញនិងសេវា សម្រាប់ប្រើប្រាស់ក្នុងចំណាយសាធារណៈ ត្រូវបាន ការរៀបចំ ចងក្រង តាមដាន វិភាគនិងផ្សព្វផ្សាយ ចំនួន ២ គឺ ១. កម្រងទិន្នន័យតាមដានថ្លៃទំនិញ និងសេវា នៅលើទីផ្សាររាជធានីភ្នំពេញប្រចាំត្រីមាស ចំនួន ០៤ ច្បាប់ និង ២. កម្រងទិន្នន័យតាមដានថ្លៃទំនិញនិងសេវាតាមខេត្ត (១២ខេត្ត) ប្រចាំឆមាសទី ២ ឆ្នាំ ២០២៣ និងឆមាសទី ១ ឆ្នាំ ២០២៤ ត្រូវបានរៀបចំ។ ២. ​ របាយការណ៍វិភាគ, តាមដាន និងវាយតម្លៃ គម្រោងវិនិយោគសាធារណៈ ប្រចាំឆ្នាំ ២០២៣ ត្រូវបានរៀបចំដោយ ផ្អែកលើប្រសិទ្ធភាពសេដ្ឋកិច្ច | K17: ១.ស្តង់ដារថ្លៃទំនិញនិងសេវា សម្រាប់ប្រើប្រាស់ក្នុងចំណាយសាធារណៈ ត្រូវបាន ការរៀបចំ ចងក្រង តាមដាន វិភាគនិងផ្សព្វផ្សាយ ចំនួន ២ គឺ ១. កម្រងទិន្នន័យតាមដានថ្លៃទំនិញ និងសេវា នៅលើទីផ្សាររាជធានីភ្នំពេញប្រចាំត្រីមាស ចំនួន ០៤ ច្បាប់ និង ២. កម្រងទិន្នន័យតាមដានថ្លៃទំនិញនិងសេវាតាមខេត្ត (១២ខេត្ត) ប្រចាំឆមាសទី ២ ឆ្នាំ ២០២៤ និងឆមាសទី ១ ឆ្នាំ ២០២៥ ត្រូវបានរៀបចំ។ ២. ​ របាយការណ៍វិភាគ, តាមដាន និងវាយតម្លៃ គម្រោងវិនិយោគសាធារណៈ ប្រចាំឆ្នាំ ២០២៤ ត្រូវបានរៀបចំដោយ ផ្អែកលើប្រសិទ្ធភាពសេដ្ឋកិច្ច
B18: =$B$12&"01" -> 1010101 | C18: =VLOOKUP($B18,'[5]BSP-Table1A'!$B$12:$D$42,3) -> ១.១.១. ចង្កោមសកម្មភាពទី១ : គាំទ្រ សម្របសម្រួល និងគ្រប់គ្រងការងាររដ្ឋបាលរបស់អគ្គនាយកដ្ឋាន | E18: =VLOOKUP($B18,[4]BSP4!$B$12:$F$187,5,FALSE) -> 1341.6 | L18: =IF(OR(E18>0,F18<>0,G18<>0,H18<>0),"ok","-") -> ok
C19: -សូចនាករទី១ : កិច្ចការងារនានារបស់អគ្គនាយកដ្ឋានត្រូវបានពង្រឹង និងសម្របសម្រួលប្រកបដោយប្រសិទ្ធភាព។ | D19: PI-101011 | F19: ១. បានរៀបចំកិច្ចប្រជុំសំខាន់ៗចំនួន៣ លើក រួមមាន៖ (១). កិច្ចប្រជុំត្រួតពិនិត្យ និងតាមដានចំណូលក្នុងបរិការណ៍កូវីដ-១៩, (២). កិច្ចប្រជុំថ្នាក់ដឹកនាំក្រសួងសេដ្ឋកិច្ច និងហិរញ្ញវត្ថុស្តីពីក្រប ខ័ណ្ឌគោលនយោបាយម៉ាក្រូសេដ្ឋ-កិច្ចនិងគោលនយោបាយហិរញ្ញវត្ថុសាធារណៈឆ្នាំ២០២២។ | G19: ១. របាយការណ៍កិច្ចប្រជុំគណៈកម្មាធិការគោលនយោបាយ និងរដ្ឋបាលប្រមូលចំណូល (ចំណូលសារពើពន្ធ និងចំណូលមិនមែនសារពើពន្ធ) នីមួយៗត្រូវបានរៀបចំ | H19: ១. របាយការណ៍កិច្ចប្រជុំគណៈកម្មាធិការគោលនយោបាយ​ និងរដ្ឋបាលប្រមូលចំណូល (ចំណូលសារពើពន្ធ និងចំណូលមិនមែនសារពើពន្ធ) នីមួយៗត្រូវបានរៀបចំ | J19: ១. របាយការណ៍កិច្ចប្រជុំគណៈកម្មាធិការគោលនយោបាយ​ និងរដ្ឋបាលប្រមូលចំណូល (ចំណូលសារពើពន្ធ និងចំណូលមិនមែនសារពើពន្ធ) នីមួយៗត្រូវបានរៀបចំ | K19: ១. របាយការណ៍កិច្ចប្រជុំគណៈកម្មាធិការគោលនយោបាយ​ និងរដ្ឋបាលប្រមូលចំណូល (ចំណូលសារពើពន្ធ និងចំណូលមិនមែនសារពើពន្ធ) នីមួយៗត្រូវបានរៀបចំ | L19: =IF(OR(E19>0,F19<>0,G19<>0,H19<>0),"ok","-") -> ok
C20: -សូចនាករទី២ : កិច្ចប្រជុំផ្សេងៗ ក្នុងនិងក្រៅប្រទេសរបស់ឯកឧត្តមអគ្គនាយក ត្រូវបានសម្របសម្រួល | F20: ២. របាយការណ៍ចូលរួមកិច្ចប្រជុំសេដ្ឋកិច្ច និង ហិរញ្ញវត្ថុសាធារណៈក្នុង និងក្រៅប្រទេសត្រូវបានរៀបចំ។ | G20: ២. របាយការណ៍ចូលរួមកិច្ចប្រជុំសេដ្ឋកិច្ច និង ហិរញ្ញវត្ថុសាធារណៈក្នុង និងក្រៅប្រទេស ត្រូវបានរៀបចំ។ | H20: ២. របាយការណ៍ចូលរួមកិច្ចប្រជុំសេដ្ឋកិច្ច និង ហិរញ្ញវត្ថុសាធារណៈក្នុង និងក្រៅប្រទេសត្រូវបានរៀបចំ។ | J20: ២. របាយការណ៍ចូលរួមកិច្ចប្រជុំសេដ្ឋកិច្ច និង ហិរញ្ញវត្ថុសាធារណៈក្នុង និងក្រៅប្រទេសត្រូវបានរៀបចំ | K20: ២. របាយការណ៍ចូលរួមកិច្ចប្រជុំសេដ្ឋកិច្ច និង ហិរញ្ញវត្ថុសាធារណៈក្នុង និងក្រៅប្រទេសត្រូវបានរៀបចំ | L20: =IF(OR(E20>0,F20<>0,G20<>0,H20<>0),"ok","-") -> ok
C21: -សូចនាករទី៣ : ... | L21: =IF(OR(E21>0,F21<>0,G21<>0,H21<>0),"ok","-") -> -
C22: -សូចនាករទី៤ : ... | L22: =IF(OR(E22>0,F22<>0,G22<>0,H22<>0),"ok","-") -> -
C23: -សូចនាករទី៥ : ... | L23: =IF(OR(E23>0,F23<>0,G23<>0,H23<>0),"ok","-") -> -
C24: -សូចនាករទី៦ : ... | L24: =IF(OR(E24>0,F24<>0,G24<>0,H24<>0),"ok","-") -> -
B25: =$B$12&"02" -> 1010102 | C25: =VLOOKUP($B25,'[5]BSP-Table1A'!$B$12:$D$42,3) -> ១.១.២. ចង្កោមសកម្មភាពទី២ : រៀបចំ កែលម្អ ត្រួតពិនិត្យ និងវាយតម្លៃគោលនយោបាយម៉ាក្រូសេដ្ឋកិច្ច និងសារពើពន្ធ | E25: =VLOOKUP($B25,[4]BSP4!$B$12:$F$187,5,FALSE) -> 405.6 | L25: =IF(OR(E25>0,F25<>0,G25<>0,H25<>0),"ok","-") -> ok
C26: -សូចនាករទី១ : ការសិក្សាស្រាវជ្រាវ ទៅលើឥរិយាបថ និន្នាការ កាលានុវត្តភាព និង​ទស្សនវិស័យពាក់ព័ន្ធវិស័យសំខាន់ៗដូចជាសេដ្ឋកិច្ច ហិរញ្ញវត្ថុ និងសង្គមត្រូវបានពង្រឹង | F26: ១.ការសិក្សាស្រាវជ្រាវលើប្រធានបទ ០៣ ត្រូវបានបញ្ចប់រួមមាន៖ (១).ការ ជំរុញវិស័យកែច្នៃផលិតផលកសិកម្មនៅកម្ពុជា, (២). ការសិក្សាស្រាវជ្រាវស្តីពីការត្រួតពិនិត្យហានិភ័យលើវិស័យអចលនទ្រព្យនៅកម្ពុជា និង (៣).ក្របខណ្ឌវិធានការក្របខណ្ឌជំរុញវិស័យកសិកម្ម និងកសិ-ឧស្សាហកម្មនៅកម្ពុជា ២០២១-២០២៣ ខណៈឯកសារពាក់ព័ន្ធ ដើម្បីចុះប្រមូលទិន្នន័យសំខាន់ៗសម្រាប់ការសិក្សាស្រាវជ្រាវស្តីពី ការលើកកម្ពស់ដំណើរការផ្សារភ្ជាប់រវាងកសិផលកែច្នៃ និងវិស័យទេសចរណ៍នៅកម្ពុជា ត្រូវបានរៀបចំរួចរាល់។ | G26: ឯកសារស្រាវជ្រាវឬរបាយការណ៍សិក្ខាសាលាស្តីពីកិច្ចពិភាក្សាលើប្រធានបទទាក់ទងវិស័យសេដ្ឋកិច្ច និងហិរញ្ញវត្ថុចំនួន ៦ ត្រូវបានរៀបចំ៖ (១) ការត្រួតពិនិត្យហានិភ័យលើវិស័យអចលនទ្រព្យនៅកម្ពុជា, (២) ការលើកកម្ពស់ដំណើរការផ្សារភ្ជាប់រវាងកសិផលកែច្នៃ និងវិស័យទេសចរណ៍នៅកម្ពុជា (៣) ក្របខ័ណ្ឌជំរុញវិស័យកសិកម្ម និងកសិឧស្សាហកម្មកម្ពុជា ២០២១-២០២២ (៤) ការសិក្សាលម្អិតពីខ្សែច្រវាក់ផ្គត់ផ្គង់ត្រី:វិធានការរយៈពេលមធ្យម (៥) ការសិក្សាលម្អិតពីខ្សែច្រវាក់ផ្គត់ផ្គង់សាច់ជ្រូក:វិធានការរយៈពេលមធ្យម (៦) ការរៀបចំយន្តការពិនិត្យ តាមដាន និងវាយតម្លៃ: ការអនុវត្តគម្រោងសហហិរញ្ញប្បទានទ្រទ្រង់សហគ្រាសធុនតូច និងមធ្យមនៅកម្ពុជា (ដំណាក់កាលទី ២) និងការផ្តល់ហិរញ្ញប្បទានរបស់ធនាគារសហគ្រាសធុនតូច និងមធ្យមកម្ពុជា | H26: ឯកសារស្រាវជ្រាវឬរបាយការណ៍សិក្ខាសាលាស្តីពីកិច្ចពិភាក្សាលើប្រធានបទទាក់ទងវិស័យសេដ្ឋកិច្ច និងហិរញ្ញវត្ថុចំនួន ៣ ត្រូវបានរៀបចំ | I26: ការកំណត់ប្រធានបទអាទិភាពថ្មី | J26: ឯកសារស្រាវជ្រាវឬរបាយការណ៍សិក្ខាសាលាស្តីពីកិច្ចពិភាក្សាលើប្រធានបទទាក់ទងវិស័យសេដ្ឋកិច្ច និងហិរញ្ញវត្ថុចំនួន ៣ ត្រូវបានរៀបចំ | K26: ឯកសារស្រាវជ្រាវឬរបាយការណ៍សិក្ខាសាលាស្តីពីកិច្ចពិភាក្សាលើប្រធានបទទាក់ទងវិស័យសេដ្ឋកិច្ច និងហិរញ្ញវត្ថុចំនួន ៣ ត្រូវបានរៀបចំ | L26: =IF(OR(E26>0,F26<>0,G26<>0,H26<>0),"ok","-") -> ok
C27: -សូចនាករទី២ : វឌ្ឍនភាពស្តីពីការតាមដាន ពិនិត្យ វាយតម្លៃការអនុវត្តគោលនយោបាយសារពើពន្ធ អនុលោមតាមគោលដៅយុទ្ធសាស្រ្តជាតិ | F27: ១. របាយការណ៍ត្រួតពិនិត្យ និងវាយតម្លៃវឌ្ឍនភាពគោលនយោបាយសារពើពន្ធ ប្រចាំឆ្នាំ ២០២១ ត្រូវបានរៀបចំ ។ ២.ក្របខ័ណ្ឌគោលនយោបាយហិរញ្ញវត្ថុសាធារណៈ សម្រាប់ការរៀបចំសេចក្តីព្រាងច្បាប់ស្តីពីហិរញ្ញវត្ថុសម្រាប់ការគ្រប់គ្រងឆ្នាំ ២០២២ ត្រូវបានរៀបចំ ។ ៣. របាយការណ៍ពិនិត្យ និងវាយតម្លៃ ការអនុវត្តយុទ្ធសាស្ត្រកៀរគរចំណូល ២០១៩-២០២៣ ផ្នែកចំណូលមិនមែនសារពើពន្ធ ប្រចាំឆ្នាំ ត្រូវបានរៀបចំ ។ | G27: ១. របាយការណ៍ពិនិត្យតាមដានការអនុវត្តនយោបាយសារពើពន្ធប្រកបដោយប្រសិទ្ធភាព និងស័ក្តិសិទ្ធិភាពត្រូវបានរៀបចំ ២. ក្របខ័ណ្ឌហិរញ្ញវត្ថុសារធារណៈរយៈពេលមធ្យម ២០២៣-២០២៥ប្រកបដោយប្រសិទ្ធភាព និងស័ក្តិសិទ្ធិភាពត្រូវបានរៀបចំ ៣. របាយការណ៍ពិនិត្យ និងវាយតម្លៃ ការអនុវត្តយុទ្ធសាស្ត្រកៀរគរចំណូល ២០១៩-២០២៣ ផ្នែកចំណូលមិនមែនសារពើពន្ធ ត្រូវបានរៀប។ | H27: ១. ក្របខណ្ឌហិរញ្ញវត្ថុសារធារណៈរយៈពេលមធ្យម ២០២៤-២០២៦ ដែលមានការវាយតម្លៃពីហានិភ័យហិរញ្ញវត្ថុសាធារណៈ ត្រូវបានរៀបចំ, ២. របាយការណ៍វិភាគ និងវាយតម្លៃការអនុវត្តហិរញ្ញវត្ថុសាធារណៈពាក់កណ្ដាលឆ្នាំ ត្រូវបានរៀបចំ, ៣. របាយការណ៍តាមកម្រិតលម្អៀងការព្យាករចំណូលឆ្នាំ ២០២២ ត្រូវបានរៀបចំ, ៤. របាយការណ៍វាយតម្លៃការអនុវត្តចំណាយសាធារណៈតាមវិស័យទាំង ៤ ឆ្នាំ ២០២២ ត្រូវបានរៀបចំ ។ | J27: ១. ក្របខណ្ឌហិរញ្ញវត្ថុសារធារណៈរយៈពេលមធ្យម ដែលមានការវាយតម្លៃពីហានិភ័យហិរញ្ញវត្ថុសាធារណៈ ត្រូវបានរៀបចំ, ២. របាយការណ៍វិភាគ និងវាយតម្លៃការអនុវត្តហិរញ្ញវត្ថុសាធារណៈពាក់កណ្ដាលឆ្នាំ ត្រូវបានរៀបចំ, ៣. របាយការណ៍តាមកម្រិតលម្អៀងការព្យាករចំណូលឆ្នាំ (N-1) ត្រូវបានរៀបចំ, ៤. របាយការណ៍វាយតម្លៃការអនុវត្តចំណាយសាធារណៈតាមវិស័យទាំង ៤ ឆ្នាំ (N-1) ត្រូវបានរៀបចំ ។ | K27: ១. ក្របខណ្ឌហិរញ្ញវត្ថុសារធារណៈរយៈពេលមធ្យម ដែលមានការវាយតម្លៃពីហានិភ័យហិរញ្ញវត្ថុសាធារណៈ ត្រូវបានរៀបចំ, ២. របាយការណ៍វិភាគ និងវាយតម្លៃការអនុវត្តហិរញ្ញវត្ថុសាធារណៈពាក់កណ្ដាលឆ្នាំ ត្រូវបានរៀបចំ, ៣. របាយការណ៍តាមកម្រិតលម្អៀងការព្យាករចំណូលឆ្នាំ (N-1) ត្រូវបានរៀបចំ, ៤. របាយការណ៍វាយតម្លៃការអនុវត្តចំណាយសាធារណៈតាមវិស័យទាំង ៤ ឆ្នាំ (N-1) ត្រូវបានរៀបចំ ។ | L27: =IF(OR(E27>0,F27<>0,G27<>0,H27<>0),"ok","-") -> ok
C28: -សូចនាករទី៣ : ការអនុវត្តយុទ្ធសាស្ត្រ និងគោលនយោបាយពាក់ព័ន្ធនឹងវិស័យសេដ្ឋកិច្ច-សង្គម ត្រូវបាន​ពិនិត្យ និងវាយតម្លៃឱ្យ អនុលោមតាមគោលដៅ​នៃយុទ្ធសាស្ត្រ និងគោលនយោបាយ | F28: ១. យុទ្ធសាស្រ្តកៀរគរចំណូល២០១៩-២០២៣ ត្រូវបានរៀបចំរួចរាល់ និងដាក់ឱ្យអនុវត្ត, ២. របាយការណ៍ត្រួតពិនិត្យការអនុវត្តយុទ្ធសាស្រ្តកៀរគរចំណូល ២០១៩-២០២៣ ប្រចាំឆ្នាំ ២០២០ និងប្រចាំឆមាសទី១ ឆ្នាំ២០២១ ត្រូវបានរៀបចំ, ៣. សេចក្ដីព្រាងគោលនយោបាយស្តីពីការលើកទឹកចិត្តពន្ធលើការដំឡើងទោចក្រយាន និងត្រីចក្រយានត្រូវបានរៀបចំ ៤. របាយការណ៍វឌ្ឍនភាពនៃការអនុវត្តគម្រោងមូលនិធិអភិវឌ្ឍជំនាញ ប្រចាំឆ្នាំ២០២១ ត្រូវបានរៀបចំ | G28: ១. របាយការណ៍ពិនិត្យប្រចាំឆ្នាំ និងពាក់កណ្ដាលអាណត្តិ នៃការអនុវត្តយុទ្ធសាស្រ្តកៀរគរចំណូល ២០១៩-២០២៣ ត្រូវបានរៀបចំ ២. ការសិក្សា​ និងរៀបចំរបបលើកទឹកពន្ធសម្រាប់វិស័យអាទិភាព ត្រូវបានរៀបចំ ៣. របាយការណ៍វឌ្ឍនភាពនៃការអនុវត្តគម្រោងមូលនិធិអភិវឌ្ឍជំនាញ ត្រូវបានរៀបចំ | H28: ១. របាយការណ៍ពិនិត្យប្រចាំឆ្នាំ ២០២២ និងពាក់កណ្តាលឆ្នាំ ២០២៣ នៃការអនុវត្តយុទ្ធសាស្រ្តកៀរគរចំណូល ២០១៩-២០២៣ ត្រូវបានរៀបចំ ២. ការសិក្សា​ និងរៀបចំរបបលើកទឹកពន្ធសម្រាប់វិស័យអាទិភាព ត្រូវបានរៀបចំ | J28: ១. របាយការណ៍ពិនិត្យប្រចាំឆ្នាំ និងបញ្ចប់អាណត្តិ នៃការអនុវត្តយុទ្ធសាស្រ្តកៀរគរចំណូល ២០១៩-២០២៣ ត្រូវបានរៀបចំ ២. ការសិក្សា​ និងរៀបចំរបបលើកទឹកពន្ធសម្រាប់វិស័យអាទិភាព ត្រូវបានរៀបចំ | K28: ១. របាយការណ៍ការអនុវត្តចំណូលសារពើពន្ធ និងចំណូលមិនមែនសារពើពន្ធ ២. ការសិក្សា​ និងរៀបចំរបបលើកទឹកពន្ធសម្រាប់វិស័យអាទិភាព ត្រូវបានរៀបចំ | L28: =IF(OR(E28>0,F28<>0,G28<>0,H28<>0),"ok","-") -> ok
C29: -សូចនាករទី៤ : ស្ថានភាពសេដ្ឋកិច្ចត្រូវបានពិនិត្យ,តាមដាន និង វាយតម្លៃ, និងក្របខ័ណ្ឌម៉ាក្រូសេដ្ឋកិច្ចរយៈពេលមធ្យមត្រូវបានរៀបចំ | F29: ១. របាយការណ៍ពិនិត្យតាមដាន និងវាយតម្លៃសេដ្ឋកិច្ចប្រចាំឆ្នាំ២០២០ និងពាក់កណ្តាលឆ្នាំ២០២១​ ត្រូវបានរៀបចំ ២. របាយការណ៍ និងលទ្ធផលនៃការព្យាករ និងក្របខ័ណ្ឌគោលនយោបាយម៉ាក្រូសេដ្ឋកិច្ចឆ្នាំ២០២២ និងរយៈពេលមធ្យម ត្រូវបានរៀបចំ ៣. របាយកាណ៍ពិគ្រោះយោបល់ជាមួយអ្នកអនុវត្តផ្ទាល់ និងភាគីពាក់ព័ន្ឋសម្រាប់ធ្វើការវាយតម្លៃ និងព្យាករសេដ្ឋកិច្ច ត្រូវបានរៀបចំ | G29: ១. ក្របខ័ណ្ឌគោលនយោបាយម៉ាក្រូសេដ្ឋកិច្ចដើម្បីដាក់បញ្ចូលក្នុងការ ក្របខ័ណ្ឌហិរញ្ញវត្ថុសាធារណៈរយៈពេលមធ្យម ឆ្នាំ ២០២៣-២០២៥ ត្រូវបានរៀបចំ ២.របាយការណ៍ពិនិត្យតាមដាន និងវាយតម្លៃសេដ្ឋកិច្ចប្រចាំឆ្នាំ ២០២១ និងពាក់កណ្តាលឆ្នាំ ២០២២ ត្រូវបានរៀបចំ ៣. របាយការណ៍ឃ្លាំមើលសេដ្ឋកិច្ចប្រចាំត្រីមាសត្រូវបានរៀបចំ ៤. របាយកាណ៍ពិគ្រោះយោបល់ជាមួយអ្នកអនុវត្តផ្ទាល់ និងភាគីពាក់ព័ន្ឋសម្រាប់ធ្វើការវាយតម្លៃ និងព្យាករសេដ្ឋកិច្ច ត្រូវបានរៀបចំ ៥. របាយការណ៍តាមដានសេដ្ឋកិច្ចប្រចាំខែត្រូវបានរៀបចំ | H29: ១. ក្របខ័ណ្ឌគោលនយោបាយម៉ាក្រូសេដ្ឋកិច្ចដើម្បីដាក់បញ្ចូលក្នុង ក្របខ័ណ្ឌហិរញ្ញវត្ថុសាធារណៈរយៈពេលមធ្យម ឆ្នាំ ២០២៤-២០២៦ ត្រូវបានរៀបចំ ២.របាយការណ៍ពិនិត្យតាមដាន និងវាយតម្លៃសេដ្ឋកិច្ចប្រចាំឆ្នាំ ២០២២ និងពាក់កណ្តាលឆ្នាំ ២០២៣ ត្រូវបានរៀបចំ ៣. របាយការណ៍ឃ្លាំមើលសេដ្ឋកិច្ចប្រចាំត្រីមាសត្រូវបានរៀបចំ ៤. របាយកាណ៍ពិគ្រោះយោបល់ជាមួយអ្នកអនុវត្តផ្ទាល់ និងភាគីពាក់ព័ទ្ធសម្រាប់ធ្វើការវាយតម្លៃ និងព្យាករសេដ្ឋកិច្ច ត្រូវបានរៀបចំ ៥. របាយការណ៍តាមដានសេដ្ឋកិច្ចប្រចាំខែត្រូវបានរៀបចំ | J29: ១. ក្របខ័ណ្ឌគោលនយោបាយម៉ាក្រូសេដ្ឋកិច្ចដើម្បីដាក់បញ្ចូលក្នុង ក្របខ័ណ្ឌហិរញ្ញវត្ថុសាធារណៈរយៈពេលមធ្យម ឆ្នាំ ២០២៥-២០២៧ ត្រូវបានរៀបចំ ២.របាយការណ៍ពិនិត្យតាមដាន និងវាយតម្លៃសេដ្ឋកិច្ចប្រចាំឆ្នាំ ២០២៣ និងពាក់កណ្តាលឆ្នាំ ២០២៤ ត្រូវបានរៀបចំ ៣. របាយការណ៍ឃ្លាំមើលសេដ្ឋកិច្ចប្រចាំត្រីមាសត្រូវបានរៀបចំ ៤. របាយការណ៍តាមដានសេដ្ឋកិច្ចប្រចាំខែត្រូវបានរៀបចំ | K29: ១. ក្របខ័ណ្ឌគោលនយោបាយម៉ាក្រូសេដ្ឋកិច្ចដើម្បីដាក់បញ្ចូលក្នុង ក្របខ័ណ្ឌហិរញ្ញវត្ថុសាធារណៈរយៈពេលមធ្យម ឆ្នាំ ២០២៦-២០២៨ ត្រូវបានរៀបចំ ២.របាយការណ៍ពិនិត្យតាមដាន និងវាយតម្លៃសេដ្ឋកិច្ចប្រចាំឆ្នាំ ២០២៤ និងពាក់កណ្តាលឆ្នាំ ២០២៥ ត្រូវបានរៀបចំ ៣. របាយការណ៍ឃ្លាំមើលសេដ្ឋកិច្ចប្រចាំត្រីមាសត្រូវបានរៀបចំ ៤. របាយការណ៍តាមដានសេដ្ឋកិច្ចប្រចាំខែត្រូវបានរៀបចំ | L29: =IF(OR(E29>0,F29<>0,G29<>0,H29<>0),"ok","-") -> ok
C30: -សូចនាករទី៥ : គោលនយោបាយហិរញ្ញវត្ថុសាធារណៈត្រូវបានរៀបចំឡើងប្រកបដោយសង្គតិភាពនិងផ្សារភ្ជាប់ទៅនឹងគោលនយោបាយអាទិភាពរបស់រាជរដ្ឋាភិបាល។ | F30: ១. របាយការណ៍ត្រួតពិនិត្យ និងវាយតម្លៃ ការអនុវត្តយុទ្ធសាស្រ្តកៀរគរចំណូល ២០១៩ -២០២៣ ឆ្នាំ ២០២០ និង ពាកើកណ្តាលឆ្នាំ ២០២១ ផ្នែក អ.គ.រ និង គោលនយោបាយសារពើពន្ធ ត្រូវបានរៀបចំ ២. របាយការណ៍តាមដាន និងវាយតម្លៃសកម្មភាពដែលបានកំណត់ក្នុងកម្មវិធីកែទម្រង់ការគ្រប់គ្រងហិរញ្ញវត្ថុសាធារណៈរបស់នាយកដ្ឋានគោលនយោបាយម៉ាក្រូសេដ្ឋកិច្ច និងសារពើពន្ធ ៣. ការសិក្សាលើធាតុចូលសម្រាប់ការវាយតម្លៃការផ្សារភ្ជាប់ថវិកាទៅនឹងគោលនយោបាយអាទិភាពរបស់រាជរដ្ឋាភិបាល សម្រាប់វិស័យអប់រំ និងសុខាភិបាល ត្រូវបានរៀបចំ ៤. សេចក្តីព្រាងគោលនយោបាយសារពើពន្ធជំរុញការប្រើប្រាស់រថយន្តភាគបរិស្ថាន ២០២១-២០៣០ ត្រូវបានរៀបចំ បន្ទាប់ពីទទួលបានមតិយោបល់អគ្គនាយកដ្ឋានពាក់ព័ន្ធ ៥. របាយការណ៍វឌ្ឍនភាព ស្តីពីការអនុវត្តការរៀបចំផែនការមេ​ ដើម្បីប្រែក្លាយខេត្តព្រះសីហនុទៅជាតំបន់សេដ្ឋកិច្ចពិសេសគំរូពហុបំណង ៦. របាយការណ៍វឌ្ឍនភាពនៃការអនុវត្តគម្រោងមូលនិធិសហគ្រិនភាព (EDF) ប្រចាំឆ្នាំ ២០២០ ត្រូវបានរៀបចំ | G30: ១. របាយការណ៍ត្រួតពិនិត្យ និងវាយតម្លៃ ការអនុវត្តយុទ្ធសាស្រ្តកៀរគរចំណូល ២០១៩ -២០២៣ ពាក់កណ្ដាលអាណត្តិ ផ្នែក អ.គ.រ ត្រូវបានរៀបចំ ២. របាយការណ៍តាមដាន និងវាយតម្លៃសកម្មភាពដែលបានកំណត់ក្នុងកម្មវិធីកែទម្រង់ការគ្រប់គ្រងហិរញ្ញវត្ថុសាធារណៈរបស់នាយកដ្ឋានគោលនយោបាយម៉ាក្រូសេដ្ឋកិច្ច និងសារពើពន្ធ ៣. ការសិក្សាលើធាតុចូលសម្រាប់ការវាយតម្លៃការផ្សារភ្ជាប់ថវិកា ទៅនឹងគោលនយោបាយអាទិភាពរបស់រាជរដ្ឋាភិបាល ត្រូវបានរៀបចំ ៤. របាយការណ៍សិក្សាស្រាវជ្រាវ​ ស្តីពីការរៀបចំ​ និងការអនុវត្តគោលនយោបាយ​សារពើពន្ធសំខាន់ ត្រូវបានរៀបចំ ៥. របាយការណ៍វឌ្ឍនភាព ស្តីពីការអនុវត្តការរៀបចំផែនការមេ​ ដើម្បីប្រែក្លាយខេត្តព្រះសីហនុទៅជាតំបន់សេដ្ឋកិច្ចពិសេសគំរូពហុបំណង ៦. របាយការណ៍វឌ្ឍនភាពនៃការអនុវត្តគម្រោងមូលនិធិសហគ្រិនភាព (EDF) ប្រចាំឆ្នាំ ២០២១ ត្រូវបានរៀបចំ | H30: ១. របាយការណ៍តាមដាន និងវាយតម្លៃសកម្មភាពដែលបានកំណត់ក្នុងកម្មវិធីកែទម្រង់ការគ្រប់គ្រងហិរញ្ញវត្ថុសាធារណៈរបស់នាយកដ្ឋានគោលនយោបាយម៉ាក្រូសេដ្ឋកិច្ច និងសារពើពន្ធ ២. ការសិក្សាលើធាតុចូលសម្រាប់ការវាយតម្លៃការផ្សារភ្ជាប់ថវិកា ទៅនឹងគោលនយោបាយអាទិភាពរបស់រាជរដ្ឋាភិបាល ត្រូវបានរៀបចំ ៣. របាយការណ៍សិក្សាស្រាវជ្រាវ​ ស្តីពីការរៀបចំ​ និងការអនុវត្តគោលនយោបាយ​សារពើពន្ធសំខាន់ ត្រូវបានរៀបចំ ៤. របាយការណ៍វឌ្ឍនភាព ស្តីពីការអនុវត្តការរៀបចំផែនការមេ​ ដើម្បីប្រែក្លាយខេត្តព្រះសីហនុទៅជាតំបន់សេដ្ឋកិច្ចពិសេសគំរូពហុបំណង | J30: ១. របាយការណ៍តាមដាន និងវាយតម្លៃសកម្មភាពដែលបានកំណត់ក្នុងកម្មវិធីកែទម្រង់ការគ្រប់គ្រងហិរញ្ញវត្ថុសាធារណៈរបស់នាយកដ្ឋានគោលនយោបាយម៉ាក្រូសេដ្ឋកិច្ច និងសារពើពន្ធ ២. ការសិក្សាលើធាតុចូលសម្រាប់ការវាយតម្លៃការផ្សារភ្ជាប់ថវិកា ទៅនឹងគោលនយោបាយអាទិភាពរបស់រាជរដ្ឋាភិបាល ត្រូវបានរៀបចំ ៣. របាយការណ៍សិក្សាស្រាវជ្រាវ​ ស្តីពីការរៀបចំ​ និងការអនុវត្តគោលនយោបាយ​សារពើពន្ធសំខាន់ ត្រូវបានរៀបចំ | K30: ១. របាយការណ៍តាមដាន និងវាយតម្លៃសកម្មភាពដែលបានកំណត់ក្នុងកម្មវិធីកែទម្រង់ការគ្រប់គ្រងហិរញ្ញវត្ថុសាធារណៈរបស់នាយកដ្ឋានគោលនយោបាយម៉ាក្រូសេដ្ឋកិច្ច និងសារពើពន្ធ ២. ការសិក្សាលើធាតុចូលសម្រាប់ការវាយតម្លៃការផ្សារភ្ជាប់ថវិកា ទៅនឹងគោលនយោបាយអាទិភាពរបស់រាជរដ្ឋាភិបាល ត្រូវបានរៀបចំ ៣. របាយការណ៍សិក្សាស្រាវជ្រាវ​ ស្តីពីការរៀបចំ​ និងការអនុវត្តគោលនយោបាយ​សារពើពន្ធសំខាន់ ត្រូវបានរៀបចំ
C31: -សកម្មភាពទី៦ : ពង្រឹងសេវាគាំទ្រកិច្ចប្រតិបត្តិការ និងការងារសម្របសម្រួលសម្រាប់នាយកដ្ឋានគោលនយោបាយ ម៉ាក្រូសេដ្ឋកិច្ច និងសារពើពន្ធ | F31: សេវាគាំទ្រកិច្ចប្រតិបត្តិការ និងការងារ សម្របសម្រួល សម្រាប់នាយកដ្ឋានគោលនយោបាយម៉ាក្រូសេដ្ឋកិច្ច និងសារពើពន្ធត្រូវបានពង្រឹង | G31: ១.រៀបចំរបាយការណ៍លទ្ធផលការងាររបស់នាយកដ្ឋាន ២.រៀបចំផែនការសកម្មភាព និងថវិកា រួមជាមួយរបាយការណ៍វឌ្ឍភាពការអនុវត្តថវិកាកម្មវិធី ៣.រៀបចំ និងសម្របសម្រួលកិច្ចប្រជុំ និងសិក្ខាសាលាពាក់ព័ន្ធរបស់នាយកដ្ឋាន | H31: ១.រៀបចំសេវាគាំទ្រកិច្ចប្រតិបត្តិការ និងការងារ សម្របសម្រួល សម្រាប់នាយកដ្ឋានគោល នយោបាយម៉ាក្រូសេដ្ឋកិច្ច និងសារពើពន្ធ ២.របាយការលទ្ធផលការងាររបស់នាយកដ្ឋានត្រូវរៀបចំ ប្រកបដោយតម្លាភាព និងគណនេយ្យភាព ៣.ផែនការសកម្មភាព និងថវិកាដើម្បីគាំទ្រ និងធានានូវប្រសិទ្ធភាពនៃប្រតិបត្តិការ រួមជាមួយ របាយការណ៍វឌ្ឍភាពការអនុវត្តថវិកាកម្មវិធីនឹងត្រូវរៀបចំ | I31: រៀបចំសកម្មភាពលម្អិតជាងមុន | J31: ១.រៀបចំរបាយការណ៍ហិរញ្ញវត្ថុ និងរបាយការណ៍សមិទ្ធកម្ម នៃការអនុវត្តថវិកាកម្មវិធី ២.រៀបចំរបាយការណ៍ពាក់ព័ន្ធ និងកិច្ចបញ្ជិការគណនេយ្យប្រចាំខែ ប្រចាំឆមាស និងប្រចាំឆ្នាំ ៣.រៀបចំផែនការគ្រោងចំណូល-ចំណាយថវិកាប្រចាំត្រីមាស ៤.បូកសរុបផែនការយុទ្ធសាស្ត្រថវិកា BSP និង ផែនការថវិកា ៥.. រៀបចំទូទាត់ប្រាក់បៀវត្សប្រចាំខែជូនមន្រ្តីរាជការថ្នាក់ដឹកនាំនិងមន្រ្តីជាប់កិច្ចសន្យាដែលបម្រើការងារនៅអគ្គនាយកដ្ឋានគោលនយោបាយ ៦. កិច្ចការរដ្ឋបាលផ្សេងៗរបស់នាយកដ្ឋានត្រូវសម្របសម្រួលប្រកបដោយគុណភាព និងទាន់ពេលវេលា ។ | K31: ១.រៀបចំរបាយការណ៍ហិរញ្ញវត្ថុ និងរបាយការណ៍សមិទ្ធកម្ម នៃការអនុវត្តថវិកាកម្មវិធី ២.រៀបចំរបាយការណ៍ពាក់ព័ន្ធ និងកិច្ចបញ្ជិការគណនេយ្យប្រចាំខែ ប្រចាំឆមាស និងប្រចាំឆ្នាំ ៣.រៀបចំផែនការគ្រោងចំណូល-ចំណាយថវិកាប្រចាំត្រីមាស ៤.បូកសរុបផែនការយុទ្ធសាស្ត្រថវិកា BSP និង ផែនការថវិកា ៥.. រៀបចំទូទាត់ប្រាក់បៀវត្សប្រចាំខែជូនមន្រ្តីរាជការថ្នាក់ដឹកនាំនិងមន្រ្តីជាប់កិច្ចសន្យាដែលបម្រើការងារនៅអគ្គនាយកដ្ឋានគោលនយោបាយ ៦. កិច្ចការរដ្ឋបាលផ្សេងៗរបស់នាយកដ្ឋានត្រូវសម្របសម្រួលប្រកបដោយគុណភាព និងទាន់ពេលវេលា ។ | L31: =IF(OR(E31>0,F31<>0,G31<>0,H31<>0),"ok","-") -> ok
B32: =$B$12&"03" -> 1010103 | C32: =VLOOKUP($B32,[4]BSP1!$B$12:$D$207,3) -> ១.១.៣. ចង្កោមសកម្មភាពទី៣ : លើកកម្ពស់ការងារស្ថិតិសេដ្ឋកិច្ចនិងហិរញ្ញវត្ថុសាធារណៈ | E32: =VLOOKUP($B32,[4]BSP4!$B$12:$F$187,5,FALSE) -> 492.2 | L32: =IF(OR(E32>0,F32<>0,G32<>0,H32<>0),"ok","-") -> ok
C33: សូចនាករទី១៖ ការរៀបចំចងក្រងស្ថិតិ និងការតាមដានស្ថិតិត្រូវបានពង្រឹង | F33: ១.របាយការណ៍តាមដាននិន្នាការសេដ្ឋកិច្ច និងហិរញ្ញវត្ថុសាធារណៈនិងកម្រងស្ថិតិចំនួន៦៧ ត្រូវបានរៀបចំនិងពង្រីកវិសាលភាព | G33: ១. របាយការណ៍តាមដាននិន្នាការហិរញ្ញវត្ថុសាធារណៈ (រយៈពេលខ្លី)​ ចំនួន ២៨ ក្នុង១ឆ្នាំ​ ត្រូវបានរៀបចំ | H33: ១. របាយការណ៍និងកម្រងស្ថិតិតាមដាននិន្នាការហិរញ្ញវត្ថុសាធារណៈ (រយៈពេលខ្លី)​ ចំនួន ២៨ ក្នុង១ឆ្នាំ​ ត្រូវបានរៀបចំ | J33: ១. របាយការណ៍និងកម្រងស្ថិតិតាមដាននិន្នាការហិរញ្ញវត្ថុសាធារណៈ (រយៈពេលខ្លី)​ ចំនួន ២៨ ក្នុង១ឆ្នាំ​ ត្រូវបានរៀបចំ | K33: ១. របាយការណ៍និងកម្រងស្ថិតិតាមដាននិន្នាការហិរញ្ញវត្ថុសាធារណៈ (រយៈពេលខ្លី)​ ចំនួន ២៨ ក្នុង១ឆ្នាំ​ ត្រូវបានរៀបចំ | L33: =IF(OR(E33>0,F33<>0,G33<>0,H33<>0),"ok","-") -> ok
F34: ២.កម្រង/តារាងស្ថិតិតាមដាននិន្នាការថ្លៃទំនិញក្នុងស្រុកនិងអន្តរជាតិ ចំនួន៤ ត្រូវបានរៀបចំ | G34: ២. របាយការណ៍​និងកម្រងស្ថិតិតាមដាននិន្នាការសេដ្ឋកិច្ចនិងពាណិជ្ជកម្ម (រយៈពេលខ្លី) ចំនួន ៣៩ ត្រូវបានរៀបចំ | H34: ២. របាយការណ៍​និងកម្រងស្ថិតិតាមដាននិន្នាការសេដ្ឋកិច្ចនិងពាណិជ្ជកម្ម (រយៈពេលខ្លី) ចំនួន ៣៩ ត្រូវបានរៀបចំ | J34: ២. របាយការណ៍​និងកម្រងស្ថិតិតាមដាននិន្នាការសេដ្ឋកិច្ចនិងពាណិជ្ជកម្ម (រយៈពេលខ្លី) ចំនួន ៣៩ ត្រូវបានរៀបចំ | K34: ២. របាយការណ៍​និងកម្រងស្ថិតិតាមដាននិន្នាការសេដ្ឋកិច្ចនិងពាណិជ្ជកម្ម (រយៈពេលខ្លី) ចំនួន ៣៩ ត្រូវបានរៀបចំ | L34: =IF(OR(E34>0,F34<>0,G34<>0,H34<>0),"ok","-") -> ok
G35: ៣. របាយការណ៍តាមដាននិន្នាការថ្លៃទំនិញ និងសេវាក្នុងស្រុក​ចំនួន៦ ( ប្រចាំត្រីមាស និងឆមាស) និងរបាយការណ៍អង្កេតថ្លៃសំបុត្រយន្តហោះ ចំនួន ៤ ត្រូវបានរៀបចំ | H35: ៣. របាយការណ៍តាមដាននិន្នាការថ្លៃទំនិញ និងសេវាក្នុងស្រុក​ចំនួន៦ ( ប្រចាំត្រីមាស និងឆមាស) និងរបាយការណ៍អង្កេតថ្លៃសំបុត្រយន្តហោះ ចំនួន ៤ ត្រូវបានរៀបចំ | J35: ៣. របាយការណ៍តាមដាននិន្នាការថ្លៃទំនិញ និងសេវាក្នុងស្រុក​ចំនួន៦ ( ប្រចាំត្រីមាស និងឆមាស) និងរបាយការណ៍អង្កេតថ្លៃសំបុត្រយន្តហោះ ចំនួន ៤ ត្រូវបានរៀបចំ | K35: ៣. របាយការណ៍តាមដាននិន្នាការថ្លៃទំនិញ និងសេវាក្នុងស្រុក​ចំនួន៦ ( ប្រចាំត្រីមាស និងឆមាស) និងរបាយការណ៍អង្កេតថ្លៃសំបុត្រយន្តហោះ ចំនួន ៤ ត្រូវបានរៀបចំ | L35: =IF(OR(E35>0,F35<>0,G35<>0,H35<>0),"ok","-") -> ok
G36: ៤.ផលិតផលទិន្នន័យស្ថិតិសេដ្ឋកិច្ច,ហិរញ្ញវត្ថុ និងថ្លៃទំនិញ (តារាង/កម្រង/ព្រឹត្តប័ត្រ) ចំនួន ៩៤ ត្រូវបានរៀបចំ | H36: ៤.ផលិតផលទិន្នន័យស្ថិតិសេដ្ឋកិច្ច,ហិរញ្ញវត្ថុ និងថ្លៃទំនិញ (តារាង/កម្រង/ព្រឹត្តប័ត្រ) ចំនួន ៩៤ ត្រូវបានរៀបចំ | J36: ៤.ផលិតផលទិន្នន័យស្ថិតិសេដ្ឋកិច្ច,ហិរញ្ញវត្ថុ និងថ្លៃទំនិញ (តារាង/កម្រង/ព្រឹត្តប័ត្រ) ចំនួន ៩៤ ត្រូវបានរៀបចំ | K36: ៤.ផលិតផលទិន្នន័យស្ថិតិសេដ្ឋកិច្ច,ហិរញ្ញវត្ថុ និងថ្លៃទំនិញ (តារាង/កម្រង/ព្រឹត្តប័ត្រ) ចំនួន ៩៤ ត្រូវបានរៀបចំ | L36: =IF(OR(E36>0,F36<>0,G36<>0,H36<>0),"ok","-") -> ok
C37: -សូចនាករទី៦ : ... | L37: =IF(OR(E37>0,F37<>0,G37<>0,H37<>0),"ok","-") -> -
B38: =$B$12&"04" -> 1010104 | C38: =VLOOKUP($B38,[4]BSP1!$B$12:$D$207,3) -> ១.១.៤. ចង្កោមសកម្មភាពទី៤ : លើកកម្ពស់កិច្ចការសមាហរណកម្មសេដ្ឋកិច្ច និងសហប្រតិបត្តិការហិរញ្ញវត្ថុនិងរូបិយវត្ថុ | E38: =VLOOKUP($B38,[4]BSP4!$B$12:$F$187,5,FALSE) -> 899.6 | L38: =IF(OR(E38>0,F38<>0,G38<>0,H38<>0),"ok","-") -> ok
C39: សូចនាករទី១៖ វឌ្ឍនភាពស្តីពីការតាមដាន សម្របសម្រួល និងអនុវត្តយន្តការសហប្រតិបត្តិការហិរញ្ញវត្ថុ និងរូបិយវត្ថុអាស៊ាន និងជាមួយប្រទេសដៃគូប្រចាំឆ្នាំ ត្រូវបានវាយតម្លៃ | F39: ១. របាយការណ៏ស្តីពីសមាហរណកម្មសេដ្ឋកិច្ចនិងសហប្រតិបត្តិហិរញ្ញវត្ថុ និងរូបិយវត្ថុប្រចាំឆ្នាំ ២០២១ ត្រូវបានរៀបចំ | G39: ១. របាយការណ៍ស្តីពីសហប្រតិបត្តិការហិរញ្ញវត្ថុនិងរូបិយវត្ថុអាស៊ាននិងជាមួយប្រទេសដៃគូសម្រាប់ឆមាសទី១ ត្រូវបានរៀបចំ | H39: ១. របាយការណ៏ស្តីពីសមាហរណកម្មសេដ្ឋកិច្ចនិងសហប្រតិបត្តិហិរញ្ញវត្ថុ និងរូបិយវត្ថុប្រចាំឆ្នាំ ២០២៣ ត្រូវបានរៀបចំ | J39: ១.របាយការណ៍ស្តីពីសហប្រតិបត្តិការហិរញ្ញវត្ថុនិងរូបិយវត្ថុអាស៊ាននិងជាមួយប្រទេសដៃគូប្រចាំឆ្នាំ ២០២៤ ត្រូវបានរៀបចំ | K39: ១.របាយការណ៍ស្តីពីសហប្រតិបត្តិការហិរញ្ញវត្ថុនិងរូបិយវត្ថុអាស៊ាននិងជាមួយប្រទេសដៃគូប្រចាំឆ្នាំ ២០២៥ ត្រូវបានរៀបចំ | L39: =IF(OR(E39>0,F39<>0,G39<>0,H39<>0),"ok","-") -> ok
F40: ២. របាយការណ៏រួមស្តីពីការតាមដាន សម្របសម្រួល និង អនុវត្តកិច្ចព្រមព្រៀងពាណិជ្ជកម្មសេរីអាស៊ាននិងជាមួយប្រទេសដៃគូប្រចាំឆ្នាំ ២០២១ ត្រូវបានរៀបចំ | G40: ២. របាយការណ៍ស្តីពីកិច្ចព្រមព្រៀងពាណិជ្ជកម្មសេរី អាស៊ាននិងជាមួយប្រទេសដៃគូសម្រាប់ឆមាសទី១ ត្រូវបានរៀបចំ | H40: ២. របាយការណ៏រួមស្តីពីការតាមដាន សម្របសម្រួល និង អនុវត្តកិច្ចព្រមព្រៀងពាណិជ្ជកម្មសេរីអាស៊ាននិងជាមួយប្រទេសដៃគូប្រចាំឆ្នាំ ២០២៣ ត្រូវបានរៀបចំ | J40: ២.របាយការណ៍ស្តីពីកិច្ចព្រមព្រៀងពាណិជ្ជកម្មសេរី អាស៊ាននិងជាមួយប្រទេសដៃគូប្រចាំឆ្នាំ ២០២៤ ត្រូវបានរៀបចំ | K40: ២.របាយការណ៍ស្តីពីកិច្ចព្រមព្រៀងពាណិជ្ជកម្មសេរី អាស៊ាននិងជាមួយប្រទេសដៃគូប្រចាំឆ្នាំ ២០២៥ ត្រូវបានរៀបចំ | L40: =IF(OR(E40>0,F40<>0,G40<>0,H40<>0),"ok","-") -> ok
F41: ៣. របាយការណ៏រួមស្តីពីការតាមដាន សម្របសម្រួល និងអនុវត្តការងារពាក់ព័ន្ធនានាក្នុងនាមជាលេខាធិការ ដ្ឋានរបស់គណៈកម្មាធិការជាតិសម្រាប់វិធានការមិនមែនពន្ធនិងនិហិតដ្ឋានជាតិ ពត៌មានពាក់ព័ន្ធនឹងពាណិជ្ជកម្មប្រចាំឆ្នាំ ២០២១ ត្រូវបានរៀបចំ | G41: ៣. របាយការណ៍ស្តីពីការងារពាក់ព័ន្ធនានាក្នុងនាមជាលេខាធិការដ្ឋានរបស់គណៈកម្មាធិការជាតិសម្រាប់វិធានការមិនមែនពន្ធ និងនិហិតដ្ឋានជាតិពត៌មានពាក់ព័ន្ធនឹងពាណិជ្ជកម្មសម្រាប់ឆមាសទី១ បានបញ្ចប់សេចក្តីព្រាង | H41: ៣. របាយការណ៏រួមស្តីពីការតាមដាន សម្របសម្រួល និងអនុវត្តការងារពាក់ព័ន្ធនានាក្នុងនាមជាលេខាធិការដ្ឋានរបស់គណៈកម្មាធិការជាតិសម្រាប់វិធានការមិនមែនពន្ធនិងនិហិត ដ្ឋានជាតិ ពត៌មានពាក់ព័ន្ធនឹងពាណិជ្ជកម្មប្រចាំឆ្នាំ ២០២៣ ត្រូវបានរៀបចំ | J41: ៣.របាយការណ៍ស្តីពីការងារពាក់ព័ន្ធនានាក្នុងនាមជាលេខាធិការដ្ឋានរបស់គណៈកម្មាធិការជាតិសម្រាប់វិធានការមិនមែនពន្ធ និងនិហិតដ្ឋានជាតិពត៌មានពាក់ព័ន្ធនឹងពាណិជ្ជកម្មប្រចាំឆ្នាំ២០២៤ បានរៀបចំ | K41: ៣.របាយការណ៍ស្តីពីការងារពាក់ព័ន្ធនានាក្នុងនាមជាលេខាធិការដ្ឋានរបស់គណៈកម្មាធិការជាតិសម្រាប់វិធានការមិនមែនពន្ធ និងនិហិតដ្ឋានជាតិពត៌មានពាក់ព័ន្ធនឹងពាណិជ្ជកម្មប្រចាំឆ្នាំ២០២៥ បានរៀបចំ | L41: =IF(OR(E41>0,F41<>0,G41<>0,H41<>0),"ok","-") -> ok
F42: ៤. របាយការណ៏ស្តីពី (១)សិក្ខាសាលាផ្សព្វផ្សាយ ស្តីពីការអនុវត្តកិច្ចព្រមព្រៀងពាណិជ្ជកម្មសេរីអាស៊ាន និងអាស៊ានជាមួយដៃគូ និង (២)សិក្ខាសាលាជាតិស្តីពីការងារពាក់ព័ន្ធនឹគណៈ កម្មាធិការជាតិសម្រាប់វិធានការមិនមែនពន្ធនិងនិហិតដ្ឋានជាតិពត៌មានពាក់ព័ន្ធនឹងពាណិជ្ជកម្ម មិនត្រូវបានរៀបចំ | G42: ៤. កិច្ចប្រជុំអនុគណៈកម្មាការវិធានអាស៊ានស្តីពីដើមកំណើត (SCA-ROO) និងសិក្ខាសាលាជាតិស្តីពីការងារពាក់ព័ន្ធនឹងគណៈកម្មាធិការជាតិសម្រាប់វិធានការមិនមែនពន្ធនិងនិហិតដ្ឋានជាតិព័ត៌មានពាក់ព័ន្ធនឹងពាណិជ្ជកម្ម សម្រាប់ឆមាសទី១ មិនទាន់ត្រូវបានរៀបចំ | H42: ៤. បាយការណ៏ស្តីពី (១)សិក្ខាសាលាផ្សព្វផ្សាយស្តីពីការអនុវត្តកិច្ចព្រមព្រៀងពាណិជ្ជកម្មសេរីអាស៊ាន និងអាស៊ានជាមួយដៃគូ និង (២)សិក្ខាសាលាជាតិស្តីពីការងារពាក់ព័ន្ធនឹគណៈ កម្មាធិការជាតិសម្រាប់វិធានការមិនមែនពន្ធនិងនិហិតដ្ឋានជាតិពត៌មានពាក់ព័ន្ធនឹងពាណិជ្ជកម្ម ប្រចាំឆ្នាំ ២០២៣ ត្រូវបានរៀបចំ | J42: ៤.របាយការណ៏ស្តីពី (១)សិក្ខាសាលាផ្សព្វផ្សាយស្តីពីការអនុវត្តកិច្ចព្រមព្រៀងពាណិជ្ជកម្មសេរីអាស៊ាន និងអាស៊ានជាមួយដៃគូ និង (២)សិក្ខាសាលាជាតិស្តីពីការងារពាក់ព័ន្ធនឹគណៈ កម្មាធិការជាតិសម្រាប់វិធានការមិនមែនពន្ធនិងនិហិតដ្ឋានជាតិពត៌មានពាក់ព័ន្ធនឹងពាណិជ្ជកម្ម ប្រចាំឆ្នាំ២០២៤ ត្រូវបានរៀបចំ។ | K42: ៤.របាយការណ៏ស្តីពី (១)សិក្ខាសាលាផ្សព្វផ្សាយស្តីពីការអនុវត្តកិច្ចព្រមព្រៀងពាណិជ្ជកម្មសេរីអាស៊ាន និងអាស៊ានជាមួយដៃគូ និង (២)សិក្ខាសាលាជាតិស្តីពីការងារពាក់ព័ន្ធនឹគណៈ កម្មាធិការជាតិសម្រាប់វិធានការមិនមែនពន្ធនិងនិហិតដ្ឋានជាតិពត៌មានពាក់ព័ន្ធនឹងពាណិជ្ជកម្ម ប្រចាំឆ្នាំ២០២៥ ត្រូវបានរៀបចំ។ | L42: =IF(OR(E42>0,F42<>0,G42<>0,H42<>0),"ok","-") -> ok
C43: -សូចនាករទី៥ : ... | L43: =IF(OR(E43>0,F43<>0,G43<>0,H43<>0),"ok","-") -> -
C44: -សូចនាករទី៦ : ... | L44: =IF(OR(E44>0,F44<>0,G44<>0,H44<>0),"ok","-") -> -
B45: =$B$12&"05" -> 1010105 | C45: =VLOOKUP($B45,[4]BSP1!$B$12:$D$207,3) -> ១.១.៥. ចង្កោមសកម្មភាពទី ៥ : លើកកម្ពស់គោលនយោបាយលើវិស័យសេដ្ឋកិច្ចថ្មី | E45: =VLOOKUP($B45,[4]BSP4!$B$12:$F$187,5,FALSE) -> 250 | L45: =IF(OR(E45>0,F45<>0,G45<>0,H45<>0),"ok","-") -> ok
C46: -សូចនាករទី១ : លទ្ធផលសិក្សាពាក់ព័ន្ធការកំណត់ និងការលើកកម្ពស់ប្រភពកំណើនថ្មី និងការគិតគូរជាយុទ្ធសាស្ត្ររយៈពេលវែង ត្រូវបានរៀបចំ | F46: គ្មាន | G46: គ្មាន | H46: ១. របាយការណ៍លទ្ធផលសិក្សាពាក់ព័ន្ធការកំណត់ និងការលើកកម្ពស់ប្រភពកំណើនថ្មី និងការគិតគូរជាយុទ្ធសាស្ត្ររយៈពេលវែង ត្រូវបានរៀបចំ | J46: ១. របាយការណ៍លទ្ធផលសិក្សាពាក់ព័ន្ធការកំណត់ និងការលើកកម្ពស់ប្រភពកំណើនថ្មី និងការគិតគូរជាយុទ្ធសាស្ត្ររយៈពេលវែង ត្រូវបានរៀបចំ | K46: ១. របាយការណ៍លទ្ធផលសិក្សាពាក់ព័ន្ធការកំណត់ និងការលើកកម្ពស់ប្រភពកំណើនថ្មី និងការគិតគូរជាយុទ្ធសាស្ត្ររយៈពេលវែង ត្រូវបានរៀបចំ | L46: =IF(OR(E46>0,F46<>0,G46<>0,H46<>0),"ok","-") -> ok
C47: '-សូចនាករទី២ : លទ្ធផលសិក្សាពាក់ព័ន្ធសេដ្ឋកិច្ចបៃតង, ការលើកកម្ពស់ការប្រើប្រាស់ថាមពលបៃតង, សេដ្ឋកិច្ចឌីជីថល និងការជំរុញការអនុវត្ត​បរិវត្តកម្មឌីជីថល ត្រូវបានរៀបចំ | F47: គ្មាន | G47: គ្មាន | H47: ២. របាយការណ៍លទ្ធផលសិក្សាពាក់ព័ន្ធសេដ្ឋកិច្ចបៃតង និង ការលើកកម្ពស់ការប្រើប្រាស់ថាមពលបៃតង និងប្រសិទ្ធភាពថាមពល ត្រូវបានរៀបចំ | J47: ២. របាយការណ៍លទ្ធផលសិក្សាពាក់ព័ន្ធសេដ្ឋកិច្ចបៃតង និង ការលើកកម្ពស់ការប្រើប្រាស់ថាមពលបៃតង និងប្រសិទ្ធភាពថាមពល ត្រូវបានរៀបចំ | K47: ២. របាយការណ៍លទ្ធផលសិក្សាពាក់ព័ន្ធសេដ្ឋកិច្ចបៃតង និង ការលើកកម្ពស់ការប្រើប្រាស់ថាមពលបៃតង និងប្រសិទ្ធភាពថាមពល ត្រូវបានរៀបចំ | L47: =IF(OR(E47>0,F47<>0,G47<>0,H47<>0),"ok","-") -> ok
F48: គ្មាន | G48: គ្មាន | H48: ៣. របាយការណ៍លទ្ធផលសិក្សាពាក់ព័ន្ធនឹងសេដ្ឋកិច្ចឌីជីថល និងការជំរុញការអនុវត្ត​បរិវត្តកម្មឌីជីថល ត្រូវបានរៀបចំ | J48: ៣. របាយការណ៍លទ្ធផលសិក្សាពាក់ព័ន្ធនឹងសេដ្ឋកិច្ចឌីជីថល និងការជំរុញការអនុវត្ត​បរិវត្តកម្មឌីជីថល ត្រូវបានរៀបចំ | K48: ៣. របាយការណ៍លទ្ធផលសិក្សាពាក់ព័ន្ធនឹងសេដ្ឋកិច្ចឌីជីថល និងការជំរុញការអនុវត្ត​បរិវត្តកម្មឌីជីថល ត្រូវបានរៀបចំ
C49: '-សូចនាករទី៣ : របាយការណ៍ស្តីពីការអនុវត្តគម្រោងមូលនិធិអភិវឌ្ឍន៍ជំនាញ (SDF) និង “មូលនិធិអភិវឌ្ឍន៍សហគ្រិនភាព (EDF)” ប្រចាំឆ្នាំ ២០២២​ និងពាក់កណ្តាលឆ្នាំ ២០២៣ ត្រូវបានរៀបចំ | F49: គ្មាន | G49: គ្មាន | H49: ៤. របាយការណ៍ស្តីពីការអនុវត្តគម្រោងមូលនិធិអភិវឌ្ឍន៍ជំនាញ (SDF) និង “មូលនិធិអភិវឌ្ឍន៍សហគ្រិនភាព (EDF)” ប្រចាំឆ្នាំ ២០២២​ និងពាក់កណ្តាលឆ្នាំ ២០២៣ ត្រូវបានរៀបចំ | J49: ៤. របាយការណ៍ស្តីពីការអនុវត្តគម្រោងមូលនិធិអភិវឌ្ឍន៍ជំនាញ (SDF) និង “មូលនិធិអភិវឌ្ឍន៍សហគ្រិនភាព (EDF)” ប្រចាំឆ្នាំ ២០២២៣ និងពាក់កណ្តាលឆ្នាំ ២០២៤ ត្រូវបានរៀបចំ | K49: ៤. របាយការណ៍ស្តីពីការអនុវត្តគម្រោងមូលនិធិអភិវឌ្ឍន៍ជំនាញ (SDF) និង “មូលនិធិអភិវឌ្ឍន៍សហគ្រិនភាព (EDF)” ប្រចាំឆ្នាំ ២០២២៤ និងពាក់កណ្តាលឆ្នាំ ២០២៥ ត្រូវបានរៀបចំ
C50: '-សូចនាករទី៤ : ការតាមដានការអនុវត្តគោលនយោបាយនិងយុទ្ធសាស្ត្រពាក់ព័ន្ធ​​នឹងការលើកទឹកចិត្តសារពើពន្ធ និងមិនមែនសារពើពន្ធដើម្បីជំរុញកំណើនសេដ្ឋកិច្ច ត្រូវបានពង្រឹង | F50: គ្មាន | G50: គ្មាន | H50: ៥. របាយការណ៍ស្តីពីការតាមដានការអនុវត្តគោលនយោបាយនិងយុទ្ធសាស្ត្រពាក់ព័ន្ធ​​នឹងការលើកទឹកចិត្តសារពើពន្ធ និងមិនមែនសារពើពន្ធដើម្បីជំរុញកំណើនសេដ្ឋកិច្ច ត្រូវបានរៀបចំ | J50: ៥. របាយការណ៍ស្តីពីការតាមដានការអនុវត្តគោលនយោបាយនិងយុទ្ធសាស្ត្រពាក់ព័ន្ធ​​នឹងការលើកទឹកចិត្តសារពើពន្ធ និងមិនមែនសារពើពន្ធដើម្បីជំរុញកំណើនសេដ្ឋកិច្ច ត្រូវបានរៀបចំ | K50: ៥. របាយការណ៍ស្តីពីការតាមដានការអនុវត្តគោលនយោបាយនិងយុទ្ធសាស្ត្រពាក់ព័ន្ធ​​នឹងការលើកទឹកចិត្តសារពើពន្ធ និងមិនមែនសារពើពន្ធដើម្បីជំរុញកំណើនសេដ្ឋកិច្ច ត្រូវបានរៀបចំ | L50: =IF(OR(E50>0,F50<>0,G50<>0,H50<>0),"ok","-") -> ok
C51: -សូចនាករទី៤ : ... | L51: =IF(OR(E51>0,F51<>0,G51<>0,H51<>0),"ok","-") -> -
C52: -សូចនាករទី៥ : ... | L52: =IF(OR(E52>0,F52<>0,G52<>0,H52<>0),"ok","-") -> -
C53: -សូចនាករទី៦ : ... | L53: =IF(OR(E53>0,F53<>0,G53<>0,H53<>0),"ok","-") -> -
B54: =$B$12&"06" -> 1010106 | C54: =VLOOKUP($B54,[4]BSP1!$B$12:$D$207,3) -> ១.១.៦. ចង្កោមសកម្មភាពទី ៦ : រៀបចំ តាមដាន និងវាយតម្លៃ គោលនយោបាយពាក់ព័ន្ធនឹងប្រសិទ្ធភាពចំណាយ | E54: =VLOOKUP($B54,[4]BSP4!$B$12:$F$187,5,FALSE) -> 250 | L54: =IF(OR(E54>0,F54<>0,G54<>0,H54<>0),"ok","-") -> ok
C55: សូចនាករទី១៖ កិច្ចការទូទៅ ត្រូវបានគ្រប់គ្រង ណិងសម្របសម្រួល | F55: គ្មាន | G55: គ្មាន | H55: ១.របាយការណ៍បូកសរុបការងារ,ការគ្រប់គ្រងរដ្ឋបាល, សម្របសម្រួលនិងទំនាក់ទំនងត្រូវបានរៀបចំ ចំនួន ១២ ២. របាយការណ៍ការគ្រប់គ្រងបញ្ជីសារពើភណ្ឌ ប្រចាំឆ្នាំ ត្រូវបានរៀបចំ | J55: ១.របាយការណ៍បូកសរុបការងារ,ការគ្រប់គ្រងរដ្ឋបាល, សម្របសម្រួលនិងទំនាក់ទំនងត្រូវបានរៀបចំ ចំនួន ១២ ២. របាយការណ៍ការគ្រប់គ្រងបញ្ជីសារពើភណ្ឌត្រូវបានរៀបចំគ្រប់ជ្រុងជ្រោយនិងត្រឹមត្រូវ។ | K55: ១.របាយការណ៍បូកសរុបការងារ,ការគ្រប់គ្រងរដ្ឋបាល, សម្របសម្រួលនិងទំនាក់ទំនងត្រូវបានរៀបចំ ចំនួន ១២ ២. របាយការណ៍ការគ្រប់គ្រងបញ្ជីសារពើភណ្ឌត្រូវបានរៀបចំគ្រប់ជ្រុងជ្រោយនិងត្រឹមត្រូវ។ | L55: =IF(OR(E55>0,F55<>0,G55<>0,H55<>0),"ok","-") -> ok
C56: សូចនាករទី២៖ បញ្ជីថ្លៃទំនិញ និងសេវា ព្រមទាំងកំណត់ស្តង់ដារថ្លៃទំនិញនិងសេវា សម្រាប់ប្រើប្រាស់ក្នុងចំណាយសាធារណៈត្រូវបានរៀបចំ, ចងក្រង, តាមដាន វិភាគនិងផ្សព្វផ្សាយ | F56: គ្មាន | G56: គ្មាន | H56: ១. ឯកសារទស្សនទានស្តីពីស្តង់ដារបច្ចេកទេសក្នុងការគណនាថ្លៃដើមសម្រាប់ប្រើប្រាស់ក្នុងការប៉ាន់ស្មានតម្លៃគម្រោងវិនិយោគសាធារណៈ ចំនួន ១ ត្រូវបានរៀបចំ | J56: ១. ស្តង់ដារបច្ចេកទេសក្នុងការគណនាថ្លៃដើមសម្រាប់ប្រើប្រាស់ក្នុងការប៉ាន់ស្មានតម្លៃគម្រោងវិនិយោគសាធារណៈ ចំនួន ១ ត្រូវបានបញ្ចប់ការរៀបចំ | K56: ១. ស្តង់ដារបច្ចេកទេសក្នុងការគណនាថ្លៃដើមសម្រាប់ប្រើប្រាស់ក្នុងការប៉ាន់ស្មានតម្លៃគម្រោងវិនិយោគសាធារណៈត្រូវបានដាក់ឱ្យប្រើប្រាស់ | L56: =IF(OR(E56>0,F56<>0,G56<>0,H56<>0),"ok","-") -> ok
C57: សូចនាករទី៣៖​ វិភាគ និងវាយតម្លៃលើសំណើគម្រោងវិនិយោគសាធារណៈ ត្រូវបានពង្រឹង | F57: គ្មាន | G57: គ្មាន | H57: ១. ឯកសារទសន្សទានស្តីពីការរៀបចំស្តង់ដារបច្ចេកទេសក្នុងការគណនាផលចំណេញសេដ្ឋកិច្ច​ និងហិរញ្ញវត្ថុ ចំនួន ១ ត្រូវបានរៀបចំ ២. ទសន្សកិច្ចសិក្សាស្តីពីការគ្រប់គ្រងវិនិយោគសាធារណៈ នៅក្រៅប្រទេស | J57: ១. ស្តង់ដារបច្ចេកទេសក្នុងការគណនាផលចំណេញសេដ្ឋកិច្ច​ និងហិរញ្ញវត្ថុ ចំនួន ១ ត្រូវបានបញ្ចប់ការរៀបចំ ២. ទសន្សកិច្ចសិក្សាស្តីពីការគ្រប់គ្រងវិនិយោគសាធារណៈ នៅក្រៅប្រទេស | K57: ១. ស្តង់ដារបច្ចេកទេសក្នុងការគណនាផលចំណេញសេដ្ឋកិច្ច​ និងហិរញ្ញវត្ថុត្រូវបានត្រូវបានដាក់ឱ្យប្រើប្រាស់ ២. ទសន្សកិច្ចសិក្សាស្តីពីការគ្រប់គ្រងវិនិយោគសាធារណៈ នៅក្រៅប្រទេស | L57: =IF(OR(E57>0,F57<>0,G57<>0,H57<>0),"ok","-") -> ok
C58: សូចនាករទី៤៖ ការតាមដាន និងវាយតម្លៃ វិនិយោគសាធារណៈ ត្រូវបានពង្រឹង | F58: គ្មាន | G58: គ្មាន | H58: ១. សេចក្តីព្រាងឯកសារទស្សនទានស្តីពីការរៀបចំ ក្របខណ្ឌតាមដាន និងវាយតម្លៃ ចំនួន ១ ត្រូវបានរៀបចំ | J58: ១. ឯកសារទស្សនទានស្តីពីការរៀបចំ ក្របខណ្ឌតាមដាន និងវាយតម្លៃ ត្រូវបានបញ្ចប់រៀបចំ | K58: ១. ក្របខណ្ឌតាមដាន និងវាយតម្លៃ ត្រូវបានរៀបចំ និងដាក់ឱ្យប្រើប្រាស់ | L58: =IF(OR(E58>0,F58<>0,G58<>0,H58<>0),"ok","-") -> ok
F59: គ្មាន | G59: គ្មាន | H59: ១. ទសន្សកិច្ចសិក្សាស្តីពីការគ្រប់គ្រងវិនិយោគសាធារណៈ នៅក្រៅប្រទេស | J59: ១. ទសន្សកិច្ចសិក្សាស្តីពីការគ្រប់គ្រងវិនិយោគសាធារណៈ នៅក្រៅប្រទេស | K59: ១. ទសន្សកិច្ចសិក្សាស្តីពីការគ្រប់គ្រងវិនិយោគសាធារណៈ នៅក្រៅប្រទេស | L59: =IF(OR(E59>0,F59<>0,G59<>0,H59<>0),"ok","-") -> ok
C60: ១.‌១.៥.៤.សកម្មភាពទី៤៖ ការតាមដាន និងវាយតម្លៃ ការវិនិយោគសាធារណៈ | L60: =IF(OR(E60>0,F60<>0,G60<>0,H60<>0),"ok","-") -> -
B61: =$B$12&"07" -> 1010107 | C61: ១.‌១.៥.៥.សកម្មភាពទី៤៖ ការរៀបចំគោលនយោបាយ និងយុទ្ធសាស្រ្តវិនិយោគសាធារណៈ | E61: =VLOOKUP($B61,[4]BSP4!$B$12:$F$187,5,FALSE) -> 0 | L61: =IF(OR(E61>0,F61<>0,G61<>0,H61<>0),"ok","-") -> -
C62: -សូចនាករទី១ : ... | L62: =IF(OR(E62>0,F62<>0,G62<>0,H62<>0),"ok","-") -> -
C63: -សូចនាករទី២ : ... | L63: =IF(OR(E63>0,F63<>0,G63<>0,H63<>0),"ok","-") -> -
C64: -សូចនាករទី៣ : ... | L64: =IF(OR(E64>0,F64<>0,G64<>0,H64<>0),"ok","-") -> -
C65: -សូចនាករទី៤ : ... | L65: =IF(OR(E65>0,F65<>0,G65<>0,H65<>0),"ok","-") -> -
C66: -សូចនាករទី៥ : ... | L66: =IF(OR(E66>0,F66<>0,G66<>0,H66<>0),"ok","-") -> -
C67: -សូចនាករទី៦ : ... | L67: =IF(OR(E67>0,F67<>0,G67<>0,H67<>0),"ok","-") -> -
B68: =$B$12&"08" -> 1010108 | C68: =VLOOKUP($B68,[4]BSP1!$B$12:$D$207,3) -> ១.‌១.៦.៤.សកម្មភាពទី៤៖ ការតាមដាន និងវាយតម្លៃ ការវិនិយោគសាធារណៈ | E68: =VLOOKUP($B68,[4]BSP4!$B$12:$F$187,5,FALSE) -> 0 | L68: =IF(OR(E68>0,F68<>0,G68<>0,H68<>0),"ok","-") -> -
C69: -សូចនាករទី១ : ... | L69: =IF(OR(E69>0,F69<>0,G69<>0,H69<>0),"ok","-") -> -
C70: -សូចនាករទី២ : ... | L70: =IF(OR(E70>0,F70<>0,G70<>0,H70<>0),"ok","-") -> -
C71: -សូចនាករទី៣ : ... | L71: =IF(OR(E71>0,F71<>0,G71<>0,H71<>0),"ok","-") -> -
C72: -សូចនាករទី៤ : ... | L72: =IF(OR(E72>0,F72<>0,G72<>0,H72<>0),"ok","-") -> -
C73: -សូចនាករទី៥ : ... | L73: =IF(OR(E73>0,F73<>0,G73<>0,H73<>0),"ok","-") -> -
C74: -សូចនាករទី៦ : ... | L74: =IF(OR(E74>0,F74<>0,G74<>0,H74<>0),"ok","-") -> -
B75: =$B$12&"09" -> 1010109 | C75: =VLOOKUP($B75,[4]BSP1!$B$12:$D$207,3) -> ១.‌១.៦.៤.សកម្មភាពទី៤៖ ការតាមដាន និងវាយតម្លៃ ការវិនិយោគសាធារណៈ | E75: =VLOOKUP($B75,[4]BSP4!$B$12:$F$187,5,FALSE) -> 0 | L75: =IF(OR(E75>0,F75<>0,G75<>0,H75<>0),"ok","-") -> -
C76: -សូចនាករទី១ : ... | L76: =IF(OR(E76>0,F76<>0,G76<>0,H76<>0),"ok","-") -> -
C77: -សូចនាករទី២ : ... | L77: =IF(OR(E77>0,F77<>0,G77<>0,H77<>0),"ok","-") -> -
C78: -សូចនាករទី៣ : ... | L78: =IF(OR(E78>0,F78<>0,G78<>0,H78<>0),"ok","-") -> -
C79: -សូចនាករទី៤ : ... | L79: =IF(OR(E79>0,F79<>0,G79<>0,H79<>0),"ok","-") -> -
C80: -សូចនាករទី៥ : ... | L80: =IF(OR(E80>0,F80<>0,G80<>0,H80<>0),"ok","-") -> -
C81: -សូចនាករទី៦ : ... | L81: =IF(OR(E81>0,F81<>0,G81<>0,H81<>0),"ok","-") -> -
B82: =$B$12&"10" -> 1010110 | C82: =VLOOKUP($B82,[4]BSP1!$B$12:$D$207,3) -> ១.‌១.៦.៤.សកម្មភាពទី៤៖ ការតាមដាន និងវាយតម្លៃ ការវិនិយោគសាធារណៈ | E82: =VLOOKUP($B82,[4]BSP4!$B$12:$F$187,5,FALSE) -> 0 | L82: =IF(OR(E82>0,F82<>0,G82<>0,H82<>0),"ok","-") -> -
C83: -សូចនាករទី១ : ... | L83: =IF(OR(E83>0,F83<>0,G83<>0,H83<>0),"ok","-") -> -
C84: -សូចនាករទី២ : ... | L84: =IF(OR(E84>0,F84<>0,G84<>0,H84<>0),"ok","-") -> -
C85: -សូចនាករទី៣ : ... | L85: =IF(OR(E85>0,F85<>0,G85<>0,H85<>0),"ok","-") -> -
C86: -សូចនាករទី៤ : ... | L86: =IF(OR(E86>0,F86<>0,G86<>0,H86<>0),"ok","-") -> -
C87: -សូចនាករទី៥ : ... | L87: =IF(OR(E87>0,F87<>0,G87<>0,H87<>0),"ok","-") -> -
C88: -សូចនាករទី៦ : ... | L88: =IF(OR(E88>0,F88<>0,G88<>0,H88<>0),"ok","-") -> -
B89: =$B$12&"11" -> 1010111 | C89: =VLOOKUP($B89,[4]BSP1!$B$12:$D$207,3) -> ១.‌១.៦.៤.សកម្មភាពទី៤៖ ការតាមដាន និងវាយតម្លៃ ការវិនិយោគសាធារណៈ | E89: =VLOOKUP($B89,[4]BSP4!$B$12:$F$187,5,FALSE) -> 0 | L89: =IF(OR(E89>0,F89<>0,G89<>0,H89<>0),"ok","-") -> -
C90: -សូចនាករទី១ : ... | L90: =IF(OR(E90>0,F90<>0,G90<>0,H90<>0),"ok","-") -> -
C91: -សូចនាករទី២ : ... | L91: =IF(OR(E91>0,F91<>0,G91<>0,H91<>0),"ok","-") -> -
C92: -សូចនាករទី៣ : ... | L92: =IF(OR(E92>0,F92<>0,G92<>0,H92<>0),"ok","-") -> -
C93: -សូចនាករទី៤ : ... | L93: =IF(OR(E93>0,F93<>0,G93<>0,H93<>0),"ok","-") -> -
C94: -សូចនាករទី៥ : ... | L94: =IF(OR(E94>0,F94<>0,G94<>0,H94<>0),"ok","-") -> -
C95: -សូចនាករទី៦ : ... | L95: =IF(OR(E95>0,F95<>0,G95<>0,H95<>0),"ok","-") -> -
B96: =$B$12&"12" -> 1010112 | C96: =VLOOKUP($B96,[4]BSP1!$B$12:$D$207,3) -> ១.‌១.៦.៤.សកម្មភាពទី៤៖ ការតាមដាន និងវាយតម្លៃ ការវិនិយោគសាធារណៈ | E96: =VLOOKUP($B96,[4]BSP4!$B$12:$F$187,5,FALSE) -> 0 | L96: =IF(OR(E96>0,F96<>0,G96<>0,H96<>0),"ok","-") -> -
C97: -សូចនាករទី១ : ... | L97: =IF(OR(E97>0,F97<>0,G97<>0,H97<>0),"ok","-") -> -
C98: -សូចនាករទី២ : ... | L98: =IF(OR(E98>0,F98<>0,G98<>0,H98<>0),"ok","-") -> -
C99: -សូចនាករទី៣ : ... | L99: =IF(OR(E99>0,F99<>0,G99<>0,H99<>0),"ok","-") -> -
C100: -សូចនាករទី៤ : ... | L100: =IF(OR(E100>0,F100<>0,G100<>0,H100<>0),"ok","-") -> -
C101: -សូចនាករទី៥ : ... | L101: =IF(OR(E101>0,F101<>0,G101<>0,H101<>0),"ok","-") -> -
C102: -សូចនាករទី៦ : ... | L102: =IF(OR(E102>0,F102<>0,G102<>0,H102<>0),"ok","-") -> -
B103: =$B$12&"13" -> 1010113 | C103: =VLOOKUP($B103,[4]BSP1!$B$12:$D$207,3) -> ១.‌១.៦.៤.សកម្មភាពទី៤៖ ការតាមដាន និងវាយតម្លៃ ការវិនិយោគសាធារណៈ | E103: =VLOOKUP($B103,[4]BSP4!$B$12:$F$187,5,FALSE) -> 0 | L103: =IF(OR(E103>0,F103<>0,G103<>0,H103<>0),"ok","-") -> -
C104: -សូចនាករទី១ : ... | L104: =IF(OR(E104>0,F104<>0,G104<>0,H104<>0),"ok","-") -> -
C105: -សូចនាករទី២ : ... | L105: =IF(OR(E105>0,F105<>0,G105<>0,H105<>0),"ok","-") -> -
...

Sheet BSP3
C5: តារាង ៣ : ការគ្រោងចំណូល
K6: តារាង ៦"ក"
D7: កូដអនុកម្មវិធី | E7: =#REF! -> #REF! | K7: ឯកតា៖ លានរៀល
A10: Check | B10: កូដកម្មវិធី | C10: ការគ្រោងចំណូល តាមប្រភេទចំណូល | D10: ច្បាប់ហិរញ្ញវត្ថុឆ្នាំ២០២២ | F10: គ្រោងឆ្នាំ២០២៣ | H10: គ្រោងឆ្នាំ២០២៤ | J10: គ្រោងឆ្នាំ២០២៥
D11: ថវិការដ្ឋ | E11: ថវិកាដៃគូអភិវឌ្ឍន៍ | F11: ថវិការដ្ឋ | G11: ថវិកាដៃគូអភិវឌ្ឍន៍ | H11: ថវិការដ្ឋ | I11: ថវិកាដៃគូអភិវឌ្ឍន៍ | J11: ថវិការដ្ឋ | K11: ថវិកាដៃគូអភិវឌ្ឍន៍
C12: សរុបរួម | D12: =D13+D17 -> #REF! | E12: =E13+E17 -> 0 | F12: =F13+F17 -> #REF! | G12: =G13+G17 -> 0 | H12: =H13+H17 -> 0 | I12: =I13+I17 -> 0 | J12: =J13+J17 -> 0 | K12: =K13+K17 -> 0 | L12: =IF(SUM(D12:K12)>0,"ok","-") -> #REF!
C13: ១.ចំណូលពីប្រភពក្នុងស្រុក | D13: =SUM(D14:D16) -> #REF! | E13: =SUM(E14:E16) -> 0 | F13: =SUM(F14:F16) -> #REF! | G13: =SUM(G14:G16) -> 0 | H13: =SUM(H14:H16) -> 0 | I13: =SUM(I14:I16) -> 0 | J13: =SUM(J14:J16) -> 0 | K13: =SUM(K14:K16) -> 0 | L13: =IF(SUM(D13:K13)>0,"ok","-") -> #REF!
C14: -ចំណូលសារពើពន្ធ | D14: =#REF! -> #REF! | F14: =#REF! -> #REF! | L14: =IF(SUM(D14:K14)>0,"ok","-") -> #REF!
C15: -ចំណូលមិនមែនសារពើពន្ធ | D15: =#REF! -> #REF! | F15: =#REF! -> #REF! | L15: =IF(SUM(D15:K15)>0,"ok","-") -> #REF!
C16: -ចំណូលមូលធនក្នុងស្រុក (កម្ចីបន្ត) | D16: =#REF! -> #REF! | F16: =#REF! -> #REF! | L16: =IF(SUM(D16:K16)>0,"ok","-") -> #REF!
C17: ២.ចំណូលពីការអនុវត្តគម្រោង | D17: =D18+D21 -> 0 | E17: =E18+E21 -> 0 | F17: =F18+F21 -> 0 | G17: =G18+G21 -> 0 | H17: =H18+H21 -> 0 | I17: =I18+I21 -> 0 | J17: =J18+J21 -> 0 | K17: =K18+K21 -> 0 | L17: =IF(SUM(D17:K17)>0,"ok","-") -> -
C18: -គម្រោងវិនិយោគ (មានហិរញ្ញប្បទាន) | D18: =SUM(D19:D20) -> 0 | E18: =SUM(E19:E20) -> 0 | F18: =SUM(F19:F20) -> 0 | G18: =SUM(G19:G20) -> 0 | H18: =SUM(H19:H20) -> 0 | I18: =SUM(I19:I20) -> 0 | J18: =SUM(J19:J20) -> 0 | K18: =SUM(K19:K20) -> 0 | L18: =IF(SUM(D18:K18)>0,"ok","-") -> -
C19: +គម្រោង... | L19: =IF(SUM(D19:K19)>0,"ok","-") -> -
C20: +គម្រោង... | L20: =IF(SUM(D20:K20)>0,"ok","-") -> -
C21: -ជំនួយបច្ចេកទេស (មានហិរញ្ញប្បទាន) | D21: =SUM(D22:D23) -> 0 | E21: =SUM(E22:E23) -> 0 | F21: =SUM(F22:F23) -> 0 | G21: =SUM(G22:G23) -> 0 | H21: =SUM(H22:H23) -> 0 | I21: =SUM(I22:I23) -> 0 | J21: =SUM(J22:J23) -> 0 | K21: =SUM(K22:K23) -> 0 | L21: =IF(SUM(D21:K21)>0,"ok","-") -> -
C22: +គម្រោង... | L22: =IF(SUM(D22:K22)>0,"ok","-") -> -
C23: +គម្រោង... | L23: =IF(SUM(D23:K23)>0,"ok","-") -> -

Sheet BSP4
C5: តារាង ៤ : ការកំណត់តម្រូវការចំណាយសម្រាប់អនុកម្មវិធី
K6: តារាង ៧"ក"
D7: កូដអនុកម្មវិធី | E7: =[6]Costing!$G$11 -> 10101 | K7: ឯកតា៖ លានរៀល
A10: Check | B10: កូដកម្មវិធី | C10: តម្រូវការឥណទាន តាមប្រភេទចំណាយ | D10: ច្បាប់ហិរញ្ញវត្ថុឆ្នាំ២០២២ | F10: គ្រោងឆ្នាំ២០២៣ | H10: គ្រោងឆ្នាំ២០២៤ | J10: គ្រោងឆ្នាំ២០២៥
D11: ថវិការដ្ឋ | E11: ថវិកាដៃគូអភិវឌ្ឍន៍ | F11: ថវិការដ្ឋ | G11: ថវិកាដៃគូអភិវឌ្ឍន៍ | H11: ថវិការដ្ឋ | I11: ថវិកាដៃគូអភិវឌ្ឍន៍ | J11: ថវិការដ្ឋ | K11: ថវិកាដៃគូអភិវឌ្ឍន៍
B12: =[6]Costing!$G$11 -> 10101 | C12: =VLOOKUP($B12,[6]BSP1!$B$12:$D$207,3) -> ១.១. អនុកម្មវិធីទី១.១ : ការគ្រប់គ្រងគោលនយោបាយសេដ្ឋកិច្ច ហិរញ្ញវត្ថុ និងគោលនយោបាយតាមវិស័យផ្សេងៗ | D12: =D13+D16 -> 2069.4 | E12: =E13+E16 -> 0 | F12: =F13+F16 -> 3639.3 | G12: =G13+G16 -> 0 | H12: =H13+H16 -> 3726.4432 | I12: =I13+I16 -> 0 | J12: =J13+J16 -> 3816.8943 | K12: =K13+K16 -> 0 | L12: =IF(SUM(D12:K12)>0,"ok","-") -> ok
C13: សរុបចំណាយចរន្ត | D13: =SUM(D14:D15) -> 2069.4 | E13: =SUM(E14:E15) -> 0 | F13: =SUM(F14:F15) -> 3639.3 | G13: =SUM(G14:G15) -> 0 | H13: =SUM(H14:H15) -> 3726.4432 | I13: =SUM(I14:I15) -> 0 | J13: =SUM(J14:J15) -> 3816.8943 | K13: =SUM(K14:K15) -> 0 | L13: =IF(SUM(D13:K13)>0,"ok","-") -> ok
C14: -បន្ទុកបុគ្គលិក | D14: =SUMIF($C$25:$C$187,$C14,D$25:D$187) -> 1218.4 | E14: =SUMIF($C$25:$C$187,$C14,E$25:E$187) -> 0 | F14: =SUMIF($C$25:$C$187,$C14,F$25:F$187) -> 1338.2 | G14: =SUMIF($C$25:$C$187,$C14,G$25:G$187) -> 0 | H14: =SUMIF($C$25:$C$187,$C14,H$25:H$187) -> 1397.73 | I14: =SUMIF($C$25:$C$187,$C14,I$25:I$187) -> 0 | J14: =SUMIF($C$25:$C$187,$C14,J$25:J$187) -> 1460.2365 | K14: =SUMIF($C$25:$C$187,$C14,K$25:K$187) -> 0 | L14: =IF(SUM(D14:K14)>0,"ok","-") -> ok
C15: -ក្រៅបន្ទុកបុគ្គលិក | D15: =SUMIF($C$25:$C$187,$C15,D$25:D$187) -> 851 | E15: =SUMIF($C$25:$C$187,$C15,E$25:E$187) -> 0 | F15: =SUMIF($C$25:$C$187,$C15,F$25:F$187) -> 2301.1 | G15: =SUMIF($C$25:$C$187,$C15,G$25:G$187) -> 0 | H15: =SUMIF($C$25:$C$187,$C15,H$25:H$187) -> 2328.7132 | I15: =SUMIF($C$25:$C$187,$C15,I$25:I$187) -> 0 | J15: =SUMIF($C$25:$C$187,$C15,J$25:J$187) -> 2356.6578 | K15: =SUMIF($C$25:$C$187,$C15,K$25:K$187) -> 0 | L15: =IF(SUM(D15:K15)>0,"ok","-") -> ok
C16: សរុបចំណាយមូលធន | D16: =D17+D20 -> 0 | E16: =E17+E20 -> 0 | F16: =F17+F20 -> 0 | G16: =G17+G20 -> 0 | H16: =H17+H20 -> 0 | I16: =I17+I20 -> 0 | J16: =J17+J20 -> 0 | K16: =K17+K20 -> 0 | L16: =IF(SUM(D16:K16)>0,"ok","-") -> -
C17: -គម្រោងវិនិយោគ | D17: =SUM(D18:D19) -> 0 | E17: =SUM(E18:E19) -> 0 | F17: =SUM(F18:F19) -> 0 | G17: =SUM(G18:G19) -> 0 | H17: =SUM(H18:H19) -> 0 | I17: =SUM(I18:I19) -> 0 | J17: =SUM(J18:J19) -> 0 | K17: =SUM(K18:K19) -> 0 | L17: =IF(SUM(D17:K17)>0,"ok","-") -> -
C18: +មានហិរញ្ញប្បទាន | D18: =SUMIF($C$25:$C$187,$C18,D$25:D$187) -> 0 | E18: =SUMIF($C$25:$C$187,$C18,E$25:E$187) -> 0 | F18: =SUMIF($C$25:$C$187,$C18,F$25:F$187) -> 0 | G18: =SUMIF($C$25:$C$187,$C18,G$25:G$187) -> 0 | H18: =SUMIF($C$25:$C$187,$C18,H$25:H$187) -> 0 | I18: =SUMIF($C$25:$C$187,$C18,I$25:I$187) -> 0 | J18: =SUMIF($C$25:$C$187,$C18,J$25:J$187) -> 0 | K18: =SUMIF($C$25:$C$187,$C18,K$25:K$187) -> 0 | L18: =IF(SUM(D18:K18)>0,"ok","-") -> -
C19: +មិនទាន់មានហិរញ្ញប្បទាន | D19: =SUMIF($C$25:$C$187,$C19,D$25:D$187) -> 0 | E19: =SUMIF($C$25:$C$187,$C19,E$25:E$187) -> 0 | F19: =SUMIF($C$25:$C$187,$C19,F$25:F$187) -> 0 | G19: =SUMIF($C$25:$C$187,$C19,G$25:G$187) -> 0 | H19: =SUMIF($C$25:$C$187,$C19,H$25:H$187) -> 0 | I19: =SUMIF($C$25:$C$187,$C19,I$25:I$187) -> 0 | J19: =SUMIF($C$25:$C$187,$C19,J$25:J$187) -> 0 | K19: =SUMIF($C$25:$C$187,$C19,K$25:K$187) -> 0 | L19: =IF(SUM(D19:K19)>0,"ok","-") -> -
C20: -ជំនួយបច្ចេកទេស | D20: =SUM(D21:D22) -> 0 | E20: =SUM(E21:E22) -> 0 | F20: =SUM(F21:F22) -> 0 | G20: =SUM(G21:G22) -> 0 | H20: =SUM(H21:H22) -> 0 | I20: =SUM(I21:I22) -> 0 | J20: =SUM(J21:J22) -> 0 | K20: =SUM(K21:K22) -> 0 | L20: =IF(SUM(D20:K20)>0,"ok","-") -> -
C21: +មានហិរញ្ញប្បទាន | D21: =SUMIF($C$25:$C$187,$C21,D$25:D$187) -> 0 | E21: =SUMIF($C$25:$C$187,$C21,E$25:E$187) -> 0 | F21: =SUMIF($C$25:$C$187,$C21,F$25:F$187) -> 0 | G21: =SUMIF($C$25:$C$187,$C21,G$25:G$187) -> 0 | H21: =SUMIF($C$25:$C$187,$C21,H$25:H$187) -> 0 | I21: =SUMIF($C$25:$C$187,$C21,I$25:I$187) -> 0 | J21: =SUMIF($C$25:$C$187,$C21,J$25:J$187) -> 0 | K21: =SUMIF($C$25:$C$187,$C21,K$25:K$187) -> 0 | L21: =IF(SUM(D21:K21)>0,"ok","-") -> -
C22: +មិនទាន់មានហិរញ្ញប្បទាន | D22: =SUMIF($C$25:$C$187,$C22,D$25:D$187) -> 0 | E22: =SUMIF($C$25:$C$187,$C22,E$25:E$187) -> 0 | F22: =SUMIF($C$25:$C$187,$C22,F$25:F$187) -> 0 | G22: =SUMIF($C$25:$C$187,$C22,G$25:G$187) -> 0 | H22: =SUMIF($C$25:$C$187,$C22,H$25:H$187) -> 0 | I22: =SUMIF($C$25:$C$187,$C22,I$25:I$187) -> 0 | J22: =SUMIF($C$25:$C$187,$C22,J$25:J$187) -> 0 | K22: =SUMIF($C$25:$C$187,$C22,K$25:K$187) -> 0 | L22: =IF(SUM(D22:K22)>0,"ok","-") -> -
A23: 1 | B23: =$B$12&TEXT(A23,"00") -> 1010101 | C23: =VLOOKUP($B23,[6]BSP1!$B$12:$D$207,3) -> ១.១.១. ចង្កោមសកម្មភាពទី១ : គាំទ្រ សម្របសម្រួល និងគ្រប់គ្រងការងាររដ្ឋបាលរបស់អគ្គនាយកដ្ឋាន | D23: =D24+D27 -> 1157.9 | E23: =E24+E27 -> 0 | F23: =F24+F27 -> 1341.9 | G23: =G24+G27 -> 0 | H23: =H24+H27 -> 1403.2456 | I23: =I24+I27 -> 0 | J23: =J24+J27 -> 1467.5895 | K23: =K24+K27 -> 0 | L23: =IF(SUM(D23:K23)>0,"ok","-") -> ok
C24: សរុបចំណាយចរន្ត | D24: =SUM(D25:D26) -> 1157.9 | E24: =SUM(E25:E26) -> 0 | F24: =SUM(F25:F26) -> 1341.9 | G24: =SUM(G25:G26) -> 0 | H24: =SUM(H25:H26) -> 1403.2456 | I24: =SUM(I25:I26) -> 0 | J24: =SUM(J25:J26) -> 1467.5895 | K24: =SUM(K25:K26) -> 0 | L24: =IF(SUM(D24:K24)>0,"ok","-") -> ok
A25: =A23 -> 1 | B25: =$B$12&TEXT(A25,"00") -> 1010101 | C25: -បន្ទុកបុគ្គលិក | D25: 1070.8 | F25: 1190.6 | H25: =F25*1.05 -> 1250.13 | J25: =H25*1.05 -> 1312.6365 | L25: =IF(SUM(D25:K25)>0,"ok","-") -> ok
A26: =A23 -> 1 | B26: =$B$12&TEXT(A26,"00") -> 1010101 | C26: -ក្រៅបន្ទុកបុគ្គលិក | D26: 87.1 | F26: 151.3 | H26: =F26*1.012 -> 153.1156 | J26: =H26*1.012 -> 154.95299 | L26: =IF(SUM(D26:K26)>0,"ok","-") -> ok
C27: សរុបចំណាយមូលធន | D27: =D28+D31 -> 0 | E27: =E28+E31 -> 0 | F27: =F28+F31 -> 0 | G27: =G28+G31 -> 0 | H27: =H28+H31 -> 0 | I27: =I28+I31 -> 0 | J27: =J28+J31 -> 0 | K27: =K28+K31 -> 0 | L27: =IF(SUM(D27:K27)>0,"ok","-") -> -
C28: -គម្រោងវិនិយោគ | D28: =SUM(D29:D30) -> 0 | E28: =SUM(E29:E30) -> 0 | F28: =SUM(F29:F30) -> 0 | G28: =SUM(G29:G30) -> 0 | H28: =SUM(H29:H30) -> 0 | I28: =SUM(I29:I30) -> 0 | J28: =SUM(J29:J30) -> 0 | K28: =SUM(K29:K30) -> 0 | L28: =IF(SUM(D28:K28)>0,"ok","-") -> -
A29: =A23 -> 1 | B29: =$B$12&TEXT(A29,"00") -> 1010101 | C29: +មានហិរញ្ញប្បទាន | L29: =IF(SUM(D29:K29)>0,"ok","-") -> -
A30: =A23 -> 1 | B30: =$B$12&TEXT(A30,"00") -> 1010101 | C30: +មិនទាន់មានហិរញ្ញប្បទាន | L30: =IF(SUM(D30:K30)>0,"ok","-") -> -
C31: -ជំនួយបច្ចេកទេស | D31: =SUM(D32:D33) -> 0 | E31: =SUM(E32:E33) -> 0 | F31: =SUM(F32:F33) -> 0 | G31: =SUM(G32:G33) -> 0 | H31: =SUM(H32:H33) -> 0 | I31: =SUM(I32:I33) -> 0 | J31: =SUM(J32:J33) -> 0 | K31: =SUM(K32:K33) -> 0 | L31: =IF(SUM(D31:K31)>0,"ok","-") -> -
A32: =A23 -> 1 | B32: =$B$12&TEXT(A32,"00") -> 1010101 | C32: +មានហិរញ្ញប្បទាន | L32: =IF(SUM(D32:K32)>0,"ok","-") -> -
A33: =A23 -> 1 | B33: =$B$12&TEXT(A33,"00") -> 1010101 | C33: +មិនទាន់មានហិរញ្ញប្បទាន | L33: =IF(SUM(D33:K33)>0,"ok","-") -> -
A34: 2 | B34: =$B$12&TEXT(A34,"00") -> 1010102 | C34: =VLOOKUP($B34,[6]BSP1!$B$12:$D$207,3) -> ១.១.២. ចង្កោមសកម្មភាពទី២ : រៀបចំ កែលម្អ ត្រួតពិនិត្យ និងវាយតម្លៃគោលនយោបាយម៉ាក្រូសេដ្ឋកិច្ច និងសារពើពន្ធ | D34: =D35+D38 -> 221.6 | E34: =E35+E38 -> 0 | F34: =F35+F38 -> 405.6 | G34: =G35+G38 -> 0 | H34: =H35+H38 -> 410.4672 | I34: =I35+I38 -> 0 | J34: =J35+J38 -> 415.39281 | K34: =K35+K38 -> 0 | L34: =IF(SUM(D34:K34)>0,"ok","-") -> ok
C35: សរុបចំណាយចរន្ត | D35: =SUM(D36:D37) -> 221.6 | E35: =SUM(E36:E37) -> 0 | F35: =SUM(F36:F37) -> 405.6 | G35: =SUM(G36:G37) -> 0 | H35: =SUM(H36:H37) -> 410.4672 | I35: =SUM(I36:I37) -> 0 | J35: =SUM(J36:J37) -> 415.39281 | K35: =SUM(K36:K37) -> 0 | L35: =IF(SUM(D35:K35)>0,"ok","-") -> ok
A36: =A34 -> 2 | B36: =$B$12&TEXT(A36,"00") -> 1010102 | C36: -បន្ទុកបុគ្គលិក | F36: =SUM(INDEX([6]PB8!$F$19:$T$336,[6]Costing!$K$19,'BSP4'!$A36)) -> 0 | L36: =IF(SUM(D36:K36)>0,"ok","-") -> -
A37: =A34 -> 2 | B37: =$B$12&TEXT(A37,"00") -> 1010102 | C37: -ក្រៅបន្ទុកបុគ្គលិក | D37: 221.6 | F37: 405.6 | H37: =F37*1.012 -> 410.4672 | J37: =H37*1.012 -> 415.39281 | L37: =IF(SUM(D37:K37)>0,"ok","-") -> ok
C38: សរុបចំណាយមូលធន | D38: =D39+D42 -> 0 | E38: =E39+E42 -> 0 | F38: =F39+F42 -> 0 | G38: =G39+G42 -> 0 | H38: =H39+H42 -> 0 | I38: =I39+I42 -> 0 | J38: =J39+J42 -> 0 | K38: =K39+K42 -> 0 | L38: =IF(SUM(D38:K38)>0,"ok","-") -> -
C39: -គម្រោងវិនិយោគ | D39: =SUM(D40:D41) -> 0 | E39: =SUM(E40:E41) -> 0 | F39: =SUM(F40:F41) -> 0 | G39: =SUM(G40:G41) -> 0 | H39: =SUM(H40:H41) -> 0 | I39: =SUM(I40:I41) -> 0 | J39: =SUM(J40:J41) -> 0 | K39: =SUM(K40:K41) -> 0 | L39: =IF(SUM(D39:K39)>0,"ok","-") -> -
A40: =A34 -> 2 | B40: =$B$12&TEXT(A40,"00") -> 1010102 | C40: +មានហិរញ្ញប្បទាន | L40: =IF(SUM(D40:K40)>0,"ok","-") -> -
A41: =A34 -> 2 | B41: =$B$12&TEXT(A41,"00") -> 1010102 | C41: +មិនទាន់មានហិរញ្ញប្បទាន | L41: =IF(SUM(D41:K41)>0,"ok","-") -> -
C42: -ជំនួយបច្ចេកទេស | D42: =SUM(D43:D44) -> 0 | E42: =SUM(E43:E44) -> 0 | F42: =SUM(F43:F44) -> 0 | G42: =SUM(G43:G44) -> 0 | H42: =SUM(H43:H44) -> 0 | I42: =SUM(I43:I44) -> 0 | J42: =SUM(J43:J44) -> 0 | K42: =SUM(K43:K44) -> 0 | L42: =IF(SUM(D42:K42)>0,"ok","-") -> -
A43: =A34 -> 2 | B43: =$B$12&TEXT(A43,"00") -> 1010102 | C43: +មានហិរញ្ញប្បទាន | L43: =IF(SUM(D43:K43)>0,"ok","-") -> -
A44: =A34 -> 2 | B44: =$B$12&TEXT(A44,"00") -> 1010102 | C44: +មិនទាន់មានហិរញ្ញប្បទាន | L44: =IF(SUM(D44:K44)>0,"ok","-") -> -
A45: 3 | B45: =$B$12&TEXT(A45,"00") -> 1010103 | C45: =VLOOKUP($B45,[6]BSP1!$B$12:$D$207,3) -> ១.១.៣. ចង្កោមសកម្មភាពទី៣ : លើកកម្ពស់ការងារស្ថិតិសេដ្ឋកិច្ចនិងហិរញ្ញវត្ថុសាធារណៈ | D45: =D46+D49 -> 417.4 | E45: =E46+E49 -> 0 | F45: =F46+F49 -> 492.2 | G45: =G46+G49 -> 0 | H45: =H46+H49 -> 496.3352 | I45: =I46+I49 -> 0 | J45: =J46+J49 -> 500.52002 | K45: =K46+K49 -> 0 | L45: =IF(SUM(D45:K45)>0,"ok","-") -> ok
C46: សរុបចំណាយចរន្ត | D46: =SUM(D47:D48) -> 417.4 | E46: =SUM(E47:E48) -> 0 | F46: =SUM(F47:F48) -> 492.2 | G46: =SUM(G47:G48) -> 0 | H46: =SUM(H47:H48) -> 496.3352 | I46: =SUM(I47:I48) -> 0 | J46: =SUM(J47:J48) -> 500.52002 | K46: =SUM(K47:K48) -> 0 | L46: =IF(SUM(D46:K46)>0,"ok","-") -> ok
A47: =A45 -> 3 | B47: =$B$12&TEXT(A47,"00") -> 1010103 | C47: -បន្ទុកបុគ្គលិក | D47: 147.6 | F47: =SUM(INDEX([6]PB8!$F$19:$T$336,[6]Costing!$K$19,'BSP4'!$A47)) -> 147.6 | H47: =F47 -> 147.6 | J47: =H47 -> 147.6 | L47: =IF(SUM(D47:K47)>0,"ok","-") -> ok
A48: =A45 -> 3 | B48: =$B$12&TEXT(A48,"00") -> 1010103 | C48: -ក្រៅបន្ទុកបុគ្គលិក | D48: 269.8 | F48: 344.6 | H48: =F48*1.012 -> 348.7352 | J48: =H48*1.012 -> 352.92002 | L48: =IF(SUM(D48:K48)>0,"ok","-") -> ok
C49: សរុបចំណាយមូលធន | D49: =D50+D53 -> 0 | E49: =E50+E53 -> 0 | F49: =F50+F53 -> 0 | G49: =G50+G53 -> 0 | H49: =H50+H53 -> 0 | I49: =I50+I53 -> 0 | J49: =J50+J53 -> 0 | K49: =K50+K53 -> 0 | L49: =IF(SUM(D49:K49)>0,"ok","-") -> -
C50: -គម្រោងវិនិយោគ | D50: =SUM(D51:D52) -> 0 | E50: =SUM(E51:E52) -> 0 | F50: =SUM(F51:F52) -> 0 | G50: =SUM(G51:G52) -> 0 | H50: =SUM(H51:H52) -> 0 | I50: =SUM(I51:I52) -> 0 | J50: =SUM(J51:J52) -> 0 | K50: =SUM(K51:K52) -> 0 | L50: =IF(SUM(D50:K50)>0,"ok","-") -> -
A51: =A45 -> 3 | B51: =$B$12&TEXT(A51,"00") -> 1010103 | C51: +មានហិរញ្ញប្បទាន | L51: =IF(SUM(D51:K51)>0,"ok","-") -> -
A52: =A45 -> 3 | B52: =$B$12&TEXT(A52,"00") -> 1010103 | C52: +មិនទាន់មានហិរញ្ញប្បទាន | L52: =IF(SUM(D52:K52)>0,"ok","-") -> -
C53: -ជំនួយបច្ចេកទេស | D53: =SUM(D54:D55) -> 0 | E53: =SUM(E54:E55) -> 0 | F53: =SUM(F54:F55) -> 0 | G53: =SUM(G54:G55) -> 0 | H53: =SUM(H54:H55) -> 0 | I53: =SUM(I54:I55) -> 0 | J53: =SUM(J54:J55) -> 0 | K53: =SUM(K54:K55) -> 0 | L53: =IF(SUM(D53:K53)>0,"ok","-") -> -
A54: =A45 -> 3 | B54: =$B$12&TEXT(A54,"00") -> 1010103 | C54: +មានហិរញ្ញប្បទាន | L54: =IF(SUM(D54:K54)>0,"ok","-") -> -
A55: =A45 -> 3 | B55: =$B$12&TEXT(A55,"00") -> 1010103 | C55: +មិនទាន់មានហិរញ្ញប្បទាន | L55: =IF(SUM(D55:K55)>0,"ok","-") -> -
A56: 4 | B56: =$B$12&TEXT(A56,"00") -> 1010104 | C56: =VLOOKUP($B56,[6]BSP1!$B$12:$D$207,3) -> ១.១.៤. ចង្កោមសកម្មភាពទី៤ : លើកកម្ពស់កិច្ចការសមាហរណកម្មសេដ្ឋកិច្ច និងសហប្រតិបត្តិការហិរញ្ញវត្ថុនិងរូបិយវត្ថុ | D56: =D57+D60 -> 272.5 | E56: =E57+E60 -> 0 | F56: =F57+F60 -> 899.6 | G56: =G57+G60 -> 0 | H56: =H57+H60 -> 910.3952 | I56: =I57+I60 -> 0 | J56: =J57+J60 -> 921.31994 | K56: =K57+K60 -> 0 | L56: =IF(SUM(D56:K56)>0,"ok","-") -> ok
C57: សរុបចំណាយចរន្ត | D57: =SUM(D58:D59) -> 272.5 | E57: =SUM(E58:E59) -> 0 | F57: =SUM(F58:F59) -> 899.6 | G57: =SUM(G58:G59) -> 0 | H57: =SUM(H58:H59) -> 910.3952 | I57: =SUM(I58:I59) -> 0 | J57: =SUM(J58:J59) -> 921.31994 | K57: =SUM(K58:K59) -> 0 | L57: =IF(SUM(D57:K57)>0,"ok","-") -> ok
A58: =A56 -> 4 | B58: =$B$12&TEXT(A58,"00") -> 1010104 | C58: -បន្ទុកបុគ្គលិក | F58: =SUM(INDEX([6]PB8!$F$19:$T$336,[6]Costing!$K$19,'BSP4'!$A58)) -> 0 | L58: =IF(SUM(D58:K58)>0,"ok","-") -> -
A59: =A56 -> 4 | B59: =$B$12&TEXT(A59,"00") -> 1010104 | C59: -ក្រៅបន្ទុកបុគ្គលិក | D59: 272.5 | F59: 899.6 | H59: =F59*1.012 -> 910.3952 | J59: =H59*1.012 -> 921.31994 | L59: =IF(SUM(D59:K59)>0,"ok","-") -> ok
C60: សរុបចំណាយមូលធន | D60: =D61+D64 -> 0 | E60: =E61+E64 -> 0 | F60: =F61+F64 -> 0 | G60: =G61+G64 -> 0 | H60: =H61+H64 -> 0 | I60: =I61+I64 -> 0 | J60: =J61+J64 -> 0 | K60: =K61+K64 -> 0 | L60: =IF(SUM(D60:K60)>0,"ok","-") -> -
C61: -គម្រោងវិនិយោគ | D61: =SUM(D62:D63) -> 0 | E61: =SUM(E62:E63) -> 0 | F61: =SUM(F62:F63) -> 0 | G61: =SUM(G62:G63) -> 0 | H61: =SUM(H62:H63) -> 0 | I61: =SUM(I62:I63) -> 0 | J61: =SUM(J62:J63) -> 0 | K61: =SUM(K62:K63) -> 0 | L61: =IF(SUM(D61:K61)>0,"ok","-") -> -
A62: =A56 -> 4 | B62: =$B$12&TEXT(A62,"00") -> 1010104 | C62: +មានហិរញ្ញប្បទាន | L62: =IF(SUM(D62:K62)>0,"ok","-") -> -
A63: =A56 -> 4 | B63: =$B$12&TEXT(A63,"00") -> 1010104 | C63: +មិនទាន់មានហិរញ្ញប្បទាន | L63: =IF(SUM(D63:K63)>0,"ok","-") -> -
C64: -ជំនួយបច្ចេកទេស | D64: =SUM(D65:D66) -> 0 | E64: =SUM(E65:E66) -> 0 | F64: =SUM(F65:F66) -> 0 | G64: =SUM(G65:G66) -> 0 | H64: =SUM(H65:H66) -> 0 | I64: =SUM(I65:I66) -> 0 | J64: =SUM(J65:J66) -> 0 | K64: =SUM(K65:K66) -> 0 | L64: =IF(SUM(D64:K64)>0,"ok","-") -> -
A65: =A56 -> 4 | B65: =$B$12&TEXT(A65,"00") -> 1010104 | C65: +មានហិរញ្ញប្បទាន | L65: =IF(SUM(D65:K65)>0,"ok","-") -> -
A66: =A56 -> 4 | B66: =$B$12&TEXT(A66,"00") -> 1010104 | C66: +មិនទាន់មានហិរញ្ញប្បទាន | L66: =IF(SUM(D66:K66)>0,"ok","-") -> -
A67: 5 | B67: =$B$12&TEXT(A67,"00") -> 1010105 | C67: =VLOOKUP($B67,[6]BSP1!$B$12:$D$207,3) -> ១.១.៥. ចង្កោមសកម្មភាពទី ៥ : លើកកម្ពស់គោលនយោបាយលើវិស័យសេដ្ឋកិច្ចថ្មី | D67: =D68+D71 -> 0 | E67: =E68+E71 -> 0 | F67: =F68+F71 -> 250 | G67: =G68+G71 -> 0 | H67: =H68+H71 -> 253 | I67: =I68+I71 -> 0 | J67: =J68+J71 -> 256.036 | K67: =K68+K71 -> 0 | L67: =IF(SUM(D67:K67)>0,"ok","-") -> ok
C68: សរុបចំណាយចរន្ត | D68: =SUM(D69:D70) -> 0 | E68: =SUM(E69:E70) -> 0 | F68: =SUM(F69:F70) -> 250 | G68: =SUM(G69:G70) -> 0 | H68: =SUM(H69:H70) -> 253 | I68: =SUM(I69:I70) -> 0 | J68: =SUM(J69:J70) -> 256.036 | K68: =SUM(K69:K70) -> 0 | L68: =IF(SUM(D68:K68)>0,"ok","-") -> ok
A69: =A67 -> 5 | B69: =$B$12&TEXT(A69,"00") -> 1010105 | C69: -បន្ទុកបុគ្គលិក | F69: =SUM(INDEX([6]PB8!$F$19:$T$336,[6]Costing!$K$19,'BSP4'!$A69)) -> 0 | L69: =IF(SUM(D69:K69)>0,"ok","-") -> -
A70: =A67 -> 5 | B70: =$B$12&TEXT(A70,"00") -> 1010105 | C70: -ក្រៅបន្ទុកបុគ្គលិក | F70: 250 | H70: =F70*1.012 -> 253 | J70: =H70*1.012 -> 256.036 | L70: =IF(SUM(D70:K70)>0,"ok","-") -> ok
C71: សរុបចំណាយមូលធន | D71: =D72+D75 -> 0 | E71: =E72+E75 -> 0 | F71: =F72+F75 -> 0 | G71: =G72+G75 -> 0 | H71: =H72+H75 -> 0 | I71: =I72+I75 -> 0 | J71: =J72+J75 -> 0 | K71: =K72+K75 -> 0 | L71: =IF(SUM(D71:K71)>0,"ok","-") -> -
C72: -គម្រោងវិនិយោគ | D72: =SUM(D73:D74) -> 0 | E72: =SUM(E73:E74) -> 0 | F72: =SUM(F73:F74) -> 0 | G72: =SUM(G73:G74) -> 0 | H72: =SUM(H73:H74) -> 0 | I72: =SUM(I73:I74) -> 0 | J72: =SUM(J73:J74) -> 0 | K72: =SUM(K73:K74) -> 0 | L72: =IF(SUM(D72:K72)>0,"ok","-") -> -
A73: =A67 -> 5 | B73: =$B$12&TEXT(A73,"00") -> 1010105 | C73: +មានហិរញ្ញប្បទាន | L73: =IF(SUM(D73:K73)>0,"ok","-") -> -
A74: =A67 -> 5 | B74: =$B$12&TEXT(A74,"00") -> 1010105 | C74: +មិនទាន់មានហិរញ្ញប្បទាន | L74: =IF(SUM(D74:K74)>0,"ok","-") -> -
C75: -ជំនួយបច្ចេកទេស | D75: =SUM(D76:D77) -> 0 | E75: =SUM(E76:E77) -> 0 | F75: =SUM(F76:F77) -> 0 | G75: =SUM(G76:G77) -> 0 | H75: =SUM(H76:H77) -> 0 | I75: =SUM(I76:I77) -> 0 | J75: =SUM(J76:J77) -> 0 | K75: =SUM(K76:K77) -> 0 | L75: =IF(SUM(D75:K75)>0,"ok","-") -> -
A76: =A67 -> 5 | B76: =$B$12&TEXT(A76,"00") -> 1010105 | C76: +មានហិរញ្ញប្បទាន | L76: =IF(SUM(D76:K76)>0,"ok","-") -> -
A77: =A67 -> 5 | B77: =$B$12&TEXT(A77,"00") -> 1010105 | C77: +មិនទាន់មានហិរញ្ញប្បទាន | L77: =IF(SUM(D77:K77)>0,"ok","-") -> -
A78: 6 | B78: =$B$12&TEXT(A78,"00") -> 1010106 | C78: =VLOOKUP($B78,[6]BSP1!$B$12:$D$207,3) -> ១.១.៦. ចង្កោមសកម្មភាពទី ៦ : រៀបចំ តាមដាន និងវាយតម្លៃ គោលនយោបាយពាក់ព័ន្ធនឹងប្រសិទ្ធភាពចំណាយ | D78: =D79+D82 -> 0 | E78: =E79+E82 -> 0 | F78: =F79+F82 -> 250 | G78: =G79+G82 -> 0 | H78: =H79+H82 -> 253 | I78: =I79+I82 -> 0 | J78: =J79+J82 -> 256.036 | K78: =K79+K82 -> 0 | L78: =IF(SUM(D78:K78)>0,"ok","-") -> ok
C79: សរុបចំណាយចរន្ត | D79: =SUM(D80:D81) -> 0 | E79: =SUM(E80:E81) -> 0 | F79: =SUM(F80:F81) -> 250 | G79: =SUM(G80:G81) -> 0 | H79: =SUM(H80:H81) -> 253 | I79: =SUM(I80:I81) -> 0 | J79: =SUM(J80:J81) -> 256.036 | K79: =SUM(K80:K81) -> 0 | L79: =IF(SUM(D79:K79)>0,"ok","-") -> ok
A80: =A78 -> 6 | B80: =$B$12&TEXT(A80,"00") -> 1010106 | C80: -បន្ទុកបុគ្គលិក | F80: =SUM(INDEX([6]PB8!$F$19:$T$336,[6]Costing!$K$19,'BSP4'!$A80)) -> 0 | L80: =IF(SUM(D80:K80)>0,"ok","-") -> -
A81: =A78 -> 6 | B81: =$B$12&TEXT(A81,"00") -> 1010106 | C81: -ក្រៅបន្ទុកបុគ្គលិក | F81: 250 | H81: =F81*1.012 -> 253 | J81: =H81*1.012 -> 256.036 | L81: =IF(SUM(D81:K81)>0,"ok","-") -> ok
C82: សរុបចំណាយមូលធន | D82: =D83+D86 -> 0 | E82: =E83+E86 -> 0 | F82: =F83+F86 -> 0 | G82: =G83+G86 -> 0 | H82: =H83+H86 -> 0 | I82: =I83+I86 -> 0 | J82: =J83+J86 -> 0 | K82: =K83+K86 -> 0 | L82: =IF(SUM(D82:K82)>0,"ok","-") -> -
C83: -គម្រោងវិនិយោគ | D83: =SUM(D84:D85) -> 0 | E83: =SUM(E84:E85) -> 0 | F83: =SUM(F84:F85) -> 0 | G83: =SUM(G84:G85) -> 0 | H83: =SUM(H84:H85) -> 0 | I83: =SUM(I84:I85) -> 0 | J83: =SUM(J84:J85) -> 0 | K83: =SUM(K84:K85) -> 0 | L83: =IF(SUM(D83:K83)>0,"ok","-") -> -
A84: =A78 -> 6 | B84: =$B$12&TEXT(A84,"00") -> 1010106 | C84: +មានហិរញ្ញប្បទាន | L84: =IF(SUM(D84:K84)>0,"ok","-") -> -
A85: =A78 -> 6 | B85: =$B$12&TEXT(A85,"00") -> 1010106 | C85: +មិនទាន់មានហិរញ្ញប្បទាន | L85: =IF(SUM(D85:K85)>0,"ok","-") -> -
C86: -ជំនួយបច្ចេកទេស | D86: =SUM(D87:D88) -> 0 | E86: =SUM(E87:E88) -> 0 | F86: =SUM(F87:F88) -> 0 | G86: =SUM(G87:G88) -> 0 | H86: =SUM(H87:H88) -> 0 | I86: =SUM(I87:I88) -> 0 | J86: =SUM(J87:J88) -> 0 | K86: =SUM(K87:K88) -> 0 | L86: =IF(SUM(D86:K86)>0,"ok","-") -> -
A87: =A78 -> 6 | B87: =$B$12&TEXT(A87,"00") -> 1010106 | C87: +មានហិរញ្ញប្បទាន | L87: =IF(SUM(D87:K87)>0,"ok","-") -> -
A88: =A78 -> 6 | B88: =$B$12&TEXT(A88,"00") -> 1010106 | C88: +មិនទាន់មានហិរញ្ញប្បទាន | L88: =IF(SUM(D88:K88)>0,"ok","-") -> -
A89: 7 | B89: =$B$12&TEXT(A89,"00") -> 1010107 | C89: =VLOOKUP($B89,[6]BSP1!$B$12:$D$207,3) -> ១.‌១.៦.៤.សកម្មភាពទី៤៖ ការតាមដាន និងវាយតម្លៃ ការវិនិយោគសាធារណៈ | D89: =D90+D93 -> 0 | E89: =E90+E93 -> 0 | F89: =F90+F93 -> 0 | G89: =G90+G93 -> 0 | H89: =H90+H93 -> 0 | I89: =I90+I93 -> 0 | J89: =J90+J93 -> 0 | K89: =K90+K93 -> 0 | L89: =IF(SUM(D89:K89)>0,"ok","-") -> -
C90: សរុបចំណាយចរន្ត | D90: =SUM(D91:D92) -> 0 | E90: =SUM(E91:E92) -> 0 | F90: =SUM(F91:F92) -> 0 | G90: =SUM(G91:G92) -> 0 | H90: =SUM(H91:H92) -> 0 | I90: =SUM(I91:I92) -> 0 | J90: =SUM(J91:J92) -> 0 | K90: =SUM(K91:K92) -> 0 | L90: =IF(SUM(D90:K90)>0,"ok","-") -> -
A91: =A89 -> 7 | B91: =$B$12&TEXT(A91,"00") -> 1010107 | C91: -បន្ទុកបុគ្គលិក | F91: =SUM(INDEX([6]PB8!$F$19:$T$336,[6]Costing!$K$19,'BSP4'!$A91)) -> 0 | L91: =IF(SUM(D91:K91)>0,"ok","-") -> -
A92: =A89 -> 7 | B92: =$B$12&TEXT(A92,"00") -> 1010107 | C92: -ក្រៅបន្ទុកបុគ្គលិក | F92: =SUM(INDEX([6]PB8!$F$19:$T$336,[6]Costing!$K$15,'BSP4'!$A92),INDEX([6]PB8!$F$19:$T$336,[6]Costing!$K$16,'BSP4'!$A92),INDEX([6]PB8!$F$19:$T$336,[6]Costing!$K$17,'BSP4'!$A92),INDEX([6]PB8!$F$19:$T$336,[6]Costing!$K$18,'BSP4'!$A92),INDEX([6]PB8!$F$19:$T$336,[6]Costing!$K$20,'BSP4'!$A92)) -> 0 | L92: =IF(SUM(D92:K92)>0,"ok","-") -> -
C93: សរុបចំណាយមូលធន | D93: =D94+D97 -> 0 | E93: =E94+E97 -> 0 | F93: =F94+F97 -> 0 | G93: =G94+G97 -> 0 | H93: =H94+H97 -> 0 | I93: =I94+I97 -> 0 | J93: =J94+J97 -> 0 | K93: =K94+K97 -> 0 | L93: =IF(SUM(D93:K93)>0,"ok","-") -> -
C94: -គម្រោងវិនិយោគ | D94: =SUM(D95:D96) -> 0 | E94: =SUM(E95:E96) -> 0 | F94: =SUM(F95:F96) -> 0 | G94: =SUM(G95:G96) -> 0 | H94: =SUM(H95:H96) -> 0 | I94: =SUM(I95:I96) -> 0 | J94: =SUM(J95:J96) -> 0 | K94: =SUM(K95:K96) -> 0 | L94: =IF(SUM(D94:K94)>0,"ok","-") -> -
A95: =A89 -> 7 | B95: =$B$12&TEXT(A95,"00") -> 1010107 | C95: +មានហិរញ្ញប្បទាន | L95: =IF(SUM(D95:K95)>0,"ok","-") -> -
A96: =A89 -> 7 | B96: =$B$12&TEXT(A96,"00") -> 1010107 | C96: +មិនទាន់មានហិរញ្ញប្បទាន | L96: =IF(SUM(D96:K96)>0,"ok","-") -> -
C97: -ជំនួយបច្ចេកទេស | D97: =SUM(D98:D99) -> 0 | E97: =SUM(E98:E99) -> 0 | F97: =SUM(F98:F99) -> 0 | G97: =SUM(G98:G99) -> 0 | H97: =SUM(H98:H99) -> 0 | I97: =SUM(I98:I99) -> 0 | J97: =SUM(J98:J99) -> 0 | K97: =SUM(K98:K99) -> 0 | L97: =IF(SUM(D97:K97)>0,"ok","-") -> -
A98: =A89 -> 7 | B98: =$B$12&TEXT(A98,"00") -> 1010107 | C98: +មានហិរញ្ញប្បទាន | L98: =IF(SUM(D98:K98)>0,"ok","-") -> -
A99: =A89 -> 7 | B99: =$B$12&TEXT(A99,"00") -> 1010107 | C99: +មិនទាន់មានហិរញ្ញប្បទាន | L99: =IF(SUM(D99:K99)>0,"ok","-") -> -
A100: 8 | B100: =$B$12&TEXT(A100,"00") -> 1010108 | C100: =VLOOKUP($B100,[6]BSP1!$B$12:$D$207,3) -> ១.‌១.៦.៤.សកម្មភាពទី៤៖ ការតាមដាន និងវាយតម្លៃ ការវិនិយោគសាធារណៈ | D100: =D101+D104 -> 0 | E100: =E101+E104 -> 0 | F100: =F101+F104 -> 0 | G100: =G101+G104 -> 0 | H100: =H101+H104 -> 0 | I100: =I101+I104 -> 0 | J100: =J101+J104 -> 0 | K100: =K101+K104 -> 0 | L100: =IF(SUM(D100:K100)>0,"ok","-") -> -
C101: សរុបចំណាយចរន្ត | D101: =SUM(D102:D103) -> 0 | E101: =SUM(E102:E103) -> 0 | F101: =SUM(F102:F103) -> 0 | G101: =SUM(G102:G103) -> 0 | H101: =SUM(H102:H103) -> 0 | I101: =SUM(I102:I103) -> 0 | J101: =SUM(J102:J103) -> 0 | K101: =SUM(K102:K103) -> 0 | L101: =IF(SUM(D101:K101)>0,"ok","-") -> -
A102: =A100 -> 8 | B102: =$B$12&TEXT(A102,"00") -> 1010108 | C102: -បន្ទុកបុគ្គលិក | F102: =SUM(INDEX([6]PB8!$F$19:$T$336,[6]Costing!$K$19,'BSP4'!$A102)) -> 0 | L102: =IF(SUM(D102:K102)>0,"ok","-") -> -
A103: =A100 -> 8 | B103: =$B$12&TEXT(A103,"00") -> 1010108 | C103: -ក្រៅបន្ទុកបុគ្គលិក | F103: =SUM(INDEX([6]PB8!$F$19:$T$336,[6]Costing!$K$15,'BSP4'!$A103),INDEX([6]PB8!$F$19:$T$336,[6]Costing!$K$16,'BSP4'!$A103),INDEX([6]PB8!$F$19:$T$336,[6]Costing!$K$17,'BSP4'!$A103),INDEX([6]PB8!$F$19:$T$336,[6]Costing!$K$18,'BSP4'!$A103),INDEX([6]PB8!$F$19:$T$336,[6]Costing!$K$20,'BSP4'!$A103)) -> 0 | L103: =IF(SUM(D103:K103)>0,"ok","-") -> -
C104: សរុបចំណាយមូលធន | D104: =D105+D108 -> 0 | E104: =E105+E108 -> 0 | F104: =F105+F108 -> 0 | G104: =G105+G108 -> 0 | H104: =H105+H108 -> 0 | I104: =I105+I108 -> 0 | J104: =J105+J108 -> 0 | K104: =K105+K108 -> 0 | L104: =IF(SUM(D104:K104)>0,"ok","-") -> -
C105: -គម្រោងវិនិយោគ | D105: =SUM(D106:D107) -> 0 | E105: =SUM(E106:E107) -> 0 | F105: =SUM(F106:F107) -> 0 | G105: =SUM(G106:G107) -> 0 | H105: =SUM(H106:H107) -> 0 | I105: =SUM(I106:I107) -> 0 | J105: =SUM(J106:J107) -> 0 | K105: =SUM(K106:K107) -> 0 | L105: =IF(SUM(D105:K105)>0,"ok","-") -> -
A106: =A100 -> 8 | B106: =$B$12&TEXT(A106,"00") -> 1010108 | C106: +មានហិរញ្ញប្បទាន | L106: =IF(SUM(D106:K106)>0,"ok","-") -> -
...

Sheet BSP4B
C5: តារាង ៤ ខ : ពណ៌នាអំពីការគ្រោងចំណាយមូលធនសម្រាប់អនុកម្មវិធី
J6: តារាង ៤"ខ"
D7: កូដអនុកម្មវិធី | E7: =#REF! -> #REF! | J7: ឯកតា៖ លានរៀល
A10: Check | B10: កូដអង្គភាព | C10: ឈ្មោះគម្រោង តាមកម្មវិធី | D10: លេខ អនុកម្មវិធី | E10: បរិយាយគម្រោង | F10: ពន្យល់អំពីនិន្នាការមូលនិធិ លើសពីឆ្នាំថវិកា | G10: ច្បាប់ហិរញ្ញវត្ថុឆ្នាំ២០២២ | I10: គ្រោងឆ្នាំ២០២៣
G11: ថវិការដ្ឋ | H11: ថវិកាដៃគូអភិវឌ្ឍន៍ | I11: ថវិការដ្ឋ | J11: ថវិកាដៃគូអភិវឌ្ឍន៍
C12: សរុបរួមចំណាយមូលធន | G12: =G13 -> 0 | H12: =H13 -> 0 | I12: =I13 -> 0 | J12: =J13 -> 0 | K12: =IF(SUM(G12:J12)>0,"ok","-") -> -
C13: =#REF! -> #REF! | D13: =#REF! -> #REF! | G13: =SUM(G14:G19) -> 0 | H13: =SUM(H14:H19) -> 0 | I13: =SUM(I14:I19) -> 0 | J13: =SUM(J14:J19) -> 0 | K13: =IF(SUM(G13:J13)>0,"ok","-") -> -
C14: ឈ្មោះគម្រោង : ... | D14: =$D$13 -> #REF! | K14: =IF(SUM(G14:J14)>0,"ok","-") -> -
C15: ឈ្មោះគម្រោង : ... | D15: =$D$13 -> #REF! | K15: =IF(SUM(G15:J15)>0,"ok","-") -> -
C16: ឈ្មោះគម្រោង : ... | D16: =$D$13 -> #REF! | K16: =IF(SUM(G16:J16)>0,"ok","-") -> -
C17: ឈ្មោះគម្រោង : ... | D17: =$D$13 -> #REF! | K17: =IF(SUM(G17:J17)>0,"ok","-") -> -
C18: ឈ្មោះគម្រោង : ... | D18: =$D$13 -> #REF! | K18: =IF(SUM(G18:J18)>0,"ok","-") -> -
C19: ឈ្មោះគម្រោង : ... | D19: =$D$13 -> #REF! | K19: =IF(SUM(G19:J19)>0,"ok","-") -> -

Sheet Prog
C5: គម្រោងថវិកាឆ្នាំ២០២៣
C6: គោលបំណង និងការទទួលខុសត្រូវលើអនុកម្មវិធី
C7: =#REF! -> #REF!
E8: តារាងទី៥ (តារាង ៥"ក" ក្នុងសារាចររៀបចំគម្រោងថវិកាប្រចាំឆ្នាំ)
E9: ឯកតា៖ លានរៀល
A12: Check | B12: កូដកម្មវិធី | C12: បរិយាយកម្មវិធី និងអនុកម្មវិធី | D12: អង្គភាពទទួលខុសត្រូវ | E12: ការពណ៌នាគោលបំណង (អនុកម្មវិធី) (អាចដកស្រង់ចេញពីផែនការយុទ្ធសាស្ត្រថវិកា២០២២-២០២៤)
B13: =A14 -> #REF! | C13: ='BSP1'!D11 -> កម្មវិធីទី១ : ការគ្រប់គ្រងវិស័យសេដ្ឋកិច្ច | F13: =IF(AND(C13<>"",D13<>""),"ok","-") -> -
A14: =LEFT(B14,3) -> #REF! | B14: =#REF! -> #REF! | C14: =IF('BSP1'!D12<>"",'BSP1'!D12,"") -> ១.១. អនុកម្មវិធីទី១.១ : ការគ្រប់គ្រងគោលនយោបាយសេដ្ឋកិច្ច ហិរញ្ញវត្ថុ និងគោលនយោបាយតាមវិស័យផ្សេងៗ | D14: =IF('BSP1'!F12<>"",'BSP1'!F12,"") -> អគ្គនាយកដ្ឋានគោលនយោបាយ | F14: =IF(AND(C14<>"",D14<>""),"ok","-") -> ok
A15: =LEFT(B15,5) -> #REF! | B15: =$B$14&"01" -> #REF! | C15: =IF('BSP1'!D13<>"",'BSP1'!D13,"") -> ១.១.១. ចង្កោមសកម្មភាពទី១ : គាំទ្រ សម្របសម្រួល និងគ្រប់គ្រងការងាររដ្ឋបាលរបស់អគ្គនាយកដ្ឋាន | D15: =IF('BSP1'!F13<>"",'BSP1'!F13,"") -> លេខាធិការដ្ឋាន | F15: =IF(AND(C15<>"",D15<>""),"ok","-") -> ok
A16: =LEFT(B16,7) -> #REF! | B16: =B15&"01" -> #REF! | C16: =IF('BSP1'!D14<>"",'BSP1'!D14,"") -> ១.១.១.១. សកម្មភាពទី១ : បំពេញមុខជាលេខាធិការដ្ឋាន | D16: =IF('BSP1'!F14<>"",'BSP1'!F14,"") -> លេខាធិការដ្ឋាន | F16: =IF(AND(C16<>"",D16<>""),"ok","-") -> ok
A17: =LEFT(B17,7) -> #REF! | B17: =B15&"02" -> #REF! | C17: =IF('BSP1'!D15<>"",'BSP1'!D15,"") -> ១.១.១.២. សកម្មភាពទី២ : ​ចូលរួមកិច្ចប្រជុំផ្សេងៗ ក្នុងនិងក្រៅប្រទេសរបស់ឯកឧត្តមអគ្គនាយក | D17: =IF('BSP1'!F15<>"",'BSP1'!F15,"") -> លេខាធិការដ្ឋាន | F17: =IF(AND(C17<>"",D17<>""),"ok","-") -> ok
A18: =LEFT(B18,7) -> #REF! | B18: =B15&"03" -> #REF! | C18: =IF('BSP1'!D16<>"",'BSP1'!D16,"") -> ១.១.១.៣. សកម្មភាពទី៣ : | D18: =IF('BSP1'!F16<>"",'BSP1'!F16,"") | F18: =IF(AND(C18<>"",D18<>""),"ok","-") -> -
A19: =LEFT(B19,7) -> #REF! | B19: =B15&"04" -> #REF! | C19: =IF('BSP1'!D17<>"",'BSP1'!D17,"") -> ១.១.១.៤. សកម្មភាពទី៤ : | D19: =IF('BSP1'!F17<>"",'BSP1'!F17,"") | F19: =IF(AND(C19<>"",D19<>""),"ok","-") -> -
A20: =LEFT(B20,7) -> #REF! | B20: =B15&"05" -> #REF! | C20: =IF('BSP1'!D18<>"",'BSP1'!D18,"") -> ១.១.១.៥. សកម្មភាពទី៥ : | D20: =IF('BSP1'!F18<>"",'BSP1'!F18,"") | F20: =IF(AND(C20<>"",D20<>""),"ok","-") -> -
A21: =LEFT(B21,7) -> #REF! | B21: =B15&"06" -> #REF! | C21: =IF('BSP1'!D19<>"",'BSP1'!D19,"") -> ១.១.១.៦. សកម្មភាពទី៦ : | D21: =IF('BSP1'!F19<>"",'BSP1'!F19,"") | F21: =IF(AND(C21<>"",D21<>""),"ok","-") -> -
A22: =LEFT(B22,7) -> #REF! | B22: =B15&"07" -> #REF! | C22: =IF('BSP1'!D20<>"",'BSP1'!D20,"") -> ១.១.១.៧. សកម្មភាពទី៧ : | D22: =IF('BSP1'!F20<>"",'BSP1'!F20,"") | F22: =IF(AND(C22<>"",D22<>""),"ok","-") -> -
A23: =LEFT(B23,7) -> #REF! | B23: =B15&"08" -> #REF! | C23: =IF('BSP1'!D21<>"",'BSP1'!D21,"") -> ១.១.១.៨. សកម្មភាពទី៨ : ​ | D23: =IF('BSP1'!F21<>"",'BSP1'!F21,"") | F23: =IF(AND(C23<>"",D23<>""),"ok","-") -> -
A24: =LEFT(B24,7) -> #REF! | B24: =B15&"09" -> #REF! | C24: =IF('BSP1'!D22<>"",'BSP1'!D22,"") -> ១.១.១.៩. សកម្មភាពទី៩ : | D24: =IF('BSP1'!F22<>"",'BSP1'!F22,"") | F24: =IF(AND(C24<>"",D24<>""),"ok","-") -> -
A25: =LEFT(B25,7) -> #REF! | B25: =B15&"10" -> #REF! | C25: =IF('BSP1'!D23<>"",'BSP1'!D23,"") -> ១.១.១.១០. សកម្មភាពទី១០ : ​ | D25: =IF('BSP1'!F23<>"",'BSP1'!F23,"") | F25: =IF(AND(C25<>"",D25<>""),"ok","-") -> -
A26: =LEFT(B26,7) -> #REF! | B26: =B15&"11" -> #REF! | C26: =IF('BSP1'!D24<>"",'BSP1'!D24,"") -> ១.១.១.១១. សកម្មភាពទី១១ : | D26: =IF('BSP1'!F24<>"",'BSP1'!F24,"") | F26: =IF(AND(C26<>"",D26<>""),"ok","-") -> -
A27: =LEFT(B27,7) -> #REF! | B27: =B15&"12" -> #REF! | C27: =IF('BSP1'!D25<>"",'BSP1'!D25,"") -> ១.១.១.១២. សកម្មភាពទី១២ : ​ | D27: =IF('BSP1'!F25<>"",'BSP1'!F25,"") | F27: =IF(AND(C27<>"",D27<>""),"ok","-") -> -
A28: =LEFT(B28,5) -> #REF! | B28: =$B$14&"02" -> #REF! | C28: =IF('BSP1'!D26<>"",'BSP1'!D26,"") -> ១.១.២. ចង្កោមសកម្មភាពទី២ : រៀបចំ កែលម្អ ត្រួតពិនិត្យ និងវាយតម្លៃគោលនយោបាយម៉ាក្រូសេដ្ឋកិច្ច និងសារពើពន្ធ | D28: =IF('BSP1'!F26<>"",'BSP1'!F26,"") -> នាយកដ្ឋានគោលនយោ​បាយ​ម៉ាក្រូសេដ្ឋកិច្ច និងសារពើពន្ធ | F28: =IF(AND(C28<>"",D28<>""),"ok","-") -> ok
A29: =LEFT(B29,7) -> #REF! | B29: =B28&"01" -> #REF! | C29: =IF('BSP1'!D27<>"",'BSP1'!D27,"") -> ១.១.២.១. សកម្មភាពទី១ : ធ្វើការស្រាវជ្រាវលើវឌ្ឍនភាព និងបញ្ហា អភិវឌ្ឍន៍សេដ្ឋកិច្ច ហិរញ្ញវត្ថុ និងវិស័យសំខាន់ៗ | D29: =IF('BSP1'!F27<>"",'BSP1'!F27,"") -> ការិយាល័យស្រាវជ្រាវ | F29: =IF(AND(C29<>"",D29<>""),"ok","-") -> ok
A30: =LEFT(B30,7) -> #REF! | B30: =B28&"02" -> #REF! | C30: =IF('BSP1'!D28<>"",'BSP1'!D28,"") -> ១.១.២.២. សកម្មភាពទី២ : តាមដាន និងវាយតម្លៃការអនុវត្តគោលនយោបាយសារពើពន្ធ អនុលោមតាមគោលដៅយុទ្ធសាស្រ្តជាតិ | D30: =IF('BSP1'!F28<>"",'BSP1'!F28,"") -> ការិយាល័យវិភាគ និងព្យាករណ៍សារពើពន្ធ | F30: =IF(AND(C30<>"",D30<>""),"ok","-") -> ok
A31: =LEFT(B31,7) -> #REF! | B31: =B28&"03" -> #REF! | C31: =IF('BSP1'!D29<>"",'BSP1'!D29,"") -> ១.១.២.៣. សកម្មភាពទី៣ : តាមដាន និងវាយតម្លៃការអនុវត្តយុទ្ធសាស្រ្ត និងគោលនយោបាយពាក់ព័ន្ធនឹងវិស័យសេដ្ឋកិច្ច-សង្គម | D31: =IF('BSP1'!F29<>"",'BSP1'!F29,"") -> ការិយាល័យគោលនយោបាយសេដ្ឋកិច្ច | F31: =IF(AND(C31<>"",D31<>""),"ok","-") -> ok
A32: =LEFT(B32,7) -> #REF! | B32: =B28&"04" -> #REF! | C32: =IF('BSP1'!D30<>"",'BSP1'!D30,"") -> ១.១.២.៤. សកម្មភាពទី៤ : ពិនិត្យ តាមដាន និងវាយតម្លៃស្ថានភាពសេដ្ឋកិច្ច និងក្របខ័ណ្ឌម៉ាក្រូសេដ្ឋកិច្ចរយៈពេលមធ្យម | D32: =IF('BSP1'!F30<>"",'BSP1'!F30,"") -> ការិយាល័យវិភាគ និងព្យាករណ៍សេដ្ឋកិច្ច | F32: =IF(AND(C32<>"",D32<>""),"ok","-") -> ok
A33: =LEFT(B33,7) -> #REF! | B33: =B28&"05" -> #REF! | C33: =IF('BSP1'!D31<>"",'BSP1'!D31,"") -> ១.១.២.៥. សកម្មភាពទី៥ : តាមដាន និងវិភាគគោលនយោបាយហិរញ្ញវត្ថុសាធារណៈ | D33: =IF('BSP1'!F31<>"",'BSP1'!F31,"") -> ការិយាល័យគោលនយោបាយហិរញ្ញវត្ថុសាធារណៈ | F33: =IF(AND(C33<>"",D33<>""),"ok","-") -> ok
A34: =LEFT(B34,7) -> #REF! | B34: =B28&"06" -> #REF! | C34: =IF('BSP1'!D32<>"",'BSP1'!D32,"") -> ១.១.២.៦. សកម្មភាពទី៦ : ពង្រឹងសេវាគាំទ្រកិច្ចប្រតិបត្តិការ និងការងារសម្របសម្រួលសម្រាប់នាយកដ្ឋានគោលនយោបាយម៉ាក្រូសេដ្ឋកិច្ច និងសារពើពន្ធ | D34: =IF('BSP1'!F32<>"",'BSP1'!F32,"") -> ការិយាល័យកិច្ចការទូទៅ និងសម្របសម្រួល | F34: =IF(AND(C34<>"",D34<>""),"ok","-") -> ok
A35: =LEFT(B35,7) -> #REF! | B35: =B28&"07" -> #REF! | C35: =IF('BSP1'!D33<>"",'BSP1'!D33,"") -> ១.១.២.៧. សកម្មភាពទី៧ : | D35: =IF('BSP1'!F33<>"",'BSP1'!F33,"") | F35: =IF(AND(C35<>"",D35<>""),"ok","-") -> -
A36: =LEFT(B36,7) -> #REF! | B36: =B28&"08" -> #REF! | C36: =IF('BSP1'!D34<>"",'BSP1'!D34,"") -> ១.១.២.៨. សកម្មភាពទី៨ : ​ | D36: =IF('BSP1'!F34<>"",'BSP1'!F34,"") | F36: =IF(AND(C36<>"",D36<>""),"ok","-") -> -
A37: =LEFT(B37,7) -> #REF! | B37: =B28&"09" -> #REF! | C37: =IF('BSP1'!D35<>"",'BSP1'!D35,"") -> ១.១.២.៩. សកម្មភាពទី៩ : | D37: =IF('BSP1'!F35<>"",'BSP1'!F35,"") | F37: =IF(AND(C37<>"",D37<>""),"ok","-") -> -
A38: =LEFT(B38,7) -> #REF! | B38: =B28&"10" -> #REF! | C38: =IF('BSP1'!D36<>"",'BSP1'!D36,"") -> ១.១.២.១០. សកម្មភាពទី១០ : ​ | D38: =IF('BSP1'!F36<>"",'BSP1'!F36,"") | F38: =IF(AND(C38<>"",D38<>""),"ok","-") -> -
A39: =LEFT(B39,7) -> #REF! | B39: =B28&"11" -> #REF! | C39: =IF('BSP1'!D37<>"",'BSP1'!D37,"") -> ១.១.២.១១. សកម្មភាពទី១១ : | D39: =IF('BSP1'!F37<>"",'BSP1'!F37,"") | F39: =IF(AND(C39<>"",D39<>""),"ok","-") -> -
A40: =LEFT(B40,7) -> #REF! | B40: =B28&"12" -> #REF! | C40: =IF('BSP1'!D38<>"",'BSP1'!D38,"") -> ១.១.២.១២. សកម្មភាពទី១២ : ​ | D40: =IF('BSP1'!F38<>"",'BSP1'!F38,"") | F40: =IF(AND(C40<>"",D40<>""),"ok","-") -> -
A41: =LEFT(B41,5) -> #REF! | B41: =$B$14&"03" -> #REF! | C41: =IF('BSP1'!D39<>"",'BSP1'!D39,"") -> ១.១.៣. ចង្កោមសកម្មភាពទី៣ : លើកកម្ពស់ការងារស្ថិតិសេដ្ឋកិច្ចនិងហិរញ្ញវត្ថុសាធារណៈ | D41: =IF('BSP1'!F39<>"",'BSP1'!F39,"") -> នាយកដ្ឋានស្ថិតិ និងវិភាគសេដ្ឋកិច្ច | F41: =IF(AND(C41<>"",D41<>""),"ok","-") -> ok
A42: =LEFT(B42,7) -> #REF! | B42: =B41&"01" -> #REF! | C42: =IF('BSP1'!D40<>"",'BSP1'!D40,"") -> ១.‌១.៣.១.សកម្មភាពទី១៖ពង្រឹងការគ្រប់គ្រងកិច្ចការទូទៅ និងការសម្របសម្រួលផ្ទៃក្នុងនិងអន្តរទំនាក់ទំនង ដើម្បីបុរេសកម្មការងារ | D42: =IF('BSP1'!F40<>"",'BSP1'!F40,"") -> ការិយាល័យកិច្ចការទូទៅ និងសម្របសម្រួល | F42: =IF(AND(C42<>"",D42<>""),"ok","-") -> ok
A43: =LEFT(B43,7) -> #REF! | B43: =B41&"02" -> #REF! | C43: =IF('BSP1'!D41<>"",'BSP1'!D41,"") -> ១.‌១.៣.២.សកម្មភាពទី២៖ ពង្រឹងការរៀបចំចងក្រង តាមដាន វិភាគនិងផ្សព្វផ្សាយស្ថិតិប្រតិបត្តិការហិរញ្ញវត្ថុ (TOFE) និងស្តង់ដារស្ថិតិហិរញ្ញវត្ថុរដ្ឋាភិបាល (GFS) | D43: =IF('BSP1'!F41<>"",'BSP1'!F41,"") -> ការិយាល័យស្ថិតិហិរញ្ញវត្ថុសាធារណៈ | F43: =IF(AND(C43<>"",D43<>""),"ok","-") -> ok
A44: =LEFT(B44,7) -> #REF! | B44: =B41&"03" -> #REF! | C44: =IF('BSP1'!D42<>"",'BSP1'!D42,"") -> ១.១.៣.៣.សកម្មភាពទី៣៖​ ពង្រឹងការរៀបចំចងក្រង តាមដាន វិភាគនិងផ្សព្វផ្សាយស្ថិតិម៉ាក្រូសេដ្ឋកិច្ច | D44: =IF('BSP1'!F42<>"",'BSP1'!F42,"") -> ការិយាល័យស្ថិតិ និងវិភាគម៉ាក្រូសេដ្ឋកិច្ច | F44: =IF(AND(C44<>"",D44<>""),"ok","-") -> ok
A45: =LEFT(B45,7) -> #REF! | B45: =B41&"04" -> #REF! | C45: =IF('BSP1'!D43<>"",'BSP1'!D43,"") -> ១.‌១.៣.៤.សកម្មភាពទី៤៖ ពង្រឹងការរៀបចំចងក្រង តាមដាន វិភាគនិងផ្សព្វផ្សាយស្ថិតិសេដ្ឋកិច្ចតាមវិស័យ | D45: =IF('BSP1'!F43<>"",'BSP1'!F43,"") -> ការិយាល័យស្ថិតិ និងវិភាគសេដ្ឋកិច្ចតាមវិស័យ | F45: =IF(AND(C45<>"",D45<>""),"ok","-") -> ok
A46: =LEFT(B46,7) -> #REF! | B46: =B41&"05" -> #REF! | C46: =IF('BSP1'!D44<>"",'BSP1'!D44,"") -> ១.១.៣.៥.សកម្មភាពទី៥៖​ ពង្រឹងការរៀបចំចងក្រង តាមដាន វិភាគនិងផ្សព្វផ្សាយស្ថិតិថ្លៃទំនិញនិងសេវា | D46: =IF('BSP1'!F44<>"",'BSP1'!F44,"") -> ការិយាល័យតាមដានថ្លៃទំនិញ និងសេវា | F46: =IF(AND(C46<>"",D46<>""),"ok","-") -> ok
A47: =LEFT(B47,7) -> #REF! | B47: =B41&"06" -> #REF! | C47: =IF('BSP1'!D45<>"",'BSP1'!D45,"") -> ១.‌១.៣.៦.សកម្មភាពទី៦៖ ពង្រឹងការតាមដាន និងវិភាគនិន្នាការសេដ្ឋកិច្ច | D47: =IF('BSP1'!F45<>"",'BSP1'!F45,"") -> ការិយាល័យតាមដាន និងវិភាគនិន្នាការសេដ្ឋកិច្ច | F47: =IF(AND(C47<>"",D47<>""),"ok","-") -> ok
A48: =LEFT(B48,7) -> #REF! | B48: =B41&"07" -> #REF! | C48: =IF('BSP1'!D46<>"",'BSP1'!D46,"") -> ១.១.៣.៧. សកម្មភាពទី៧ : | D48: =IF('BSP1'!F46<>"",'BSP1'!F46,"") | F48: =IF(AND(C48<>"",D48<>""),"ok","-") -> -
A49: =LEFT(B49,7) -> #REF! | B49: =B41&"08" -> #REF! | C49: =IF('BSP1'!D47<>"",'BSP1'!D47,"") -> ១.១.៣.៨. សកម្មភាពទី៨ : ​ | D49: =IF('BSP1'!F47<>"",'BSP1'!F47,"") | F49: =IF(AND(C49<>"",D49<>""),"ok","-") -> -
A50: =LEFT(B50,7) -> #REF! | B50: =B41&"09" -> #REF! | C50: =IF('BSP1'!D48<>"",'BSP1'!D48,"") -> ១.១.៣.៩. សកម្មភាពទី៩ : | D50: =IF('BSP1'!F48<>"",'BSP1'!F48,"") | F50: =IF(AND(C50<>"",D50<>""),"ok","-") -> -
A51: =LEFT(B51,7) -> #REF! | B51: =B41&"10" -> #REF! | C51: =IF('BSP1'!D49<>"",'BSP1'!D49,"") -> ១.១.៣.១០. សកម្មភាពទី១០ : ​ | D51: =IF('BSP1'!F49<>"",'BSP1'!F49,"") | F51: =IF(AND(C51<>"",D51<>""),"ok","-") -> -
A52: =LEFT(B52,7) -> #REF! | B52: =B41&"11" -> #REF! | C52: =IF('BSP1'!D50<>"",'BSP1'!D50,"") -> ១.១.៣.១១. សកម្មភាពទី១១ : | D52: =IF('BSP1'!F50<>"",'BSP1'!F50,"") | F52: =IF(AND(C52<>"",D52<>""),"ok","-") -> -
A53: =LEFT(B53,7) -> #REF! | B53: =B41&"12" -> #REF! | C53: =IF('BSP1'!D51<>"",'BSP1'!D51,"") -> ១.១.៣.១២. សកម្មភាពទី១២ : ​ | D53: =IF('BSP1'!F51<>"",'BSP1'!F51,"") | F53: =IF(AND(C53<>"",D53<>""),"ok","-") -> -
A54: =LEFT(B54,5) -> #REF! | B54: =$B$14&"04" -> #REF! | C54: =IF('BSP1'!D52<>"",'BSP1'!D52,"") -> ១.១.៤. ចង្កោមសកម្មភាពទី៤ : លើកកម្ពស់កិច្ចការសមាហរណកម្មសេដ្ឋកិច្ច និងសហប្រតិបត្តិការហិរញ្ញវត្ថុនិងរូបិយវត្ថុ | D54: =IF('BSP1'!F52<>"",'BSP1'!F52,"") -> នាយកដ្ឋានសមាហរណកម្មសេដ្ឋកិច្ចនិងអាស៊ាន | F54: =IF(AND(C54<>"",D54<>""),"ok","-") -> ok
A55: =LEFT(B55,7) -> #REF! | B55: =B54&"01" -> #REF! | C55: =IF('BSP1'!D53<>"",'BSP1'!D53,"") -> ១.១.៤.១. សកម្មភាពទី១ : តាមដាន សម្របសម្រួល និងអនុវត្តយន្តការសហប្រតិបត្តិការហិរញ្ញវត្ថុ និងរូបិយវត្ថុអាស៊ាន និងជាមួយប្រទេសដៃគូ | D55: =IF('BSP1'!F53<>"",'BSP1'!F53,"") -> ការិយាល័យសហប្រតិបត្តិការហិរញ្ញវត្ថុ និងរូបិយវត្ថុ, ការិយាល័យអាស៊ីបូព៌ា | F55: =IF(AND(C55<>"",D55<>""),"ok","-") -> ok
A56: =LEFT(B56,7) -> #REF! | B56: =B54&"02" -> #REF! | C56: =IF('BSP1'!D54<>"",'BSP1'!D54,"") -> ១.១.៤.២. សកម្មភាពទី២ : តាមដាន សម្របសម្រួល និងអនុវត្តកិច្ចព្រមព្រៀងពាណិជ្ជកម្មសេរី អាស៊ាន និងជាមួយប្រទេសដៃគូ | D56: =IF('BSP1'!F54<>"",'BSP1'!F54,"") -> ការិយាល័យអាស៊ាន, ការិយាល័យអូសេអានី អាស៊ីកណ្តាល និងអាស៊ីខាងត្បូង,ការិយាល័យអ៊ឺរ៉ុប អាមេរិក និងអាហ្វ្រិក | F56: =IF(AND(C56<>"",D56<>""),"ok","-") -> ok
A57: =LEFT(B57,7) -> #REF! | B57: =B54&"03" -> #REF! | C57: =IF('BSP1'!D55<>"",'BSP1'!D55,"") -> ១.១.៤.៣. សកម្មភាពទី៣ : តាមដាន សម្របសម្រួល និងអនុវត្តការងារពាក់ព័ន្ធនានាក្នុងនាមជាលេខាធិការដ្ឋានរបស់គណៈកម្មាធិការជាតិសម្រាប់វិធានការមិនមែនពន្ធនិងនិហិតដ្ឋានជាតិព័ត៌មានពាក់ព័ន្ធនឹងពាណិជ្ជកម្ម | D57: =IF('BSP1'!F55<>"",'BSP1'!F55,"") -> ការិយាល័យអាស៊ាន, ការិយាល័យអូសេអានី អាស៊ីកណ្តាល និងអាស៊ីខាងត្បូង,ការិយាល័យអ៊ឺរ៉ុប អាមេរិក និងអាហ្វ្រិក | F57: =IF(AND(C57<>"",D57<>""),"ok","-") -> ok
A58: =LEFT(B58,7) -> #REF! | B58: =B54&"04" -> #REF! | C58: =IF('BSP1'!D56<>"",'BSP1'!D56,"") -> ១.១.៤.៤. សកម្មភាពទី៤ : រៀបចំ (១)សិក្ខាសាលាផ្សព្វផ្សាយស្តីពីការអនុវត្តកិច្ចព្រមព្រៀងពាណិជ្ជកម្មសេរីអាស៊ាន និងអាស៊ានជាមួយដៃគូ និង (២)សិក្ខាសាលាជាតិស្តីពីការងារពាក់ព័ន្ធនឹងគណៈកម្មាធិការជាតិសម្រាប់វិធានការមិនមែនពន្ធ និងនិហិតដ្ឋានជាតិព័ត៌មានពាក់ព័ន្ធនឹងពាណិជ្ជកម្ម | D58: =IF('BSP1'!F56<>"",'BSP1'!F56,"") -> ការិយាល័យអាស៊ាន, ការិយាល័យអូសេអានី អាស៊ីកណ្តាល និងអាស៊ីខាងត្បូង,ការិយាល័យអ៊ឺរ៉ុប អាមេរិក និងអាហ្វ្រិក | F58: =IF(AND(C58<>"",D58<>""),"ok","-") -> ok
A59: =LEFT(B59,7) -> #REF! | B59: =B54&"05" -> #REF! | C59: =IF('BSP1'!D57<>"",'BSP1'!D57,"") -> ១.១.៤.៥. សកម្មភាពទី៥ : | D59: =IF('BSP1'!F57<>"",'BSP1'!F57,"") | F59: =IF(AND(C59<>"",D59<>""),"ok","-") -> -
A60: =LEFT(B60,7) -> #REF! | B60: =B54&"06" -> #REF! | C60: =IF('BSP1'!D58<>"",'BSP1'!D58,"") -> ១.១.៤.៦. សកម្មភាពទី៦ : | D60: =IF('BSP1'!F58<>"",'BSP1'!F58,"") | F60: =IF(AND(C60<>"",D60<>""),"ok","-") -> -
A61: =LEFT(B61,7) -> #REF! | B61: =B54&"07" -> #REF! | C61: =IF('BSP1'!D59<>"",'BSP1'!D59,"") -> ១.១.៤.៧. សកម្មភាពទី៧ : | D61: =IF('BSP1'!F59<>"",'BSP1'!F59,"") | F61: =IF(AND(C61<>"",D61<>""),"ok","-") -> -
A62: =LEFT(B62,7) -> #REF! | B62: =B54&"08" -> #REF! | C62: =IF('BSP1'!D60<>"",'BSP1'!D60,"") -> ១.១.៤.៨. សកម្មភាពទី៨ : ​ | D62: =IF('BSP1'!F60<>"",'BSP1'!F60,"") | F62: =IF(AND(C62<>"",D62<>""),"ok","-") -> -
A63: =LEFT(B63,7) -> #REF! | B63: =B54&"09" -> #REF! | C63: =IF('BSP1'!D61<>"",'BSP1'!D61,"") -> ១.១.៤.៩. សកម្មភាពទី៩ : | D63: =IF('BSP1'!F61<>"",'BSP1'!F61,"") | F63: =IF(AND(C63<>"",D63<>""),"ok","-") -> -
A64: =LEFT(B64,7) -> #REF! | B64: =B54&"10" -> #REF! | C64: =IF('BSP1'!D62<>"",'BSP1'!D62,"") -> ១.១.៤.១០. សកម្មភាពទី១០ : ​ | D64: =IF('BSP1'!F62<>"",'BSP1'!F62,"") | F64: =IF(AND(C64<>"",D64<>""),"ok","-") -> -
A65: =LEFT(B65,7) -> #REF! | B65: =B54&"11" -> #REF! | C65: =IF('BSP1'!D63<>"",'BSP1'!D63,"") -> ១.១.៤.១១. សកម្មភាពទី១១ : | D65: =IF('BSP1'!F63<>"",'BSP1'!F63,"") | F65: =IF(AND(C65<>"",D65<>""),"ok","-") -> -
A66: =LEFT(B66,7) -> #REF! | B66: =B54&"12" -> #REF! | C66: =IF('BSP1'!D64<>"",'BSP1'!D64,"") -> ១.១.៤.១២. សកម្មភាពទី១២ : ​ | D66: =IF('BSP1'!F64<>"",'BSP1'!F64,"") | F66: =IF(AND(C66<>"",D66<>""),"ok","-") -> -
A67: =LEFT(B67,5) -> #REF! | B67: =$B$14&"05" -> #REF! | C67: =IF('BSP1'!D65<>"",'BSP1'!D65,"") -> ១.១.៥. ចង្កោមសកម្មភាពទី ៥ : លើកកម្ពស់គោលនយោបាយលើវិស័យសេដ្ឋកិច្ចថ្មី | D67: =IF('BSP1'!F65<>"",'BSP1'!F65,"") -> នាយកដ្ឋានសេដ្ឋកិច្ចថ្មី | F67: =IF(AND(C67<>"",D67<>""),"ok","-") -> ok
A68: =LEFT(B68,7) -> #REF! | B68: =B67&"01" -> #REF! | C68: =IF('BSP1'!D66<>"",'BSP1'!D66,"") -> ១.១.៥.១. សកម្មភាពទី១ :សិក្សាពាក់ព័ន្ធការកំណត់ និងការលើកកម្ពស់ប្រភពកំណើនថ្មី និងការគិតគូរជាយុទ្ធសាស្ត្ររយៈពេលវែង | D68: =IF('BSP1'!F66<>"",'BSP1'!F66,"") -> ការិយាល័យវិភាគជាយុទ្ធសាស្ត្រទស្សនវិស័យអនាគត | F68: =IF(AND(C68<>"",D68<>""),"ok","-") -> ok
A69: =LEFT(B69,7) -> #REF! | B69: =B67&"02" -> #REF! | C69: =IF('BSP1'!D67<>"",'BSP1'!D67,"") -> ១.១.៥.២. សកម្មភាពទី២ : សិក្សាពាក់ព័ន្ធសេដ្ឋកិច្ចបៃតង និង ការលើកកម្ពស់ការប្រើប្រាស់ថាមពលបៃតង និងប្រសិទ្ធភាពថាមពល | D69: =IF('BSP1'!F67<>"",'BSP1'!F67,"") -> ការិយាល័យគោលនយោបាយសេដ្ឋកិច្ចបៃតង | F69: =IF(AND(C69<>"",D69<>""),"ok","-") -> ok
A70: =LEFT(B70,7) -> #REF! | B70: =B67&"03" -> #REF! | C70: =IF('BSP1'!D68<>"",'BSP1'!D68,"") -> ១.១.៥.៣. សកម្មភាពទី៣ : សិក្សាពាក់ព័ន្ធនឹងសេដ្ឋកិច្ចឌីជីថល និងការជំរុញការអនុវត្ត​បរិវត្តកម្មឌីជីថល | D70: =IF('BSP1'!F68<>"",'BSP1'!F68,"") -> ការិយាល័យគោលនយោបាយសេដ្ឋកិច្ចឌីជីថល | F70: =IF(AND(C70<>"",D70<>""),"ok","-") -> ok
A71: =LEFT(B71,7) -> #REF! | B71: =B67&"04" -> #REF! | C71: =IF('BSP1'!D69<>"",'BSP1'!D69,"") -> ១.១.៥.៤. សកម្មភាពទី៤ :ការអនុវត្តគម្រោងមូលនិធិអភិវឌ្ឍន៍ជំនាញ (SDF)និង “មូលនិធិអភិវឌ្ឍន៍សហគ្រិនភាព (EDF)” | D71: =IF('BSP1'!F69<>"",'BSP1'!F69,"") -> ការិយាល័យ គោលនយោបាយសហគ្រិនភាពនិងជំនាញ | F71: =IF(AND(C71<>"",D71<>""),"ok","-") -> ok
A72: =LEFT(B72,7) -> #REF! | B72: =B67&"05" -> #REF! | C72: =IF('BSP1'!D70<>"",'BSP1'!D70,"") -> ១.១.៥.៥. សកម្មភាពទី៥ :ការតាមដានការអនុវត្តគោលនយោបាយនិងយុទ្ធសាស្ត្រពាក់ព័ន្ធ​​នឹងការលើកទឹកចិត្តសារពើពន្ធ និងមិនមែនសារពើពន្ធដើម្បីជំរុញកំណើនសេដ្ឋកិច្ច | D72: =IF('BSP1'!F70<>"",'BSP1'!F70,"") -> ការិយាល័យគោលនយោបាយលើកទឹកចិត្តវិនិយោគ | F72: =IF(AND(C72<>"",D72<>""),"ok","-") -> ok
A73: =LEFT(B73,7) -> #REF! | B73: =B67&"06" -> #REF! | C73: =IF('BSP1'!D71<>"",'BSP1'!D71,"") -> ១.១.៥.៦. សកម្មភាពទី៦ : ពង្រឹងសេវាគាំទ្រកិច្ចប្រតិបត្តិការ និងការងារសម្របសម្រួល | D73: =IF('BSP1'!F71<>"",'BSP1'!F71,"") -> ការិយាល័យកិច្ចការទូទៅ និងសម្របសម្រួល | F73: =IF(AND(C73<>"",D73<>""),"ok","-") -> ok
A74: =LEFT(B74,7) -> #REF! | B74: =B67&"07" -> #REF! | C74: =IF('BSP1'!D72<>"",'BSP1'!D72,"") -> ១.១.៥.៧. សកម្មភាពទី៧ : | D74: =IF('BSP1'!F72<>"",'BSP1'!F72,"") | F74: =IF(AND(C74<>"",D74<>""),"ok","-") -> -
A75: =LEFT(B75,7) -> #REF! | B75: =B67&"08" -> #REF! | C75: =IF('BSP1'!D73<>"",'BSP1'!D73,"") -> ១.១.៥.៨. សកម្មភាពទី៨ : ​ | D75: =IF('BSP1'!F73<>"",'BSP1'!F73,"") | F75: =IF(AND(C75<>"",D75<>""),"ok","-") -> -
A76: =LEFT(B76,7) -> #REF! | B76: =B67&"09" -> #REF! | C76: =IF('BSP1'!D74<>"",'BSP1'!D74,"") -> ១.១.៥.៩. សកម្មភាពទី៩ : | D76: =IF('BSP1'!F74<>"",'BSP1'!F74,"") | F76: =IF(AND(C76<>"",D76<>""),"ok","-") -> -
A77: =LEFT(B77,7) -> #REF! | B77: =B67&"10" -> #REF! | C77: =IF('BSP1'!D75<>"",'BSP1'!D75,"") -> ១.១.៥.១០. សកម្មភាពទី១០ : ​ | D77: =IF('BSP1'!F75<>"",'BSP1'!F75,"") | F77: =IF(AND(C77<>"",D77<>""),"ok","-") -> -
A78: =LEFT(B78,7) -> #REF! | B78: =B67&"11" -> #REF! | C78: =IF('BSP1'!D76<>"",'BSP1'!D76,"") -> ១.១.៥.១១. សកម្មភាពទី១១ : | D78: =IF('BSP1'!F76<>"",'BSP1'!F76,"") | F78: =IF(AND(C78<>"",D78<>""),"ok","-") -> -
A79: =LEFT(B79,7) -> #REF! | B79: =B67&"12" -> #REF! | C79: =IF('BSP1'!D77<>"",'BSP1'!D77,"") -> ១.១.៥.១២. សកម្មភាពទី១២ : ​ | D79: =IF('BSP1'!F77<>"",'BSP1'!F77,"") | F79: =IF(AND(C79<>"",D79<>""),"ok","-") -> -
A80: =LEFT(B80,5) -> #REF! | B80: =$B$14&"06" -> #REF! | C80: =IF('BSP1'!D78<>"",'BSP1'!D78,"") -> ១.១.៦. ចង្កោមសកម្មភាពទី ៦ : រៀបចំ តាមដាន និងវាយតម្លៃ គោលនយោបាយពាក់ព័ន្ធនឹងប្រសិទ្ធភាពចំណាយ | D80: =IF('BSP1'!F78<>"",'BSP1'!F78,"") -> នាយកដ្ឋានប្រសិទ្ធភាពចំណាយ | F80: =IF(AND(C80<>"",D80<>""),"ok","-") -> ok
A81: =LEFT(B81,7) -> #REF! | B81: =B80&"01" -> #REF! | C81: =IF('BSP1'!D79<>"",'BSP1'!D79,"") -> ១.‌១.៦.១.សកម្មភាពទី១៖ការគ្រប់គ្រងកិច្ចការទូទៅ និងសម្របសម្រួល | D81: =IF('BSP1'!F79<>"",'BSP1'!F79,"") -> ការិយាល័យកិច្ចការទូទៅ និងសម្របសម្រួល | F81: =IF(AND(C81<>"",D81<>""),"ok","-") -> ok
A82: =LEFT(B82,7) -> #REF! | B82: =B80&"02" -> #REF! | C82: =IF('BSP1'!D80<>"",'BSP1'!D80,"") -> ១.‌១.៦.២.សកម្មភាពទី២៖ ការរៀបចំ ចងក្រង តាមដាន វិភាគនិងផ្សព្វផ្សាយបញ្ជីថ្លៃទំនិញ និងសេវា ព្រមទាំងកំណត់ស្តង់ដារថ្លៃទំនិញនិងសេវា សម្រាប់ប្រើប្រាស់ក្នុងចំណាយសាធារណៈ | D82: =IF('BSP1'!F80<>"",'BSP1'!F80,"") -> ការិយាល័យ ស្តង់ដារថ្លៃ និង ថ្លៃដើម | F82: =IF(AND(C82<>"",D82<>""),"ok","-") -> ok
A83: =LEFT(B83,7) -> #REF! | B83: =B80&"03" -> #REF! | C83: =IF('BSP1'!D81<>"",'BSP1'!D81,"") -> ១.១.៦.៣.សកម្មភាពទី៣៖ការវិភាគ និងវាយតម្លៃ លើសំណើគម្រោង | D83: =IF('BSP1'!F81<>"",'BSP1'!F81,"") -> ការិយាល័យ វិភាគ និងវាយតម្លៃគម្រោង | F83: =IF(AND(C83<>"",D83<>""),"ok","-") -> ok
A84: =LEFT(B84,7) -> #REF! | B84: =B80&"04" -> #REF! | C84: =IF('BSP1'!D82<>"",'BSP1'!D82,"") -> ១.‌១.៦.៤.សកម្មភាពទី៤៖ ការតាមដាន និងវាយតម្លៃ ការវិនិយោគសាធារណៈ | D84: =IF('BSP1'!F82<>"",'BSP1'!F82,"") -> ការិយាល័យ តាមដាន និងវាយតម្លៃ វិនិយោគសាធារណៈ | F84: =IF(AND(C84<>"",D84<>""),"ok","-") -> ok
A85: =LEFT(B85,7) -> #REF! | B85: =B80&"05" -> #REF! | C85: =IF('BSP1'!D83<>"",'BSP1'!D83,"") -> ១.‌១.៦.៥.សកម្មភាពទី៥៖ ការរៀបចំគោលនយោបាយ និងយុទ្ធសាស្រ្តវិនិយោគសាធារណៈ | D85: =IF('BSP1'!F83<>"",'BSP1'!F83,"") -> ការិយាល័យ យុទ្ធសាស្រ្តវិនិយោគសាធារណៈ | F85: =IF(AND(C85<>"",D85<>""),"ok","-") -> ok
A86: =LEFT(B86,7) -> #REF! | B86: =B80&"06" -> #REF! | C86: =IF('BSP1'!D84<>"",'BSP1'!D84,"") -> ១.‌១.៦.៤.សកម្មភាពទី៤៖ ការតាមដាន និងវាយតម្លៃ ការវិនិយោគសាធារណៈ | D86: =IF('BSP1'!F84<>"",'BSP1'!F84,"") | F86: =IF(AND(C86<>"",D86<>""),"ok","-") -> -
A87: =LEFT(B87,7) -> #REF! | B87: =B80&"07" -> #REF! | C87: =IF('BSP1'!D85<>"",'BSP1'!D85,"") -> ១.‌១.៦.៤.សកម្មភាពទី៤៖ ការតាមដាន និងវាយតម្លៃ ការវិនិយោគសាធារណៈ | D87: =IF('BSP1'!F85<>"",'BSP1'!F85,"") | F87: =IF(AND(C87<>"",D87<>""),"ok","-") -> -
A88: =LEFT(B88,7) -> #REF! | B88: =B80&"08" -> #REF! | C88: =IF('BSP1'!D86<>"",'BSP1'!D86,"") -> ១.‌១.៦.៤.សកម្មភាពទី៤៖ ការតាមដាន និងវាយតម្លៃ ការវិនិយោគសាធារណៈ | D88: =IF('BSP1'!F86<>"",'BSP1'!F86,"") | F88: =IF(AND(C88<>"",D88<>""),"ok","-") -> -
A89: =LEFT(B89,7) -> #REF! | B89: =B80&"09" -> #REF! | C89: =IF('BSP1'!D87<>"",'BSP1'!D87,"") -> ១.‌១.៦.៤.សកម្មភាពទី៤៖ ការតាមដាន និងវាយតម្លៃ ការវិនិយោគសាធារណៈ | D89: =IF('BSP1'!F87<>"",'BSP1'!F87,"") | F89: =IF(AND(C89<>"",D89<>""),"ok","-") -> -
A90: =LEFT(B90,7) -> #REF! | B90: =B80&"10" -> #REF! | C90: =IF('BSP1'!D88<>"",'BSP1'!D88,"") -> ១.‌១.៦.៤.សកម្មភាពទី៤៖ ការតាមដាន និងវាយតម្លៃ ការវិនិយោគសាធារណៈ | D90: =IF('BSP1'!F88<>"",'BSP1'!F88,"") | F90: =IF(AND(C90<>"",D90<>""),"ok","-") -> -
A91: =LEFT(B91,7) -> #REF! | B91: =B80&"11" -> #REF! | C91: =IF('BSP1'!D89<>"",'BSP1'!D89,"") -> ១.‌១.៦.៤.សកម្មភាពទី៤៖ ការតាមដាន និងវាយតម្លៃ ការវិនិយោគសាធារណៈ | D91: =IF('BSP1'!F89<>"",'BSP1'!F89,"") | F91: =IF(AND(C91<>"",D91<>""),"ok","-") -> -
A92: =LEFT(B92,7) -> #REF! | B92: =B80&"12" -> #REF! | C92: =IF('BSP1'!D90<>"",'BSP1'!D90,"") -> ១.‌១.៦.៤.សកម្មភាពទី៤៖ ការតាមដាន និងវាយតម្លៃ ការវិនិយោគសាធារណៈ | D92: =IF('BSP1'!F90<>"",'BSP1'!F90,"") | F92: =IF(AND(C92<>"",D92<>""),"ok","-") -> -
A93: =LEFT(B93,5) -> #REF! | B93: =$B$14&"07" -> #REF! | C93: =IF('BSP1'!D91<>"",'BSP1'!D91,"") -> ១.‌១.៦.៤.សកម្មភាពទី៤៖ ការតាមដាន និងវាយតម្លៃ ការវិនិយោគសាធារណៈ | D93: =IF('BSP1'!F91<>"",'BSP1'!F91,"") | F93: =IF(AND(C93<>"",D93<>""),"ok","-") -> -
A94: =LEFT(B94,7) -> #REF! | B94: =B93&"01" -> #REF! | C94: =IF('BSP1'!D92<>"",'BSP1'!D92,"") -> ១.‌១.៦.៤.សកម្មភាពទី៤៖ ការតាមដាន និងវាយតម្លៃ ការវិនិយោគសាធារណៈ | D94: =IF('BSP1'!F92<>"",'BSP1'!F92,"") | F94: =IF(AND(C94<>"",D94<>""),"ok","-") -> -
A95: =LEFT(B95,7) -> #REF! | B95: =B93&"02" -> #REF! | C95: =IF('BSP1'!D93<>"",'BSP1'!D93,"") -> ១.‌១.៦.៤.សកម្មភាពទី៤៖ ការតាមដាន និងវាយតម្លៃ ការវិនិយោគសាធារណៈ | D95: =IF('BSP1'!F93<>"",'BSP1'!F93,"") | F95: =IF(AND(C95<>"",D95<>""),"ok","-") -> -
A96: =LEFT(B96,7) -> #REF! | B96: =B93&"03" -> #REF! | C96: =IF('BSP1'!D94<>"",'BSP1'!D94,"") -> ១.‌១.៦.៤.សកម្មភាពទី៤៖ ការតាមដាន និងវាយតម្លៃ ការវិនិយោគសាធារណៈ | D96: =IF('BSP1'!F94<>"",'BSP1'!F94,"") | F96: =IF(AND(C96<>"",D96<>""),"ok","-") -> -
A97: =LEFT(B97,7) -> #REF! | B97: =B93&"04" -> #REF! | C97: =IF('BSP1'!D95<>"",'BSP1'!D95,"") -> ១.‌១.៦.៤.សកម្មភាពទី៤៖ ការតាមដាន និងវាយតម្លៃ ការវិនិយោគសាធារណៈ | D97: =IF('BSP1'!F95<>"",'BSP1'!F95,"") | F97: =IF(AND(C97<>"",D97<>""),"ok","-") -> -
A98: =LEFT(B98,7) -> #REF! | B98: =B93&"05" -> #REF! | C98: =IF('BSP1'!D96<>"",'BSP1'!D96,"") -> ១.‌១.៦.៤.សកម្មភាពទី៤៖ ការតាមដាន និងវាយតម្លៃ ការវិនិយោគសាធារណៈ | D98: =IF('BSP1'!F96<>"",'BSP1'!F96,"") | F98: =IF(AND(C98<>"",D98<>""),"ok","-") -> -
A99: =LEFT(B99,7) -> #REF! | B99: =B93&"06" -> #REF! | C99: =IF('BSP1'!D97<>"",'BSP1'!D97,"") -> ១.‌១.៦.៤.សកម្មភាពទី៤៖ ការតាមដាន និងវាយតម្លៃ ការវិនិយោគសាធារណៈ | D99: =IF('BSP1'!F97<>"",'BSP1'!F97,"") | F99: =IF(AND(C99<>"",D99<>""),"ok","-") -> -
A100: =LEFT(B100,7) -> #REF! | B100: =B93&"07" -> #REF! | C100: =IF('BSP1'!D98<>"",'BSP1'!D98,"") -> ១.‌១.៦.៤.សកម្មភាពទី៤៖ ការតាមដាន និងវាយតម្លៃ ការវិនិយោគសាធារណៈ | D100: =IF('BSP1'!F98<>"",'BSP1'!F98,"") | F100: =IF(AND(C100<>"",D100<>""),"ok","-") -> -
A101: =LEFT(B101,7) -> #REF! | B101: =B93&"08" -> #REF! | C101: =IF('BSP1'!D99<>"",'BSP1'!D99,"") -> ១.‌១.៦.៤.សកម្មភាពទី៤៖ ការតាមដាន និងវាយតម្លៃ ការវិនិយោគសាធារណៈ | D101: =IF('BSP1'!F99<>"",'BSP1'!F99,"") | F101: =IF(AND(C101<>"",D101<>""),"ok","-") -> -
A102: =LEFT(B102,7) -> #REF! | B102: =B93&"09" -> #REF! | C102: =IF('BSP1'!D100<>"",'BSP1'!D100,"") -> ១.‌១.៦.៤.សកម្មភាពទី៤៖ ការតាមដាន និងវាយតម្លៃ ការវិនិយោគសាធារណៈ | D102: =IF('BSP1'!F100<>"",'BSP1'!F100,"") | F102: =IF(AND(C102<>"",D102<>""),"ok","-") -> -
A103: =LEFT(B103,7) -> #REF! | B103: =B93&"10" -> #REF! | C103: =IF('BSP1'!D101<>"",'BSP1'!D101,"") -> ១.‌១.៦.៤.សកម្មភាពទី៤៖ ការតាមដាន និងវាយតម្លៃ ការវិនិយោគសាធារណៈ | D103: =IF('BSP1'!F101<>"",'BSP1'!F101,"") | F103: =IF(AND(C103<>"",D103<>""),"ok","-") -> -
A104: =LEFT(B104,7) -> #REF! | B104: =B93&"11" -> #REF! | C104: =IF('BSP1'!D102<>"",'BSP1'!D102,"") -> ១.‌១.៦.៤.សកម្មភាពទី៤៖ ការតាមដាន និងវាយតម្លៃ ការវិនិយោគសាធារណៈ | D104: =IF('BSP1'!F102<>"",'BSP1'!F102,"") | F104: =IF(AND(C104<>"",D104<>""),"ok","-") -> -
A105: =LEFT(B105,7) -> #REF! | B105: =B93&"12" -> #REF! | C105: =IF('BSP1'!D103<>"",'BSP1'!D103,"") -> ១.‌១.៦.៤.សកម្មភាពទី៤៖ ការតាមដាន និងវាយតម្លៃ ការវិនិយោគសាធារណៈ | D105: =IF('BSP1'!F103<>"",'BSP1'!F103,"") | F105: =IF(AND(C105<>"",D105<>""),"ok","-") -> -
A106: =LEFT(B106,5) -> #REF! | B106: =$B$14&"08" -> #REF! | C106: =IF('BSP1'!D104<>"",'BSP1'!D104,"") -> ១.‌១.៦.៤.សកម្មភាពទី៤៖ ការតាមដាន និងវាយតម្លៃ ការវិនិយោគសាធារណៈ | D106: =IF('BSP1'!F104<>"",'BSP1'!F104,"") | F106: =IF(AND(C106<>"",D106<>""),"ok","-") -> -
...

Sheet Table11A-Full
